MediaId,Title,Artists,SecondaryCategory,Intro,Extro,FirstReleaseYear,Ending
67,Love All <Clean>,"Drake, Jay-Z",,00:00:00,03:37.0,2021,
68,Messin' wit' D <Clean>,DMX,,00:00:00,02:17.9,1998,
69,Tim Harrison Tune In Jingle Full,,,00:00:00,00:07.6,,
70,Automatic,Jack Harlow,,00:00:00,03:01.5,2020,
71,Captain Save Them Thoe,"E-40, The Click",,00:00:00,04:47.2,1994,
72,P.I.M.P.,50 Cent,,00:00:00,04:07.7,2003,
73,Hear That,"Gorgon City, D Double E",,00:00:00,03:34.9,2018,
78,Whats Poppin <Remix>,"Jack Harlow, DaBaby, Tory Lanez, Lil Wayne",,00:00:00,03:45.0,2020,
79,Thru the Night,"Jack Harlow, Bryson Tiller",,00:00:00,02:02.9,2019,
102,Started from the Bottom,Drake,,00:00:00,02:44.7,2013,
103,Orange Soda,Baby Keem,,00:00:00,02:08.8,2019,
104,Nun Free,"Jack Harlow, 2forwOyNe",,00:00:00,03:20.2,2018,
123,Mockingbird Valley,"DJ Drama, Jack Harlow",,00:00:00,02:32.7,2023,
124,Just a Lil Bit,50 Cent,,00:00:00,03:49.4,2005,
125,Is That Ight?,Jack Harlow,,00:00:00,01:55.3,2023,
126,I Wanna See Some...,"Jack Harlow, JetsonMade",,00:00:00,02:04.5,2020,
147,Got Me Thinking,Jack Harlow,,00:00:00,03:54.9,2016,
148,Denver,Jack Harlow,,00:00:00,02:33.5,2023,
174,Common Ground,Jack Harlow,,00:00:00,01:39.6,2023,
175,Ambitious,Jack Harlow,,00:00:00,02:50.6,2023,
179,One Minute Man <Remix>,"Missy Elliott, Jay-Z",,00:00:00,04:28.4,2001,
192,Marvins Room,Drake,,00:00:00,05:32.4,2011,
193,Portland,"Drake, Quavo, Travis Scott",,00:00:00,03:55.7,2017,
194,Hello,"Ice Cube, Dr. Dre, MC Ren",,00:00:00,03:49.1,2000,
195,Dead Presidents II,Jay-Z,,00:00:00,04:13.3,1996,
196,Moonlight,Kali Uchis,,00:00:00,03:05.1,2023,
197,Work It <Remix>,"Missy Elliott, 50 Cent",,00:00:00,05:03.5,2002,
198,Work It,Missy Elliott,,00:00:00,04:21.2,2002,
199,Voy a Llevarte Pa' PR,Bad Bunny,,00:00:00,02:35.8,2025,
281,Tití Me Preguntó,Bad Bunny,,00:00:00,03:58.7,2022,
282,She Wants to Move,N.E.R.D.,,00:00:00,03:25.9,2004,
283,Rock Star,N.E.R.D.,,00:00:00,04:17.3,2001,
284,Eoo,Bad Bunny,,00:00:00,03:22.3,2025,
285,DTMF,Bad Bunny,,00:00:00,03:56.4,2025,
286,Muñekita,"Kali Uchis, El Alfa, JT",,00:00:00,03:35.7,2024,
287,Voodoo People <Pendulum Mix>,"The Prodigy, Pendulum, Audio Bullys",,00:00:00,04:58.1,2005,
294,Shoop,Salt-N-Pepa,,00:00:00,03:57.4,1993,
295,Get Up,"Nate Dogg, Eve",,00:00:00,03:47.2,2003,
296,Lapdance,"N.E.R.D., Lee Harvey, Vita",,00:00:00,03:27.5,2001,
297,Don't Worry About It,N.E.R.D.,,00:00:00,03:39.3,2004,
298,Nuevayol,Bad Bunny,,00:00:00,03:03.0,2025,
299,Maybe,N.E.R.D.,,00:00:00,04:16.0,2004,
307,Baile Inolvidable,Bad Bunny,,00:00:00,06:04.7,2025,
310,Top Shotter <Clean>,"DMX, Sean Paul, Mr. Vegas",,00:00:00,03:14.7,1998,
311,What's My Name? <Clean>,DMX,,00:00:00,03:47.4,1999,
331,Love/Hate,Relationship,,00:00:00,02:19.6,,
334,Shoop,Salt-N-Pepa,,00:00:00,03:57.4,1993,
341,Get Up,"Nate Dogg, Eve",,00:00:00,03:47.2,2003,
342,Work It <Remix>,"Missy Elliott, 50 Cent",,00:00:00,05:03.5,2002,
343,Rock Star,N.E.R.D.,,00:00:00,04:17.3,2001,
344,DTMF,Bad Bunny,,00:00:00,03:56.4,2025,
345,Mayor of Islington,Tayz,,00:00:00,02:07.9,2021,
346,Die for You,Joji,,00:00:00,03:26.3,2022,
347,Yeah Right,Joji,,00:00:00,02:46.6,2018,
348,Slow Dancing in the Dark,Joji,,00:00:00,03:25.0,2018,
349,Yeah Right,Vince Staples,,00:00:00,03:07.9,2017,
353,Shame on the Devil,Vince Staples,,00:00:00,03:19.0,2024,
354,Range Brothers,"Baby Keem, Kendrick Lamar",,00:00:00,05:15.5,2021,
364,Radio,Vince Staples,,00:00:00,02:51.4,2024,
367,Little Homies,Vince Staples,,00:00:00,03:44.3,2024,
373,Family Ties,"Baby Keem, Kendrick Lamar",,00:00:00,04:11.0,2021,
374,"Father Stretch My Hands, Pt. 1",Kanye West,,00:00:00,02:15.9,2016,
375,Norf Norf,Vince Staples,,00:00:00,03:03.0,2015,
376,Honest,Baby Keem,,00:00:00,02:49.9,2019,
377,He's the Greatest Dancer,Sister Sledge,,00:00:00,06:04.8,1979,
378,What's the Difference,"Dr. Dre, Eminem, Xzibit",,00:00:00,04:03.2,1999,
379,Say No Go,De La Soul,,00:00:00,04:16.5,1989,
388,Ruffneck,MC Lyte,,00:00:00,03:44.9,1993,
389,Still D.R.E.,"Dr. Dre, Snoop Dogg",,00:00:00,04:27.8,1999,
392,Stop Giving Me Advice,"Lyrical Lemonade, Jack Harlow, Dave",,00:00:00,04:00.0,2023,
393,The Rapper Ya Love to Hate,Ice Cube,,00:00:00,03:04.9,1990,
394,The Watcher,Dr. Dre,,00:00:00,03:26.1,1999,
395,Xxplosive,"Dr. Dre, Hittman, Kurupt, Nate Dogg, Six-Two",,00:00:00,02:48.0,1999,
396,Zombies,Childish Gambino,,00:00:00,04:20.5,2016,
397,I Wish,Skee-Lo,,00:00:00,04:04.0,1995,
398,Gz and Hustlas,Snoop Doggy Dogg,,00:00:00,03:51.1,1993,
399,Hive,"Earl Sweatshirt, Vince Staples, Casey Veggies",,00:00:00,04:33.8,2013,
400,Humble,Kendrick Lamar,,00:00:00,02:55.4,2017,
401,Like Toy Soldiers,Eminem,,00:00:00,04:37.7,2004,
402,Lodi Dodi,"Snoop Doggy Dogg, Nancy Fletcher",,00:00:00,04:27.2,1993,
403,Mockingbird,Eminem,,00:00:00,04:09.0,2004,
404,Mosh,Eminem,,00:00:00,05:15.1,2004,
405,Never Enough,"Eminem, 50 Cent, Nate Dogg",,00:00:00,02:39.5,2004,
412,No More ?'s,Eazy-E,,00:00:00,03:49.1,1988,
413,No Vaseline,Ice Cube,,00:00:00,03:58.7,1991,
414,Points of Authority / 99 Problems / One Step Closer,"Jay-Z, LINKIN PARK",,00:00:00,04:53.5,2004,
434,Serious,Jme,,00:00:00,03:11.9,2005,
435,Shake That,"Eminem, Nate Dogg",,00:00:00,04:28.7,2006,
436,Talking to My Diary,Dr. Dre,,00:00:00,04:15.9,2015,
437,Tell the Vision,"Pop Smoke, Kanye West, Pusha T",,00:00:00,03:33.3,2021,
438,Tonight,PinkPantheress,,00:00:00,02:54.1,2025,
439,Whether or Not <Freestyle>,D12,,00:00:00,04:57.3,2001,
452,Who Am I? <What's My Name?>,Snoop Doggy Dogg,,00:00:00,04:05.8,1993,
453,Whoa,"Earl Sweatshirt, Tyler, the Creator",,00:00:00,03:15.1,2013,
475,30s Countdown Clock,TV Theme,,00:00:00,00:29.7,,
492,You Don't Know,"Eminem, 50 Cent, Lloyd Banks, Cashis",,00:00:00,03:53.8,2006,
493,3005,Childish Gambino,,00:00:00,03:53.7,2013,
494,Asian Pizza,Pink Guy,,00:00:00,02:20.1,2017,
495,AssMilk,"Tyler, the Creator, Earl Sweatshirt",,00:00:00,03:39.8,2009,
496,Atavista,Childish Gambino,,00:00:00,02:59.4,2024,
497,ATLiens,Outkast,,00:00:00,03:36.2,1996,
498,Behind Bars <Dum Ditty Dum Mix>,"Slick Rick, Warren G",,00:00:00,03:14.7,1994,
499,Best Interest,"Tyler, the Creator",,00:00:00,02:04.2,2019,
515,Black and Yellow <G-Mix>,"Wiz Khalifa, Snoop Dogg, Juicy J, T-Pain",,00:00:00,04:29.4,2010,
518,The Big Match,TV Theme,,00:00:00,00:46.5,,
520,SPORT Snooker,TV Theme,,00:00:00,02:27.6,,
531,Bonfire,Childish Gambino,,00:00:00,03:12.2,2011,
544,Cash In Cash Out,"Pharrell Williams, 21 Savage, Tyler, the Creator",,00:00:00,03:30.7,2025,
561,Champagne Moments,Rick Ross,,00:00:00,03:25.0,2024,
562,Dead Wrong,"The Notorious B.I.G., Eminem",,00:00:00,04:49.1,1999,
563,Dogtooth,"Tyler, the Creator",,00:00:00,02:40.6,2023,
564,"Fix Up, Look Sharp",Dizzee Rascal,,00:00:00,03:09.4,2003,
565,I Luv U,Dizzee Rascal,,00:00:00,02:31.2,2003,
566,I'm Bad,LL Cool J,,00:00:00,04:49.4,1987,
567,Insane in the Brain,Cypress Hill,,00:00:00,03:24.6,1993,
568,Judge Judy,"Tyler, the Creator",,00:00:00,04:29.1,2024,
570,Juggernaut,"Tyler, the Creator, Lil Uzi Vert, Pharrell Williams",,00:00:00,02:26.2,2021,
571,Lumberjack,"Tyler, the Creator",,00:00:00,02:17.6,2021,
572,Nights,Frank Ocean,,00:00:00,05:02.4,2016,
574,Noid,"Tyler, the Creator",,00:00:00,04:42.0,2024,
575,Numb / Encore,"Jay-Z, LINKIN PARK",,00:00:00,03:24.1,2004,
576,Paparazzi,Xzibit,,00:00:00,03:43.8,1996,
581,Pow 2011,"Lethal Bizzle, Jme, Wiley, Chipmunk, Face, P Money, Ghetts, Kano",,00:00:00,03:00.0,2011,
582,Rah Tah Tah,"Tyler, the Creator",,00:00:00,02:45.3,2024,
583,Rockstar,"Post Malone, 21 Savage",,00:00:00,00:03:36,2016,
584,Self Medication,"Logic, SethMacFarlane, Redman, Statik Selektah",,00:00:00,04:00.0,2023,
585,Sittin' in My Car,"Slick Rick, Doug E. Fresh",,00:00:00,03:30.7,1994,
586,Sorry Not Sorry,"Tyler, the Creator",,00:00:00,03:25.0,2023,
587,Special Delivery,G. Dep,,00:00:00,06:37.7,2001,
588,St. Chroma,"Tyler, the Creator, Daniel Caesar",,00:00:00,03:16.6,2024,
589,Sticky,"Tyler, the Creator, GloRilla, Sexxy Red, Lil Wayne",,00:00:00,04:15.9,2024,
590,Sweet / I Thought You Wanted to Dance,"Tyler, the Creator, Brent Faiyaz, Fana Hues",,00:00:00,09:47.4,2021,
591,Take Your Mask Off,"Tyler, the Creator, Daniel Caesar, LaToiya Williams",,00:00:00,04:08.5,2024,
592,The Perfect Pair,Beabadoobee,,00:00:00,02:54.2,2022,
593,WusYaName,"Tyler, the Creator, YoungBoy Never Broke Again, Ty Dolla Sign",,00:00:00,02:01.2,2021,
594,<I Can't Get No> Satisfaction,The Rolling Stones,,00:00:00,03:37.5,1965,
595,2 of Amerikaz Most Wanted,"2Pac, Snoop Doggy Dogg",,00:00:00,04:04.3,1996,
596,04:44,Jay-Z,,00:00:00,04:44.1,2017,
597,AmeriKKKa's Most Wanted,Ice Cube,,00:00:00,04:02.3,1990,
598,Ante Up <Remix>,"M.O.P., Busta Rhymes, Remy Ma, Teflon",,00:00:00,04:06.4,2000,
599,Are You Experienced?,The Jimi Hendrix Experience,,00:00:00,04:08.7,1967,
600,Boogieman,Childish Gambino,,00:00:00,03:20.3,2016,
601,Denial Is a River,Doechii,,00:00:00,02:37.6,2024,
602,Do I Wanna Know?,Arctic Monkeys,,00:00:00,04:29.0,2013,
603,Doomsday,"Lyrical Lemonade, Juice Wrld, Cordae",,00:00:00,02:28.8,2023,
604,Doomsday Pt. 2,"Lyrical Lemonade, Eminem",,00:00:00,01:48.2,2024,
605,Forgot About Dre,"Dr. Dre, Eminem",,00:00:00,03:42.1,1999,
606,Foxy Lady,The Jimi Hendrix Experience,,00:00:00,03:11.9,1967,
607,"""Heroes""",David Bowie,,00:00:00,06:00.1,1977,
608,Lose Yourself,Eminem,,00:00:00,05:13.8,2002,
609,Loungin <Who Do Ya Luv>,"LL Cool J, Total",,00:00:00,03:39.0,1996,
610,Me and Your Mama,Childish Gambino,,00:00:00,05:59.8,2017,
611,Me Myself and I,De La Soul,,00:00:00,03:22.1,1989,
612,Next Hype,Tempa T,,00:00:00,03:54.3,2009,
613,Purple Haze,The Jimi Hendrix Experience,,00:00:00,02:44.0,1967,
614,R U Mine?,Arctic Monkeys,,00:00:00,03:17.8,2012,
615,Real Gangstaz,N.W.A,,00:00:00,04:26.6,1990,
616,Riot,Childish Gambino,,00:00:00,01:56.9,2016,
617,Now or Never,"TKandz, Cxsper",,00:00:00,02:02.6,2025,
618,Why's This Dealer? <Clean>,Niko B,,00:00:00,02:07.5,2024,
619,Undaground Rappa <Clean>,Das EFX,,00:00:00,03:47.7,1993,
620,U Know the Rules <Mi Vida Loca> <Clean>,"Tony Touch, Cypress Hill",,00:00:00,03:54.7,2000,
621,Mugwort + Cinnamon = Shifting Lanes <Clean>,"MF Doom, MF Grimm, Kurious",,00:00:00,02:57.5,2004,
622,Documents <Clean>,"Slick Rick, Nas",,00:00:00,02:48.7,2025,
623,Deep Cover <Clean>,Fat Joe,,00:00:00,02:24.7,2007,
624,Ass Like That <Clean>,Eminem,,00:00:00,04:16.7,2004,
625,Lockjaw <Clean>,"King Geedorah, Trunk",,00:00:00,01:02.7,2003,
626,Stun Gun <Clean>,"Czarface, MF Doom",,00:00:00,02:02.2,2018,
627,You Ain't a Killer <Clean>,Big Pun,,00:00:00,04:13.4,1997,
628,I Wonder <Clean>,"King Geedorah, Hassan Chop",,00:00:00,03:36.3,2003,
629,Fastlane <Clean>,"King Geedorah, Biolante",,00:00:00,03:08.2,2003,
630,Eazy <Clean>,"The Game, Kanye West",,00:00:00,03:51.9,2022,
631,Bustin' Loose,Chuck Brown & the Soul Searchers,,00:00:00,07:31.0,1979,
632,Blind Man Can See It,James Brown,,00:00:00,02:11.1,1973,
633,Get At Me Dog <Clean>,"DMX, Sheek Louch",,00:00:00,04:00.2,1998,
634,As The Rhyme Goes On <Radio Mix>,Eric B. & Rakim,,00:00:00,03:41.9,1987,
635,As the Rhyme Goes On,Eric B. & Rakim,,00:00:00,03:48.1,1987,
636,Mando Calrissian,"Czarface, MF Doom",,00:00:00,02:14.9,2021,
637,Paid in Full,Eric B. & Rakim,,00:00:00,03:31.7,1987,
638,Underground <Clean>,EPMD,,00:00:00,03:07.3,1990,
639,Witness <1 Hope>,Roots Manuva,,00:00:00,04:10.6,2001,
640,Me & Nas Bring It to Your Hardest <Clean>,"Slick Rick, Nas",,00:00:00,02:35.5,1999,
641,Thief's Theme <Clean>,Nas,,00:00:00,02:55.8,2004,
642,2nd Childhood <Clean>,Nas,,00:00:00,03:50.0,2001,
643,Wave Gods <Clean>,"Nas, ASAP Rocky, DJ Premier",,00:00:00,03:08.9,2021,
644,Git Ready <Clean>,"Nas, DJ Premier",,00:00:00,02:51.5,2025,
645,EPMD 2 <Clean>,"Nas, Eminem, EPMD",,00:00:00,03:32.1,2021,
646,The Message <Clean>,Nas,,00:00:00,03:53.3,1996,
647,I Gave You Power <Clean>,Nas,,00:00:00,03:51.6,1996,
648,The World Is Yours <Tip Mix> <Clean>,"Nas, Q-Tip",,00:00:00,04:09.3,1994,
649,The World Is Yours <Clean>,Nas,,00:00:00,04:37.9,1994,
650,N.Y. State of Mind <Clean>,Nas,,00:00:00,04:48.7,1994,
651,Memory Lane <Sittin' in da Park> <Clean>,Nas,,00:00:00,04:01.3,1994,
652,Nas Is Like <Clean>,Nas,,00:00:00,03:54.8,1999,
653,"N.Y. State of Mind, Pt. ll <Clean>",Nas,,00:00:00,03:34.7,1999,
654,Still Dreaming <Clean>,"Nas, Kanye West, Chrisette Michele",,00:00:00,03:33.5,2006,
655,Hip Hop Is Dead <Clean>,"Nas, will.i.am",,00:00:00,03:44.9,2006,
656,Define My Name <Clean>,"DJ Premier, Nas",,00:00:00,03:08.7,2024,
657,N.Y. State of Mind Pt. 3,"Nas, DJ Premier",,00:00:00,03:09.2,2025,
658,Got Ur Self a Gun,Nas,,00:00:00,03:41.7,2001,
659,Shine On,Nas,,00:00:00,02:31.7,2006,
660,Barbie World <Clean>,"Nicki Minaj, Ice Spice, Aqua",,00:00:00,01:42.5,2023,
661,Pills n Potions <Clean>,Nicki Minaj,,00:00:00,04:22.9,2014,
662,The Night Is Still Young <Clean>,Nicki Minaj,,00:00:00,03:44.9,2014,
663,I'm the Best <Clean>,Nicki Minaj,,00:00:00,03:34.2,2010,
664,Seeing Green <Clean>,"Nicki Minaj, Drake, Lil Wayne",,00:00:00,05:33.2,2021,
665,Bussin <Clean>,"Nicki Minaj, Lil Baby",,00:00:00,02:09.9,2022,
666,Do We Have a Problem? <Clean>,"Nicki Minaj, Lil Baby",,00:00:00,03:23.9,2022,
667,Likkle Miss <Remix> <Clean>,"Nicki Minaj, Skeng",,00:00:00,02:17.4,2022,
668,Likkle Miss <The Fine Nine Remix> <Clean>,"Nicki Minaj, Skeng, Spice, Destra Garcia, Patrice Roberts, Lady Leshurr, Pamputtae, Dovey Magnum, Lisa Mercedez, London Hill",,00:00:00,06:06.6,2022,
669,Lookin Ass <Clean>,"Young Money, Nicki Minaj",,00:00:00,02:40.0,2014,
670,We Go Up <Clean>,"Nicki Minaj, Fivio Foreign",,00:00:00,04:12.4,2022,
671,Super Freaky Girl <Queen Mix> <Clean>,"Nicki Minaj, JT, Bia, Katie Got Bandz, Akbar V, Maliibu Miitch",,00:00:00,03:51.9,2022,
672,Beep Beep <Remix> <Clean>,"Nicki Minaj, 50 Cent",,00:00:00,02:22.4,2023,
673,Love Me Enough <Clean>,"Nicki Minaj, Monica, Keyshia Cole",,00:00:00,03:42.5,2023,
674,Press Play <Clean>,"Nicki Minaj, Future",,00:00:00,03:18.7,2024,
675,Blessings,"Nicki Minaj, Tasha Cobbs Leonard",,00:00:00,03:27.2,2023,
676,Last Time I Saw You,Nicki Minaj,,00:00:00,03:31.4,2023,
677,My Life <Clean>,Nicki Minaj,,00:00:00,02:39.5,2023,
678,Nicki Hendrix <Clean>,"Nicki Minaj, Future",,00:00:00,04:18.7,2023,
679,Bahm Bahm <Clean>,Nicki Minaj,,00:00:00,02:15.2,2023,
680,Big Difference <Clean>,Nicki Minaj,,00:00:00,03:07.9,2023,
681,Cowgirl <Clean>,"Nicki Minaj, Lourdiz",,00:00:00,00:03:36,2023,
682,Everybody <Clean>,"Nicki Minaj, Lil Uzi Vert",,00:00:00,02:54.4,2023,
683,Forward from Trini <Clean>,"Nicki Minaj, Skillibeng, Skeng",,00:00:00,02:28.5,2023,
684,Needle <Clean>,"Nicki Minaj, Drake",,00:00:00,03:51.3,2023,
685,Pink Friday Girls <Clean>,Nicki Minaj,,00:00:00,02:42.5,2023,
686,Red Ruby da Sleeze <Clean>,Nicki Minaj,,00:00:00,03:27.8,2023,
687,Super Freaky Girl <Clean>,Nicki Minaj,,00:00:00,02:49.9,2022,
688,Are You Gone Already,Nicki Minaj,,00:00:00,04:18.9,2023,
689,Barbie Dangerous <Clean>,Nicki Minaj,,00:00:00,02:04.0,2023,
750,Beep Beep <Clean>,Nicki Minaj,,00:00:00,01:29.6,2023,
751,Fallin 4 U <Clean>,Nicki Minaj,,00:00:00,03:49.5,2023,
752,FTCU <Clean>,Nicki Minaj,,00:00:00,02:44.1,2023,
753,Let Me Calm Down <Clean>,"Nicki Minaj, J. Cole",,00:00:00,03:56.4,2023,
754,Pink Birthday <Clean>,Nicki Minaj,,00:00:00,02:00.1,2023,
755,RNB <Clean>,"Nicki Minaj, Lil Wayne, Tate Kobang",,00:00:00,03:01.6,2023,
756,Coco Chanel <Clean>,"Nicki Minaj, Foxy Brown",,00:00:00,03:44.9,2018,
757,Good Form <Remix> <Clean>,"Nicki Minaj, Lil Wayne",,00:00:00,03:52.9,2018,
758,Inspirations <Outro> <Clean>,Nicki Minaj,,00:00:00,00:48.1,2018,
759,2 Lit 2 Late Interlude <Clean>,Nicki Minaj,,00:00:00,00:51.6,2018,
760,Chun Swae <Clean>,"Nicki Minaj, Swae Lee",,00:00:00,06:03.2,2018,
761,Chun-Li <Clean>,Nicki Minaj,,00:00:00,03:08.8,2018,
762,Come See About Me <Clean>,Nicki Minaj,,00:00:00,04:00.9,2018,
763,Good Form <Clean>,Nicki Minaj,,00:00:00,03:15.3,2018,
764,LLC <Clean>,Nicki Minaj,,00:00:00,03:35.5,2018,
765,Miami <Clean>,Nicki Minaj,,00:00:00,03:06.3,2018,
766,Nip Tuck <Clean>,Nicki Minaj,,00:00:00,03:22.0,2018,
767,Sir <Clean>,"Nicki Minaj, Future",,00:00:00,03:42.3,2018,
768,Barbie Dreams <Clean>,Nicki Minaj,,00:00:00,04:34.4,2018,
769,Bed <Clean>,"Nicki Minaj, Ariana Grande",,00:00:00,03:00.6,2018,
770,Hard White <Clean>,Nicki Minaj,,00:00:00,03:07.6,2018,
771,Majesty <Clean>,"Nicki Minaj, Labrinth, Eminem",,00:00:00,04:47.6,2018,
772,Rich Sex <Clean>,"Nicki Minaj, Lil Wayne",,00:00:00,03:09.1,2018,
773,Run & Hide <Clean>,Nicki Minaj,,00:00:00,02:26.0,2018,
774,Thought I Knew You <Clean>,"Nicki Minaj, the Weeknd",,00:00:00,03:12.7,2018,
775,Ganja Burn <Clean>,Nicki Minaj,,00:00:00,04:48.3,2018,
776,Mona Lisa <Clean>,Nicki Minaj,,00:00:00,03:24.1,2014,
777,Put You in a Room <Clean>,Nicki Minaj,,00:00:00,02:50.6,2014,
778,Wamables <Clean>,Nicki Minaj,,00:00:00,03:10.0,2014,
779,Big Daddy <Clean>,"Nicki Minaj, Meek Mill",,00:00:00,03:14.8,2014,
780,Shanghai <Clean>,Nicki Minaj,,00:00:00,03:37.8,2014,
781,Truffle Butter <Clean>,"Nicki Minaj, Drake, Lil Wayne",,00:00:00,03:32.8,2014,
782,Win Again <Clean>,Nicki Minaj,,00:00:00,04:07.9,2014,
783,Anaconda <Clean>,Nicki Minaj,,00:00:00,04:16.4,2014,
784,Bed of Lies <Clean>,"Nicki Minaj, Skylar Grey",,00:00:00,04:27.9,2014,
785,Buy a Heart <Clean>,"Nicki Minaj, Meek Mill",,00:00:00,04:06.5,2014,
786,Favorite <Clean>,"Nicki Minaj, Jeremih",,00:00:00,03:55.9,2014,
787,Grand Piano <Clean>,Nicki Minaj,,00:00:00,04:13.9,2014,
788,Trini Dem Girls <Clean>,"Nicki Minaj, LunchMoney Lewis",,00:00:00,03:10.5,2014,
790,All Things Go <Clean>,Nicki Minaj,,00:00:00,04:49.6,2014,
791,Feeling Myself <Clean>,"Nicki Minaj, Beyoncé",,00:00:00,03:56.5,2014,
792,Four Door Aventador <Clean>,Nicki Minaj,,00:00:00,02:59.8,2014,
793,Get on Your Knees <Clean>,"Nicki Minaj, Ariana Grande",,00:00:00,03:30.2,2014,
794,I Lied <Clean>,Nicki Minaj,,00:00:00,05:00.8,2014,
795,Only <Clean>,"Nicki Minaj, Drake, Lil Wayne, Chris Brown",,00:00:00,05:11.8,2014,
796,The Crying Game <Clean>,"Nicki Minaj, Jessie Ware",,00:00:00,04:22.1,2014,
797,Want Some More <Clean>,"Nicki Minaj, Jeremih",,00:00:00,03:42.7,2014,
806,Remember Me <Clean>,"Nicki Minaj, Parker Ighile",,00:00:00,02:51.6,2024,
807,Arctic Tundra <Official Clean>,"Nicki Minaj, Juice Wrld",,00:00:00,04:22.7,2024,
808,If It's Okay,"Nicki Minaj, David Guetta, Davido",,00:00:00,03:40.0,2024,
809,Turn Yo Cap Back <Cap Backwards> <Clean>,"Nicki Minaj, Swae Lee",,00:00:00,02:53.8,2024,
817,Va Va Voom <Clean>,Nicki Minaj,,00:00:00,03:00.4,2012,
825,Freedom <Clean>,Nicki Minaj,,00:00:00,04:40.5,2012,
827,Hell Yeah <Clean>,"Nicki Minaj, Parker",,00:00:00,04:02.0,2012,
828,High School <Clean>,"Nicki Minaj, Lil Wayne",,00:00:00,03:32.2,2012,
829,I Endorse These Strippers <Clean>,"Nicki Minaj, Tyga, Brinx",,00:00:00,04:19.5,2012,
832,Feel It in the Air <Clean>,"Beanie Sigel, MJ Songstress",,00:00:00,03:58.0,2005,
841,Regrets <Clean>,Jay-Z,,00:00:00,04:27.6,1996,
847,Intro / A Million and One Questions / Rhyme No More <Clean>,Jay-Z,,00:00:00,03:18.8,1997,
862,Masquerade <Clean>,Nicki Minaj,,00:00:00,03:41.6,2012,
863,Turn Me On,"David Guetta, Nicki Minaj",,00:00:00,03:18.6,2011,
864,Fire Burns <Clean>,Nicki Minaj,,00:00:00,02:54.8,2012,
865,Gun Shot <Clean>,"Nicki Minaj, Beenie Man",,00:00:00,04:39.6,2012,
866,Stupid H** <Clean>,Nicki Minaj,,00:00:00,03:13.9,2011,
867,Automatic <Clean>,Nicki Minaj,,00:00:00,03:14.4,2012,
868,Beautiful Sinner <Clean>,Nicki Minaj,,00:00:00,03:41.0,2012,
869,Marilyn Monroe <Clean>,Nicki Minaj,,00:00:00,03:14.7,2012,
870,Pound the Alarm <Clean>,Nicki Minaj,,00:00:00,03:21.2,2012,
871,Whip It <Clean>,Nicki Minaj,,00:00:00,03:15.0,2012,
872,Young Forever <Clean>,Nicki Minaj,,00:00:00,03:00.5,2012,
873,Champion <Clean>,"Nicki Minaj, Nas, Drake, Young Jeezy",,00:00:00,04:52.8,2012,
874,HOV Lane <Clean>,Nicki Minaj,,00:00:00,03:09.8,2012,
875,Right by My Side <Clean>,"Nicki Minaj, Chris Brown",,00:00:00,04:20.2,2012,
876,Roman Reloaded <Clean>,"Nicki Minaj, Lil Wayne",,00:00:00,03:11.5,2012,
877,Sex in the Lounge <Clean>,"Nicki Minaj, Lil Wayne, Bobby V",,00:00:00,03:22.6,2012,
878,Starships <Clean>,Nicki Minaj,,00:00:00,03:27.9,2012,
879,Beez in the Trap <Clean>,"Nicki Minaj, 2 Chainz",,00:00:00,04:24.4,2012,
880,C*** on a Cone <Clean>,Nicki Minaj,,00:00:00,03:01.1,2012,
881,I Am Your Leader <Clean>,"Nicki Minaj, Cam'ron, Rick Ross",,00:00:00,03:30.7,2012,
882,Roman Holiday <Clean>,Nicki Minaj,,00:00:00,04:05.3,2012,
883,Girls Fall Like Dominoes <Clean>,Nicki Minaj,,00:00:00,03:43.5,2011,
884,Muny <Clean>,Nicki Minaj,,00:00:00,03:43.5,2010,
885,Roman's Revenge <Remix> <Clean>,"Nicki Minaj, Lil Wayne",,00:00:00,03:49.3,2011,
886,Blazin' <Clean>,"Nicki Minaj, Kanye West",,00:00:00,04:54.9,2010,
887,Blow Ya Mind <Clean>,Nicki Minaj,,00:00:00,03:38.1,2010,
888,Check It Out <Clean>,"Nicki Minaj, will.i.am",,00:00:00,03:56.1,2010,
889,Dear Old Nicki <Clean>,Nicki Minaj,,00:00:00,03:40.7,2010,
890,Here I Am <Clean>,Nicki Minaj,,00:00:00,02:52.7,2010,
891,Last Chance <Clean>,"Nicki Minaj, Natasha Bedingfield",,00:00:00,03:45.9,2010,
892,Super Bass <Clean>,Nicki Minaj,,00:00:00,03:18.2,2010,
893,Your Love <Clean>,Nicki Minaj,,00:00:00,03:52.4,2010,
894,Did It On'em <Clean>,Nicki Minaj,,00:00:00,03:29.3,2010,
895,Fly <Clean>,"Nicki Minaj, Rihanna",,00:00:00,03:29.2,2010,
896,Moment 4 Life <Clean>,"Nicki Minaj, Drake",,00:00:00,04:35.4,2010,
897,Right Thru Me <Clean>,Nicki Minaj,,00:00:00,03:51.5,2010,
898,Roman's Revenge <Clean>,"Nicki Minaj, Eminem",,00:00:00,04:34.4,2010,
899,Save Me <Clean>,Nicki Minaj,,00:00:00,03:01.2,2010,
1009,Otis <Clean>,"Jay-Z, Kanye West, Otis Redding",,00:00:00,02:58.5,2011,
1010,No Church in the Wild <Clean>,"Jay-Z, Kanye West, Frank Ocean, The-Dream",,00:00:00,04:31.1,2011,
1011,Big Pimpin' <Clean>,"Jay-Z, UGK",,00:00:00,04:32.0,1999,
1012,Originator 99 <Clean>,"Jay-Z, Big Jaz",,00:00:00,03:19.8,1998,
1013,"Money, Cash <Clean>","Jay-Z, DMX",,00:00:00,03:58.2,1998,
1014,I Just Wanna Love U <Give It 2 Me> <Clean>,Jay-Z,,00:00:00,03:41.9,2000,
1015,Renegade <Clean>,"Jay-Z, Eminem",,00:00:00,05:27.1,2001,
1016,Izzo <H.O.V.A.> <Clean>,Jay-Z,,00:00:00,03:54.5,2001,
1017,Lucifer <Clean>,Jay-Z,,00:00:00,03:11.8,2003,
1018,Dirt off Your Shoulder <Clean>,Jay-Z,,00:00:00,03:57.1,2003,
1019,Dead Presidents II <Clean>,Jay-Z,,00:00:00,04:13.3,1996,
1020,D'Evils <Clean>,Jay-Z,,00:00:00,03:28.2,1996,
1021,Brooklyn's Finest <Clean>,"Jay-Z, The Notorious B.I.G.",,00:00:00,04:11.3,1996,
1022,Lost One <Clean>,"Jay-Z, Chrisette Michele",,00:00:00,03:35.7,2006,
1023,Where I'm From <Clean>,Jay-Z,,00:00:00,04:24.8,1997,
1024,Friend or Foe '98 <Clean>,Jay-Z,,00:00:00,02:03.8,1997,
1025,Dead Presidents <Clean>,Jay-Z,,00:00:00,03:21.9,1996,
1026,Points of Authority / 99 Problems / One Step Closer <Clean>,"Jay-Z, LINKIN PARK",,00:00:00,04:53.5,2004,
1027,Numb / Encore <Clean>,"Jay-Z, LINKIN PARK",,00:00:00,03:24.1,2004,
1028,Crew Love <Clean>,"Jay-Z, Beanie Sigel, Memphis Bleek",,00:00:00,03:44.9,1998,
1029,4:44 <Clean>,Jay-Z,,00:00:00,04:44.1,2017,
1030,Streets Is Watching,Jay-Z,,00:00:00,03:58.3,1997,
1031,"Father Stretch My Hands, Pt. 1 <Clean>",Kanye West,,00:00:00,02:15.9,2016,
1032,Everything I Am <Clean>,"Kanye West, DJ Premier",,00:00:00,03:46.8,2007,
1033,Need Some Bad <Clean>,Slick Rick,,00:00:00,03:13.3,2011,
1034,Street Talkin' <Clean>,"Slick Rick, Outkast",,00:00:00,03:16.5,1999,
1035,Sittin' in My Car <Clean>,"Slick Rick, Doug E. Fresh",,00:00:00,03:30.7,1994,
1036,Cuz It's Wrong <Clean>,Slick Rick,,00:00:00,03:16.1,1994,
1037,Behind Bars <Dum Ditty Dum Mix> <Clean>,"Slick Rick, Warren G",,00:00:00,03:14.7,1994,
1038,Snakes of the World Today,Slick Rick,,00:00:00,02:47.9,2018,
1039,Children's Story,Slick Rick,,00:00:00,03:56.1,1988,
1040,Fried <Clean>,¥$,,00:00:00,02:45.5,2024,
1041,Ascension <Clean>,"Gorillaz, Vince Staples",,00:00:00,02:33.8,2017,
1042,Black & Blue <Clean>,Vince Staples,,00:00:00,03:14.0,2024,
1043,Check the Rhime <Clean>,A Tribe Called Quest,,00:00:00,03:36.3,1991,
1044,Can I Kick It?,A Tribe Called Quest,,00:00:00,04:11.4,1990,
1045,Party and Bull <Clean>,The Notorious B.I.G.,,00:00:00,03:28.9,1993,
1046,Who Shot Ya? <Clean>,The Notorious B.I.G.,,00:00:00,05:12.6,1994,
1047,Warning <Clean>,The Notorious B.I.G.,,00:00:00,02:52.0,1994,
1048,Unbelievable <Clean>,The Notorious B.I.G.,,00:00:00,03:40.7,1994,
1049,Me & My Chick <Clean>,The Notorious B.I.G.,,00:00:00,03:40.6,1994,
1087,Machine Gun Funk <Clean>,The Notorious B.I.G.,,00:00:00,03:59.2,1994,
1088,Gimme the Loot <Clean>,The Notorious B.I.G.,,00:00:00,05:03.8,1994,
1089,One More Chance / Stay with Me <Remix> <Clean>,"The Notorious B.I.G., Faith Evans",,00:00:00,04:24.7,1995,
1094,Ten Commandments <Clean>,The Notorious B.I.G.,,00:00:00,03:20.4,1997,
1095,Dead Wrong <Super Clean>,"The Notorious B.I.G., Eminem",,00:00:00,04:49.1,1999,
1096,Philly Gangsters <Clean>,"Beanie Sigel, Freeway",,00:00:00,03:31.7,2003,
1097,Rolling Down the Freeway <Clean>,"Freeway, Denim",,00:00:00,03:54.7,2003,
1098,What We Do <Clean>,"Freeway, Jay-Z, Beanie Sigel",,00:00:00,03:42.4,2002,
1099,Flipside <Clean>,"Freeway, Peedi Crakk",,00:00:00,03:48.9,2003,
1118,I Get Around <Clean>,"2Pac, Digital Underground",,00:00:00,04:12.2,1993,
1119,Temptations <Clean>,2Pac,,00:00:00,04:27.4,1995,
1168,Thug Passion <Clean>,"2Pac, Dramacydal, Jewell, Storm",,00:00:00,05:05.5,1996,
1169,How Do U Want It <Clean>,"2Pac, K-Ci & JoJo",,00:00:00,04:43.3,1996,
1174,Holla at Me <Clean>,2Pac,,00:00:00,04:52.5,1996,
1197,Can't C Me <Clean>,"2Pac, George Clinton",,00:00:00,05:28.9,1996,
1198,2 of Amerikaz Most Wanted <Clean>,"2Pac, Snoop Doggy Dogg",,00:00:00,04:04.3,1996,
1199,Do For Love,"2Pac, Eric Wiliams",,00:00:00,04:31.4,1997,
1238,Keep Ya Head Up,2Pac,,00:00:00,04:22.3,1993,
1318,Bagpipes from Baghdad,Eminem,,00:00:00,04:37.4,2009,
1319,"Jigga What, Jigga Who <Originator 99> <Clean>","Jay-Z, Big Jaz",,00:00:00,03:18.2,1998,
1322,Must Be Santa,Bob Dylan,,00:00:00,02:39.9,2009,
1323,Go to Sleep <Clean>,"Eminem, DMX, Obie Trice",,00:00:00,04:37.9,2003,
1324,Jigga What / Faint <Clean>,"Jay-Z, LINKIN PARK",,00:00:00,03:27.9,2004,
1325,Izzo / In the End <Clean>,"Jay-Z, LINKIN PARK",,00:00:00,02:37.2,2004,
1326,Got Ur Self a Gun <Clean>,Nas,,00:00:00,03:39.8,2001,
1327,Takeover <Clean>,Jay-Z,,00:00:00,05:09.9,2001,
1328,Ether <Clean>,Nas,,00:00:00,04:30.0,2001,
1329,Oochie Wally <Remix> <Clean>,"Nas, Bravehearts",,00:00:00,04:53.1,2000,
1330,Hit 'Em Up <Clean>,"2Pac, Outlawz",,00:00:00,05:02.4,1996,
1331,Franchise <Clean>,"Travis Scott, Young Thug, M.I.A.",,00:00:00,03:20.0,2020,
1332,No Diggity <Clean>,"Blackstreet, Dr. Dre, Queen Pen",,00:00:00,05:03.2,1996,
1333,Forever <Clean>,"Eminem, Drake, Kanye West, Lil Wayne",,00:00:00,05:53.8,2009,
1334,Dirt off Your Shoulder / Lying from You <Clean>,"Jay-Z, LINKIN PARK",,00:00:00,04:03.5,2004,
1335,Saint Pablo <Clean>,"Kanye West, Sampha",,00:00:00,06:11.4,2016,
1336,The Originators <Clean>,"The Jaz, Jay-Z",,00:00:00,04:03.3,1990,
1337,We Be Ballin',"Michael Jackson, Shaquille O'Neal, Ice Cube",,00:00:00,04:43.9,1998,
1338,Wanna Be Startin' Somethin',Michael Jackson,,00:00:00,05:54.5,1982,
1339,The Lady in My Life,Michael Jackson,,00:00:00,04:47.9,1982,
1340,P.Y.T. <Pretty Young Thing>,Michael Jackson,,00:00:00,03:45.5,1982,
1341,Carousel,Michael Jackson,,00:00:00,03:58.7,1982,
1342,Billie Jean,Michael Jackson,,00:00:00,04:46.9,1982,
1343,Beat It,Michael Jackson,,00:00:00,04:09.4,1982,
1344,Baby Be Mine,Michael Jackson,,00:00:00,04:13.2,1982,
1345,Working Day and Night,Michael Jackson,,00:00:00,05:04.3,1979,
1346,It's the Falling in Love,Michael Jackson,,00:00:00,03:37.6,1979,
1347,I Can't Help It,Michael Jackson,,00:00:00,04:14.5,1979,
1348,Girlfriend,Michael Jackson,,00:00:00,02:56.3,1979,
1349,Get on the Floor,Michael Jackson,,00:00:00,04:29.1,1979,
1350,Burn This Disco Out,Michael Jackson,,00:00:00,03:29.5,1979,
1351,You Are My Life,Michael Jackson,,00:00:00,04:28.5,2001,
1352,Whatever Happens,"Michael Jackson, Carlos Santana",,00:00:00,04:53.0,2001,
1353,Unbreakable,"Michael Jackson, The Notorious B.I.G.",,00:00:00,06:19.1,2001,
1354,Threatened,Michael Jackson,,00:00:00,04:04.7,2001,
1355,The Lost Children,Michael Jackson,,00:00:00,03:50.8,2001,
1356,Speechless,Michael Jackson,,00:00:00,03:03.1,2001,
1357,Privacy,Michael Jackson,,00:00:00,05:00.6,2001,
1358,Invincible,"Michael Jackson, Fats",,00:00:00,04:45.0,2001,
1359,Heaven Can Wait,Michael Jackson,,00:00:00,04:41.0,2001,
1360,Heartbreaker,"Michael Jackson, Fats",,00:00:00,05:09.1,2001,
1361,Don't Walk Away,Michael Jackson,,00:00:00,04:21.5,2001,
1362,Cry,Michael Jackson,,00:00:00,04:53.8,2001,
1363,Butterflies,Michael Jackson,,00:00:00,04:32.7,2001,
1364,Break of Dawn,Michael Jackson,,00:00:00,05:14.6,2001,
1365,2000 Watts,Michael Jackson,,00:00:00,04:16.6,2001,
1366,You Are Not Alone,Michael Jackson,,00:00:00,05:33.8,1995,
1367,This Time Around,Michael Jackson,,00:00:00,04:19.9,1995,
1368,Tabloid Junkie,Michael Jackson,,00:00:00,04:31.2,1995,
1369,Smile,Michael Jackson,,00:00:00,04:48.5,1995,
1370,Money,Michael Jackson,,00:00:00,04:35.3,1995,
1371,Little Susie,Michael Jackson,,00:00:00,06:04.9,1995,
1372,HIStory,Michael Jackson,,00:00:00,06:20.6,1995,
1373,D.S.,Michael Jackson,,00:00:00,04:46.2,1995,
1374,Come Together,Michael Jackson,,00:00:00,03:49.9,1995,
1375,Childhood,Michael Jackson,,00:00:00,04:19.5,1995,
1376,2 Bad,Michael Jackson,,00:00:00,04:48.0,1995,
1377,Why You Wanna Trip on Me,Michael Jackson,,00:00:00,05:21.5,1991,
1378,Who Is It,Michael Jackson,,00:00:00,06:31.4,1991,
1379,She Drives Me Wild,Michael Jackson,,00:00:00,03:39.0,1991,
1380,Keep the Faith,Michael Jackson,,00:00:00,05:50.9,1991,
1381,Jam,Michael Jackson,,00:00:00,05:34.8,1991,
1382,In the Closet,Michael Jackson,,00:00:00,06:29.5,1991,
1383,Gone Too Soon,Michael Jackson,,00:00:00,03:12.9,1991,
1384,Dangerous,Michael Jackson,,00:00:00,06:52.2,1991,
1385,Can't Let Her Get Away,Michael Jackson,,00:00:00,04:57.2,1991,
1386,Black or White,Michael Jackson,,00:00:00,03:14.2,1991,
1387,Todo Mi Amor Eres Tu,"Michael Jackson, Siedah Garret",,00:00:00,03:55.3,1987,
1388,The Way You Make Me Feel,Michael Jackson,,00:00:00,04:46.7,1987,
1389,Streetwalker,Michael Jackson,,00:00:00,05:47.4,1987,
1390,Speed Demon,Michael Jackson,,00:00:00,03:53.7,1987,
1391,Smooth Criminal,Michael Jackson,,00:00:00,04:05.3,1987,
1392,Man in the Mirror,Michael Jackson,,00:00:00,05:12.4,1987,
1393,Liberian Girl,Michael Jackson,,00:00:00,03:33.8,1987,
1394,Just Good Friends,"Michael Jackson, Stevie Wonder",,00:00:00,03:55.8,1987,
1395,Fly Away,Michael Jackson,,00:00:00,03:20.6,1987,
1396,Bad,Michael Jackson,,00:00:00,04:05.4,1987,
1397,Comin' Agg <Clean>,Scarface,,00:00:00,03:25.7,1993,
1398,Born Killer <Clean>,Scarface,,00:00:00,03:32.0,1991,
1399,Murdergram Deux <Clean>,"LL Cool J, Eminem",,00:00:00,03:01.6,2024,
1400,West Ten,"AJ Tracey, Mabel",,00:00:00,03:48.6,2020,
1401,Until You Were Gone,"Chipmunk, Esmee Denters",,00:00:00,03:04.2,2010,
1402,Money Calling,"Da Beatfreakz, Raye, Russ Millions, Wewantwraiths",,00:00:00,02:57.6,2021,
1403,Lonely,"Demi Lovato, Lil Wayne",,00:00:00,04:37.2,,
1404,Ella Henderson,Emotions,,00:00:00,03:08.1,,
1405,Ella Henderson,Places,,00:00:00,02:46.2,,
1406,I'm Bad <Clean>,LL Cool J,,00:00:00,04:49.4,1987,
1407,Thank You For The Hell,Ella Henderson,,00:00:00,02:30.9,,
1408,Ugly,Ella Henderson,,00:00:00,03:08.5,,
1409,Let's Go Home Together,Ella Henderson x Tom Grennan,,00:00:00,03:26.2,,
1410,Suffocate,J. Holiday,,00:00:00,03:27.8,2007,
1411,Instruction,"Jax Jones, Demi Lovato, Stefflon Don",,00:00:00,02:40.2,2017,
1412,Pa Ti,"Jennifer Lopez, Maluma",,00:00:00,03:45.6,,
1413,Don't Tell 'Em,Jeremih,,00:00:00,04:24.0,2014,
1414,Oui,Jeremih,,00:00:00,03:52.3,2015,
1415,Planes,"Jeremih, J.Cole",,00:00:00,03:58.6,,
1416,Company,Justin Bieber,,00:00:00,03:24.3,2016,
1417,Ghost,Justin Bieber,,00:00:00,02:30.8,,
1418,Collide,"Justine Skye, Tyga, DJ Mustard",,00:00:00,04:15.9,2014,
1419,Lockdown (Lyrics),KOFFEE,,00:00:00,02:52.4,,
1420,Pull Up,KOFFEE,,00:00:00,02:47.2,,
1421,Check,"Kojo Funds, Raye",,00:00:00,03:11.2,2018,
1422,No,Little Mix,,00:00:00,03:00.6,2021,
1423,FIne Line,"Mabel, Not3s",,00:00:00,03:36.6,,
1424,Leg Over,"Major Lazer, Mr Eazi, French Montana, Ty Dolla $ign",,00:00:00,03:06.1,,
1425,Oh My Gawd (Clean),"Major Lazer, Mr Eazi, Nicki Minaj, K4MO",,00:00:00,02:53.2,,
1426,Always Be My Baby,Mariah Carey,,00:00:00,04:04.7,1996,
1427,Friends,"Marshmello, Anne-Marie",,00:00:00,03:21.9,2018,
1428,Attention,"Omah Lay, Justin Bieber",,00:00:00,02:55.9,2022,
1429,How We Do It,"Pia Mia, Sean Paul",,00:00:00,02:58.4,,
1430,Cigarette,"Raye, Mabel, Stefflon Don",,00:00:00,03:04.3,,
1431,She Doesn't Mind,Sean Paul,,00:00:00,03:42.0,2011,
1432,Got 2 Luv U,"Sean Paul, Alexis Jordan",,00:00:00,03:19.0,2011,
1433,Mad Love,"Sean Paul, Becky G, David Guetta",,00:00:00,03:16.0,2018,
1434,Tek Weh Yuh Heart,"Sean Paul, Tory Lanez",,00:00:00,03:42.3,,
1435,Last One Standing,"Skylar Grey, Polo G, Mozzy, Eminem",,00:00:00,04:13.4,2021,
1436,So High,"Jay Sean, Afrojack",,00:00:00,03:42.2,2012,
1437,Ocean,"Solomun, Jamie Foxx",,00:00:00,03:35.7,,
1438,Senseless,Stefflon Don,,00:00:00,02:56.7,,
1439,Hurtin' Me,"Stefflon Don, French Montana",,00:00:00,03:27.5,,
1440,The Hills,the Weeknd,,00:00:00,03:45.3,2015,
1441,Slow Jamz,"Twista, Kanye West, Jamie Foxx",,00:00:00,03:29.4,2003,
1442,By Yourself,"Ty Dolla $ign, Bryson Tiller, Jhene Aiko, Mustard",,00:00:00,03:04.5,,
1443,Taste,"Tyga, Offset",,00:00:00,03:08.0,2018,
1444,Freaky Deaky,"Tyga, Doja Cat",,00:00:00,03:32.3,2022,
1445,Burn,Usher,,00:00:00,03:42.9,2004,
1446,When I Look At You,Miley Cyrus,,00:00:00,04:01.9,2009,
1447,Boasty,"Wiley, Sean Paul, Stefflon Don, Idris Elba",,00:00:00,02:54.6,2018,
1448,Roll Up,Wiz Khalifa,,00:00:00,03:44.3,2009,
1449,Mood,"WizKid, Buju",,00:00:00,03:27.0,,
1450,Professional Love,WSTRN,,00:00:00,02:41.0,2021,
1451,Sharna,WSTRN,,00:00:00,03:21.0,,
1452,BedRock,Young Money,,00:00:00,04:47.3,2009,
1453,Hey Lover,"LL Cool J, Boyz II Men",,00:00:00,04:38.0,1995,
1454,No Frauds,"Nicki Minaj, Lil Wayne, Drake",,00:00:00,04:29.2,2017,
1455,Real Life,"Burna Boy, Stormzy",,00:00:00,03:14.0,2020,
1456,Say You Love Me,"Chris Brown, Young Thug",,00:00:00,02:49.4,2020,
1457,Around the Way Girl,LL Cool J,,00:00:00,03:53.7,1990,
1458,The London,"Young Thug, J. Cole, Travis Scott",,00:00:00,03:14.5,2019,
1459,Truffle Butter,"Nicki Minaj, Drake, Lil Wayne",,00:00:00,03:30.7,2015,
1460,We Takin' Over,"DJ Khaled, T.I, Akon, Rick Ross, Fat Joe, Lil' Wayne, Baby",,00:00:00,02:42.7,2007,
1461,Hookah,"Tyga, Young Thug",,00:00:00,03:22.2,2014,
1462,Hot Remix,"Young Thug, Travis Scott, Gunna",,00:00:00,04:35.4,2019,
1463,I Know There's Gonna Be (Good Times),"Jamie xx, Young Thug, Popcaan",,00:00:00,03:24.2,2015,
1464,Jealous,"DJ Khaled, Chris Brown, Lil Wayne, Big Sean",,00:00:00,04:12.7,2019,
1465,Jerusalema,"Master KG, Burna Boy, Nomcebo Zikode",,00:00:00,03:46.1,2020,
1466,Let Me Be Your Fantasy,Baby D,,00:00:00,03:38.8,1992,
1467,Angel of Small Death & Codeine Scene,Hozier,,00:00:00,03:35.7,2014,Fade
1468,Lifestyle,"Rich Gang, Young Thug, Rich Homie Quan",,00:00:00,04:15.5,2014,
1469,7 rings,Ariana Grande,,00:00:00,02:47.4,2019,
1470,Dirt Off Your Shoulder,Jay Z,,00:00:00,03:56.4,2004,
1471,Down On Me,"Jeremih, 50 Cent",,00:00:00,03:36.0,,
1472,For You,"Liam Payne, Rita Ora",,00:00:00,03:59.3,,
1473,Light My Love,Greta Van Fleet,,00:00:00,04:20.0,,
1474,Ain't Your Mama,Jenifer Lopez,,00:00:00,03:32.6,,
1475,One Step At A Time,Jordin Sparks,,00:00:00,03:21.8,2008,
1476,Woman,Doja Cat,,00:00:00,02:50.0,2021,
1477,Fullo Eastenders forwards with drums and track,,,00:00:00,02:56.2,,
1478,Reverse Eastenders Drums,,,00:00:00,00:03.6,,
1479,A Million and One Questions <Remix> <Clean>,Jay-Z,,00:00:00,03:51.1,1998,
1480,Thunderstruck (Live),"AC, DC",,02:01.6,06:33.4,2014,End
1482,Don't Stop Me Now,Queen,,00:00.4,03:18.1,1981,
1483,Sweet Child O' Mine,Guns N' Roses,,00:45.0,05:49.6,1987,Fade
1484,Have A Nice Day,Stereophonics,,00:16.3,03:17.0,2001,Fade
1485,A Million and One Questions <Extended Version>,Jay-Z,,00:00:00,03:42.8,1998,
1486,Carry That Weight,The Beatles,,00:01.4,01:36.9,1969,End
1487,Love All <Clean>,"Drake, Jay-Z",,00:00:00,03:37.0,2021,
1488,Bugatti <Clean>,"Ace Hood, Future, Rick Ross",,00:00:00,04:25.4,2013,
1489,100 Miles and Runnin',N.W.A,,00:00:00,04:34.8,1990,
1490,Pound Cake / Paris Morton Music 2 <Clean>,"Drake, Jay-Z",,00:00:00,07:06.1,2013,
1491,Talk Up <Clean>,"Drake, Jay-Z",,00:00:00,03:39.2,2018,
1492,Your Love <Clean>,"Christión, Jay-Z",,00:00:00,03:46.0,1998,
1493,Murdergram <Clean>,Murder Inc.,,00:00:00,04:09.6,1998,
1494,It's Alright <Clean>,"Memphis Bleek, Jay-Z",,00:00:00,03:49.7,1998,
1495,In My Lifetime <Remix> <Clean>,Jay-Z,,00:00:00,04:37.1,1998,
1496,What More Can I Say <Clean>,Jay-Z,,00:00:00,04:51.1,2003,
1497,Murdergram <Live at Rapmania>,LL Cool J,,00:00:00,03:46.3,1990,
1498,The Race <Clean>,Tay-K,,00:00:00,02:17.2,2017,
1499,C-Walk <Clean>,"Kurupt, Big Tray Deee, Slip Capone",,00:00:00,05:08.4,1998,
1500,Smokin' and Ridin' <Clean>,"BJ the Chicago Kid, Freddie Gibbs, Problem",,00:00:00,03:24.6,2013,
1501,Relaxin' <Clean>,"G-Side, G-Mane",,00:00:00,02:54.3,2011,
1502,Everywhere I Go <Clean>,Tay-K,,00:00:00,01:26.3,2026,
1503,Life of a Mack <Clean>,100s,,00:00:00,03:13.5,2013,
1504,Still Livin' <Clean>,Freddie Gibbs,,00:00:00,03:12.8,2012,
1505,I Like It,DeBarge,,00:00:00,04:32.4,1982,
1506,Sag Harbor <Clean>,"Tyler, the Creator",,00:00:00,03:34.8,2025,
1507,Picture Me Rollin' <Clean>,"2Pac, Danny Boy, Syke, CPO",,00:00:00,05:11.9,1996,
1508,Life Goes On,Oliver Tree,,00:00:00,02:38.6,2021,
1509,In My Lifetime <Remix> <Clean>,Jay-Z,,00:00:00,03:53.5,1998,
1510,Pumps and a Bump,Hammer,,00:00:00,04:43.0,1994,
1511,Spicy <Clean>,"Nas, Fivio Foreign, ASAP Ferg",,00:00:00,02:41.4,2020,
1512,The Best of Both Worlds <Clean>,"Jay-Z, R. Kelly",,00:00:00,03:07.4,2002,
1513,22 Two's <Clean>,Jay-Z,,00:00:00,03:17.9,1996,
1514,Adnis <Clean>,Jay-Z,,00:00:00,02:10.2,2017,
1515,F***withmeyouknowigotit <Clean>,"Jay-Z, Rick Ross",,00:00:00,03:59.1,2013,
1516,Holy Grail <Clean>,"Jay-Z, Justin Timberlake",,00:00:00,05:17.8,2013,
1517,Part II <On the Run> <Clean>,"Jay-Z, Beyoncé",,00:00:00,05:29.8,2013,
1518,Excuse Me Miss <Clean>,Jay-Z,,00:00:00,04:37.1,2002,
1519,Blue Magic <Clean>,Jay-Z,,00:00:00,04:07.4,2007,
1520,Change Clothes <Clean>,Jay-Z,,00:00:00,04:12.1,2003,
1521,D.O.A. <Death of Auto-Tune> <Clean>,Jay-Z,,00:00:00,04:09.8,2009,
1522,Celebration,"Jay-Z, Memphis Bleek, Sauce Money, Wais",,00:00:00,03:16.2,1998,
1523,Streets Is Watching <Clean>,Jay-Z,,00:00:00,03:58.3,1997,
1524,The Truth <Clean>,Beanie Sigel,,00:00:00,04:04.8,2000,
1525,Beanie <Clean>,Beanie Sigel,,00:00:00,04:07.7,2001,
1526,Who Shot Ya 04 <Clean>,Beanie Sigel,,00:00:00,02:27.9,2004,
1527,Where I'm From <Clean>,Beanie Sigel,,00:00:00,03:03.7,2004,
1528,Watchers <Clean>,"Beanie Sigel, Oschino",,00:00:00,03:00.4,2004,
1529,Get Down '04 <Clean>,"Beanie Sigel, Oschino, Peedi Crakk",,00:00:00,02:12.5,2004,
1530,Gangsta Gangsta <N.W.A.> <Clean>,Beanie Sigel,,00:00:00,02:04.0,2004,
1531,Discipline <Clean>,"Gang Starr, Total",,00:00:00,04:12.1,1999,
1532,Skills <Clean>,Gang Starr,,00:00:00,03:16.9,2003,
1533,"Same Team, No Games <Clean>","Gang Starr, NYG'z, Hannibal Stax",,00:00:00,03:43.6,2003,
1534,You Know My Steez <Clean>,Gang Starr,,00:00:00,04:07.3,1997,
1535,Work <Clean>,Gang Starr,,00:00:00,02:52.5,1998,
1536,What I'm Here 4 <Clean>,Gang Starr,,00:00:00,02:43.7,1998,
1537,The Militia <Clean>,"Gang Starr, Freddie Foxxx, Big Shug",,00:00:00,04:47.5,1998,
1538,Moment of Truth <Clean>,Gang Starr,,00:00:00,04:04.3,1998,
1539,Speak Ya Clout <Clean>,Gang Starr,,00:00:00,03:32.3,1994,
1540,Mass Appeal <Clean>,Gang Starr,,00:00:00,03:37.5,1994,
1541,Dwyck <Clean>,"Gang Starr, Nice & Smooth",,00:00:00,03:54.8,1992,
1542,Code of the Streets <Clean>,Gang Starr,,00:00:00,03:17.1,1994,
1543,Royalty <Clean>,"Gang Starr, K-Ci & JoJo",,00:00:00,04:06.8,1998,
1544,Full Clip <Clean>,Gang Starr,,00:00:00,03:31.4,1999,
1545,Battle <Clean>,Gang Starr,,00:00:00,02:48.6,2002,
1546,I Ain't No Joke,Eric B. & Rakim,,00:00:00,03:49.5,1987,
1547,Juice <Know the Ledge> <Clean>,Eric B. & Rakim,,00:00:00,03:48.4,1991,
1548,Mahogany <Clean>,Eric B. & Rakim,,00:00:00,04:28.1,1990,
1626,Don't Sweat the Technique,Eric B. & Rakim,,00:00:00,04:07.0,1992,
1637,Holla at Me <Clean>,2Pac,,00:00:00,04:52.5,1996,
1638,Holla at Me <Clean>,2Pac,,00:00:00,04:52.5,1996,
1639,The Watcher 2 <Clean>,"Jay-Z, Dr. Dre, Rakim, Truth Hurts",,00:00:00,05:48.0,2002,
1640,Those MAgnificent Men In Their Flying Machines,The Stardust Singers,,00:00:00,03:09.4,2009,
1641,I Thought That I Could Fly,Bryan Morrison,,00:00:00,02:10.6,,
1642,Sloop John B.,The Beach Boys,,00:00:00,02:48.1,,
1643,My Evaline - BArbershop Quartet,Close Enough Quartet,,00:00:00,01:25.2,,
1644,If You Were A Woman <and I was a Man>,Bonnie Tyler,,00:00:00,05:02.8,2009,
1645,World Cup <Champions>,IShowSpeed,,00:00:00,04:03.8,2026,
1646,Freek-a-Leek <Clean>,Petey Pablo,,00:00:00,03:54.5,2003,
1647,Rack City <Clean>,Tyga,,00:00:00,03:19.1,2011,
1648,Mercy.1 <Clean>,"Kanye West, Big Sean, Pusha T, 2 Chainz",,00:00:00,05:24.0,2012,
1649,Beware of the Boys <Jay-Z Remix> <Clean>,"Panjabi MC, Jay-Z",,00:00:00,03:52.6,2003,
1650,On to the Next One <Clean>,"Jay-Z, Swizz Beatz",,00:00:00,04:15.7,2009,
1651,"Girls, Girls, Girls <Clean>",Jay-Z,,00:00:00,04:33.0,2001,
1652,Checkmate <Clean>,Jadakiss,,00:00:00,02:30.7,2005,
1653,Hate It or Love It <G-Unit Remix> <Clean>,"50 Cent, The Game, Tony Yayo, Young Buck, Lloyd Banks",,00:00:00,04:03.0,2005,
1654,I'm Supposed to Die Tonight <Clean>,50 Cent,,00:00:00,03:35.3,2005,
1655,Piggy Bank <Clean>,50 Cent,,00:00:00,04:08.0,2005,
1656,Wanksta <Clean>,50 Cent,,00:00:00,03:31.1,2002,
1657,Hate It or Love It <Clean>,"The Game, 50 Cent",,00:00:00,03:21.7,2005,
1658,Baby by Me <Clean>,"50 Cent, Ne-Yo",,00:00:00,03:28.3,2009,
1659,Candy Shop <Clean>,"50 Cent, Olivia",,00:00:00,03:20.7,2005,
1660,Disco Inferno <Clean>,50 Cent,,00:00:00,03:26.0,2005,
1661,Window Shopper <Clean>,50 Cent,,00:00:00,03:07.5,2005,
1662,Get Up <Clean>,50 Cent,,00:00:00,03:07.5,2008,
1663,How to Rob <Clean>,"50 Cent, The Madd Rapper",,00:00:00,04:23.0,2017,
1664,I'll Whip Ya Head Boy <Clean>,"50 Cent, Young Buck",,00:00:00,03:51.2,2005,
1665,When It Rains It Pours <Clean>,50 Cent,,00:00:00,03:49.1,2005,
1666,21 Questions <Clean>,"50 Cent, Nate Dogg",,00:00:00,02:54.4,2003,
1667,If I Can't <Clean>,50 Cent,,00:00:00,03:13.5,2003,
1668,In da Club <Clean>,50 Cent,,00:00:00,03:07.5,2003,
1669,Many Men <Wish Death> <Clean>,50 Cent,,00:00:00,04:08.6,2003,
1670,I Get Money <Clean>,50 Cent,,00:00:00,03:36.6,2007,
1671,Imaginary Players <Clean>,Jay-Z,,00:00:00,03:56.2,1997,
1672,Friday <Clean>,Ice Cube,,00:00:00,03:48.1,1995,
1673,Drink Away the Pain <Situations> <Clean>,"Mobb Deep, Q-Tip",,00:00:00,04:41.5,1995,
1674,Dear Summer <Clean>,Jay-Z,,00:00:00,02:52.6,2005,
1675,The Devil Is a Lie <Clean>,"Rick Ross, Jay-Z",,00:00:00,05:04.7,2013,
1676,"I Get Money <Forbes 1, 2, 3 Remix> <Clean>","50 Cent, Diddy, Jay-Z",,00:00:00,04:21.9,2007,
1677,Never Change <Clean>,Jay-Z,,00:00:00,03:55.9,2001,
1678,Lockjaw <Clean>,Sir Mix-a-Lot,,00:00:00,04:15.9,1992,
1679,Baby Got Back <Clean>,Sir Mix-a-Lot,,00:00:00,04:19.9,1992,
1680,'03 Bonnie & Clyde <Clean>,"Jay-Z, Beyoncé Knowles",,00:00:00,03:22.9,2002,
1681,Lean Back <Remix> <Clean>,"Fat Joe, Mase, Eminem, Remy Ma, Lil Jon",,00:00:00,04:42.1,2005,
1682,Big Tyme <Clean>,"Rick Ross, Swizz Beatz",,00:00:00,04:00.0,2019,
1683,3 Kings <Clean>,"Rick Ross, Dr. Dre, Jay-Z",,00:00:00,04:16.5,2012,
1684,Still Not a Player <Clean>,"Big Pun, Incubus",,00:00:00,04:10.7,2000,
1685,Twinz <Deep Cover 98> <Clean>,"Big Pun, Fat Joe",,00:00:00,04:05.4,1998,
1686,Still Not a Player <Clean>,"Big Pun, Joe",,00:00:00,03:55.8,1998,
1687,Deep Cover <Clean>,"Dr. Dre, Snoop Doggy Dogg",,00:00:00,03:50.3,1992,
1688,Bricked <Clean>,DigBar,,00:00:00,02:07.5,2025,
1701,Simple Game,Four Tops,,00:00:00,02:48.7,2008,Fade
1704,"So Long, Marianne",Leonard Cohen,,00:02.6,05:32.2,2002,
1709,Hopelessly In Love,"Carroll Thompson, Caroll Thompson",,00:02.5,03:38.9,1981,Fade
1720,It's My Birthday,will.i.am,,00:00:00,04:09.9,2014,
1725,Cool Jerk,Various Artists,,00:00:00,02:17.5,2004,Fade
1727,It's Been a Long Time,Rakim,,00:00:00,03:54.9,1997,
1733,Didn't Cha Know,Erykah Badu,,00:00:00,03:57.6,2000,
1734,Get Here,Oleta Adams,,00:00:00,04:10.9,1990,
1767,Are You Listening Yet?,Harry Styles,,00:00:00,03:07.7,2026,
1770,Breathalyser,The Cocktail Cabinet,,00:04.2,02:08.5,,End
1773,How Do You Keep The Music Playing,James Ingram,,00:00:00,04:00.4,1991,
1774,Looks,Mike Doughty,,00:00:00,02:48.9,2004,
1775,Like The Weather,"10,000 Maniacs",,00:00:00,04:14.8,1993,
1778,Praisin' U,Arrested Development,,00:00:00,03:53.5,1994,
1793,I Am A Rock,Simon & Garfunkel,,00:00:00,02:42.1,1965,
1794,Tuff Kid,Shawn Colvin,,00:00:00,03:00.8,2006,
1799,We Do What We Can,Sheryl Crow,,00:00:00,05:29.1,1993,
1803,New Arsenal Chant – Viktor Gyökeres Leading the Cannon,Ultras Unleashed,,00:00:00,02:24.9,2025,
1804,We Won the League at Anfield <Arsenal>,Ultras Unleashed,,00:00:00,03:47.8,2025,
1805,YMCA,Village People,,00:11.4,03:34.7,1993,Fade
1806,New Kid in Town,Eagles,,00:19.3,04:57.0,2005,Fade
1807,Life in the Fast Lane,Eagles,,00:25.6,04:39.0,2005,Fade
1809,Illegal,PinkPantheress,,00:00:00,02:29.2,2025,
1810,Just a Waste,PinkPantheress,,00:00:00,01:51.6,2020,
1816,Smooth Criminal,Michael Jackson,,00:00:00,04:07.9,1987,
1819,As Girls Go,Suzanne Vega,,00:00:00,03:09.3,1992,
1820,Games Without Frontiers,Peter Gabriel,,00:00:00,03:44.1,1980,
1821,Life Uncommon,Jewel,,00:00:00,04:32.5,1998,
1826,Victim of Love,Eagles,,00:22.1,04:02.8,2005,Fade
1827,Pretty Maids All in a Row,Eagles,,00:39.1,03:42.2,2005,Fade
1830,Wild Horses,The Rolling Stones,,00:20.4,05:36.5,2002,End
1836,Try and Love Again,Eagles,,00:00:00,04:56.6,2005,
1839,Free To Decide,The Cranberries,,00:00:00,04:16.0,1996,
1845,The Last Resort,Eagles,,00:07.9,07:11.7,2005,Fade
1847,"Rudy, a Message to You",Dandy Livingstone,,00:09.2,02:28.6,2010,Fade
1848,You Rock My World,Michael Jackson,,00:00:00,04:25.3,2003,
1849,"For Emily, Wherever I May Find Her [Live]",Simon & Garfunkel,,00:00:00,02:20.6,1969,
1851,Strange Brew - Cream,Cream,,00:18.9,02:44.4,1983,
1852,Rainbow Chaser,Nirvana,,00:16.7,02:29.4,1968,Fade
1853,It's Your Thing,"Isley Brothers, The",,00:00:00,02:40.1,2015,
1855,I Feel So Free,Madonna,,00:00:00,04:53.0,2026,
1856,With This Tear,Prince,,00:00:00,03:47.8,2026,
1862,Sunny Afternoon,The Kinks,,00:00:00,03:29.2,1966,
1864,WITH ME,John Summit & Julia Wolf,,00:00:00,03:00.3,,
1865,Movin’ To The Sun,"HUGEL, Ultra Nate, Imael Angel",,00:00:00,02:20.5,2026,
1866,I Just Dropped In <To See What Condition My Condition Was In>,"Sharon Jones & Dap-Kings, The",,00:00:00,02:53.1,2015,
1869,Immortals,Fall Out Boy,,00:00:00,03:04.8,2014,
1870,Animal,KATSEYE,,00:00:00,02:35.1,2026,
1871,Midnight Sun,Zara Larsson,,00:00:00,03:03.3,2025,
1872,Lola,The Kinks,,00:00:00,03:55.2,1970,
1876,Dai Dai World Cup Song 2026,Shakira & Burna Boy,,00:00:00,03:38.6,,
1879,Shoulda Never Clean,Kehlani Feat. Usher,,00:00:00,03:02.0,2026,
1880,iloveitiloveitiloveit <Clean>,Bella Kay,,00:00:00,03:01.1,2026,
1881,Satisfy,"Calvin Harris, Jazzy",,00:00:00,03:04.2,2026,
1882,Bring Your Love,"Madonna, Sabrina Carpenter",,00:00:00,03:18.3,,
1883,My People,Jazzy,,00:00:00,02:40.0,,
1885,High Hopes 3000,ROLE MODEL,,00:00:00,04:02.6,,
1886,Great Expectation,SIENNA SPIRO,,00:00:00,02:52.2,,
1888,It's A Heartache,Bonnie Tyler,,00:00:00,03:22.4,2001,
1889,What You Know,Two Door Cinema Club,,00:00:00,03:04.6,,
1890,U Get Me?,"Guvna B, Ghetts",,00:00:00,02:41.3,2023,
1894,Living Life,Tinie Tempah x Daecolm,,00:00:00,02:32.2,,
1900,Pennsylvania 6500,Glenn Miller And His Orchestra,,00:00:00,03:12.3,,
1901,The Roundabout Goes Around,Harry Roy & His Orchestra,,00:00:00,02:41.7,,
1902,Dancing In The Dark,Ambrose And His Orchestra,,00:00:00,03:07.8,,
1903,Boogie Woogie Bugle Boy,Andrews Sisters,,00:00:00,02:41.4,1985,
1904,Rum And Coca Cola,Andrews Sisters,,00:00:00,03:07.4,1990,
1905,A Pair Of Silver Wings,Anne Shelton,,00:00:00,03:07.4,1941,
1906,Sing Sing Sing,Benny Goodman,,00:00:00,04:25.9,1958,
1907,Loverman,Billie Holiday,,00:00:00,03:16.2,,
1908,Summertime,Billie Holiday,,00:00:00,02:59.7,1936,
1909,Don't Fence Me In,Bing Crosby And The Andrews Sisters,,00:00:00,03:04.5,1950,
1910,I'm Going To Get Lit Up,Carroll Gibbons And The Savoy Hotel Orpheans,,00:00:00,02:34.0,,
1911,Room Five Hundred And Four,Carroll Gibbons With Anne Lenner,,00:00:00,03:28.6,,
1912,Ive Got A Lovely Bunch of Coconuts,Danny Kaye,,00:00:00,02:24.9,,
1913,I Don't Want To Walk Without You,Flanagan And Allen,,00:00:00,02:45.0,,
1914,The Washing On The Siegfried Line,Flanagan And Allen,,00:00:00,02:44.2,,
1915,Cheek To Cheek,Frank Sinatra,,00:00:00,03:05.2,1993,
1916,When I'm Cleaning Windows,George Formby,,00:00:00,02:52.8,1936,
1917,I Couldn't Sleep A Wink Last Night,Geraldo And His Orchestra,,00:00:00,03:00.6,1944,
1918,Moonlight Serenade,Glenn Miller,,00:00:00,02:24.0,1989,
1919,A String Of Pearls,Glenn Miller And His Orchestra,,00:00:00,03:11.3,,
1920,American Patrol,Glenn Miller And His Orchestra,,00:00:00,03:16.6,1946,
1921,Chattanooga Choo Choo,Glenn Miller And His Orchestra,,00:00:00,02:29.3,1941,
1922,In The Mood,Glenn Miller And His Orchestra,,00:00:00,03:32.7,1992,
1923,Tuxedo Junction,Glenn Miller And His Orchestra,,00:00:00,03:25.6,1940,
1924,Jukebox Saturday Night,Glenn Miller With Tex Beneke,,00:00:00,03:03.5,1992,
1925,The Thing Ummy Bob,Gracie Fields,,00:00:00,02:39.6,,
1926,Wish Me Luck As You Wave Me Goodbye,Gracie Fields,,00:00:00,02:56.4,1980,
1927,Leicester Square Rag,Harru Roy And His Band,,00:00:00,03:08.2,,
1928,Alexander's Ragtime Band,Harry Roy,,00:00:00,02:41.6,1934,
1929,Our Backstreet Is Broadway,Harry Roy And His Band,,00:00:00,03:03.2,,
1930,She Had To Go And Lose It At The Asto,Harry Roy And His Band,,00:00:00,02:47.6,,
1931,The Five 'O Clock Whistle,Harry Roy And His Band,,00:00:00,02:55.0,,
1932,You Are My Sunshine,Harry Roy And His Band,,00:00:00,02:42.2,,
1933,Do I Worry,Ink Spots,,00:00:00,02:35.0,1955,
1934,I Don't Want To Set The World On Fire,Ink Spots,,00:00:00,02:58.4,1941,
1935,Maybe,Ink Spots,,00:00:00,03:06.6,,
1936,If I Had My Way,Ivy Benson And Her All Girl Band,,00:00:00,03:18.9,1943,
1937,The Homecoming Waltz,Ivy Benson And Her All Girl Band,,00:00:00,03:13.5,,
1938,Everything Stops for Tea,Jack Buchanan,,00:00:00,02:03.5,1936,
1939,A Zoot Suit For My Sunday Girl,Jack Martin,,00:00:00,03:06.7,,
1940,Say It With Music,Jack Payne And The BBC Dance Orchestra,,00:00:00,02:52.3,,
1941,And The Angels Sing,Joe Loss And His Band,,00:00:00,02:53.6,,
1942,Hurry Home,Joe Loss And His Orchestra With Chick Hend,,00:00:00,03:06.0,,
1943,That's Me And My Love,Ken MacKintosh And His Orchestra,,00:00:00,02:11.5,,
1944,You Shouldn't Have Kissed Me The First Time,Ken MacKintosh And His Orchestra,,00:00:00,02:32.0,,
1945,You'd Be So Nice To Come Home To,Leslie  Hutch  Hutchinson,,00:00:00,02:43.5,,
1946,Boogie Bounce,Lou Preager And His Orchestra,,00:00:00,02:50.1,,
1947,I Want To Learn To Dance,Lou Preager And His Orchestra With Rusty Hurren,,00:00:00,03:20.0,,
1948,La Vie En Rose,Louis Armstrong,,00:00:00,03:17.8,1993,
1949,Cho Cho Cha' Boogie,Louis Jordan,,00:00:00,02:39.8,,
1950,A Man's Best Friend is A Bed,Louis Jordan & His Tympany Five,,00:00:00,03:10.3,1953,
1951,Aint Nobody Here But Us Chicken,Louis Jordon,,00:00:00,03:04.7,,
1952,Slipping Around,Margaret Whiting And Jimmy Wakely,,00:00:00,02:07.6,1949,
1953,"I Came, I Saw, I Conga'd",Nat Gonella & His New Georgian,,00:00:00,02:39.6,1941,
1954,Hot Dogs,Nat Gonella & His New Georgians,,00:00:00,03:17.0,,
1955,Nature Boy,Nat King Cole,,00:00:00,02:38.6,1990,
1956,London Pride,Noel Coward,,00:00:00,03:17.9,,
1957,Mad Dogs and Englishmen,Noel Coward,,00:00:00,02:39.2,,
1958,Stately Homes Of England,Noel Coward,,00:00:00,03:20.7,,
1959,Daddy,Oscar Rabin & His Band,,00:00:00,03:03.6,1941,
1960,You're Still The Only Girl,Oscar Rabin And His Band With Bob Dalle,,00:00:00,02:35.6,,
1961,The Entertainer,Scott Joplin (Joshua Rifkin),,00:00:00,05:01.1,1996,
1962,A Little On The Lonely Side,Teddy Foster And His Band With Dennis Hale,,00:00:00,03:04.6,,
1963,On The Sunny Side Of The Street,Tommy Dorsey And His Orchestra With The Sentimenta,,00:00:00,03:09.8,,
1964,A Nightingale Sang In Berkeley Square,Vera Lynn,,00:00:00,03:13.1,1940,
1965,That Lonely Weekend,Vera Lynn,,00:00:00,03:12.6,,
1966,We'll Meet Again,Vera Lynn,,00:00:00,03:00.3,1989,
1992,Microphone Fiend,Eric B. & Rakim,,00:00:00,05:12.7,1988,
1993,November Has Come,"Gorillaz, MF Doom",,00:00:00,02:39.1,2005,
1996,Gun In My Hand,Dorothy,,00:00:00,03:14.4,2015,
1997,Fortunate Son,Creedence Clearwater Revival,,00:00:00,02:12.2,2008,
1998,Bad Moon Rising <Remastered 1985>,Creedence Clearwater Revival,,00:00:00,02:13.8,2008,
1999,Proud Mary,Creedence Clearwater Revival,,00:00:00,03:00.5,2008,
2000,Botch-A-Me,Rosemary Clooney,,00:00:00,02:15.5,1952,
2001,Middle Of The House,Alma Cogan,,00:00:00,02:04.8,1956,
2002,Train Of Love,Alma Cogan,,00:00:00,02:28.0,1960,
2003,Pop Goes The Weasle,Anthony Newley,,00:00:00,02:42.1,,
2004,God Bless The Child,Billie Holiday,,00:00:00,03:08.4,1992,
2005,That Ole Devil Called Love,Billie Holiday,,00:00:00,02:52.6,1945,
2006,Good Morning Life,Dean Martin,,00:00:00,02:12.4,,
2007,A Guy is a Guy,Doris Day,,00:00:00,02:38.9,1952,
2008,A Fine Romance,Ella Fitzgerald,,00:00:00,03:38.2,1996,
2009,Isnt it a Lovely Day,Ella Fitzgerald,,00:00:00,03:24.6,,
2010,Stardust,Ella Fitzgerald,,00:00:00,03:58.2,1963,
2011,A Fool Such As I,Elvis Presley,,00:00:00,02:25.5,1973,
2012,I Got Stung,Elvis Presley,,00:00:00,01:49.4,1958,
2013,Spoonful,Etta James,,00:00:00,02:46.9,2012,
2014,The Kid's Last Fight,Frankie Laine,,00:00:00,03:21.0,1954,
2015,Angelina (Zooma Zooma),Louis Prima,,00:00:00,04:17.4,,
2016,"5 Months, 2 Weeks, 2 Days",Louis Prima & The Witnesses,,00:00:00,02:07.4,,
2017,Orchestra Perez Prado,Mambo No 5,,00:00:00,02:08.8,,
2018,Things Aint What they Used to be,Max Bygraves,,00:00:00,02:14.3,,
2019,Daisy Daisy,Nat King Cole,,00:00:00,01:44.1,,
2020,Stardust,Nat King Cole,,00:00:00,03:15.1,1957,
2021,I Wish I Knew,Nina Simone,,00:00:00,03:04.6,,
2022,Hallejuah I Love Him So,Peggy Lee,,00:00:00,02:27.4,,
2023,Why Dont you Do Right,Peggy Lee,,00:00:00,02:24.3,,
2024,Guaglione,Perez Prez Prado,,00:00:00,02:23.7,,
2025,Delaware,Perry Como,,00:00:00,02:20.7,1960,
2026,Elevator Operartor,The Rays,,00:00:00,02:12.0,,
2027,A Handful Of Songs,Tommy Steele,,00:00:00,02:00.7,,
2028,On the Street Where You Live,Vic Damone,,00:00:00,02:38.7,1956,
2029,On the Street Where You Live,Nat King Cole,,00:00:00,03:06.3,1999,
2030,Dreamboat,Alma Cogan,,00:07.3,01:43.3,1955,
2031,Lets Fall In Love,Alma Cogan,,00:09.2,02:18.6,,
2032,Don’t Rain On My Parade,Bobby Darin,,00:19.9,02:52.8,,
2033,Dream Lover,Bobby Darin,,00:07.3,02:25.6,1988,
2034,La Mer (Beyond The Sea),Bobby Darin,,00:06.4,02:51.0,1960,
2035,Mack The Knife,Bobby Darin,,00:05.0,03:04.5,1980,
2036,Splish Splash,Bobby Darin,,00:02.9,02:08.3,1958,
2037,Things,Bobby Darin,,00:05.5,02:27.6,,
2038,The Lady Is a Tramp,Buddy Greco,,00:00.1,03:34.3,1960,
2039,Everyday,Buddy Holly,,00:03.6,02:04.6,1958,
2040,Heartbeat,Buddy Holly,,00:06.1,02:06.5,,
2041,Aint That a Kick in the Head,Dean Martin,,00:07.1,02:21.7,,
2042,Memories Are Made Of This,Dean Martin,,00:03.8,02:12.7,,
2043,Sway,Dean Martin,,00:14.3,02:40.2,1954,
2044,Thats Amore,Dean Martin,,00:02.6,03:04.9,,
2045,Volare,Dean Martin,,00:00.3,02:57.4,1994,
2046,You're Nobody Till Somebody Love You,Dean Martin,,00:07.1,02:10.9,1964,
2047,How Do You Like Your Eggs,Dean Martin & Helen O'Connell,,00:07.2,02:43.8,,
2048,Mad About The Boy,Dinah Washington,,00:15.8,02:44.7,1992,
2049,Our Love Is Here To Stay,Dinah Washington,,00:05.6,03:05.2,,
2050,What A Difference A Day Makes,Dinah Washinton,,00:15.2,02:29.2,,
2051,"Perhaps, Perhaps, Perhaps",Doris Day,,00:08.0,02:29.7,1992,
2052,Whatever Will Be Will Be,Doris Day,,00:07.1,02:01.8,1965,
2053,Every Time We Say Goodbye,Ella Fitzgerald,,00:11.8,03:30.3,,
2054,Love Me Tender,Elvis Presley,,00:02.9,02:38.9,1956,
2055,At Last,Etta James,,00:19.2,02:58.1,1965,
2056,Blueberry Hill,Fats Domino,,00:10.1,02:19.1,1987,
2057,(Love is) The Tender Trap,Frank Sinatra,,00:07.6,02:54.7,,
2058,I Get A Kick Out Of You,Frank Sinatra,,00:00:00,03:15.3,1955,
2059,I've Got You Under My Skin,Frank Sinatra,,00:00:00,03:30.3,1987,
2060,Love And Marriage,Frank Sinatra,,00:12.7,01:28.4,1955,
2061,The Lady Is a Tramp,Frank Sinatra,,00:08.2,03:12.7,,
2062,They Can't Take That Away From,Frank Sinatra,,00:02.6,02:39.4,1965,
2063,What Now My Love,Frank Sinatra,,00:07.0,02:28.4,,
2064,You Make Me Feel So Young,Frank Sinatra,,00:08.0,02:52.0,1987,
2065,Green Door,Frankie Vaughan,,00:04.0,02:43.9,1956,
2066,Banana Boat Song (Day O),Harry Belafonte,,00:00.1,02:58.8,1956,
2067,Here Comes Summer,Jerry Keller,,00:05.1,02:06.8,1958,
2068,Folsom Prison Blues,Johnny Cash,,00:05.5,02:46.6,1971,
2069,I Walk The Line,Johnny Cash,,00:15.1,02:37.8,1958,
2070,Ring Of Fire,Johnny Cash,,00:09.3,02:33.0,,
2071,Its a Good Day,Kay Starr,,00:03.3,01:55.7,,
2072,Rock And Roll Waltz,Kay Starr,,00:06.4,02:54.1,1955,
2073,Hoots Mon,Lord Rockingham XI,,00:08.3,02:11.6,1958,
2074,Jump Jive & Wail,Louie Prima,,00:04.9,03:26.4,,
2075,Just A Gigolo,Louis Prima,,00:03.9,04:40.4,1994,
2076,Smile,Nat King Cole,,00:08.2,02:50.4,1954,
2077,Unforgettable,Nat King Cole,,00:12.1,03:25.5,1989,
2078,When I Fall in Love,Nat King Cole,,00:28.8,03:07.2,1987,
2079,My Baby Just Cares For Me,Nina Simone,,00:09.2,03:34.0,1986,
2080,Love Letters In The Sand,Pat Boone,,00:09.2,02:20.9,,
2081,Fever,Peggy Lee,,00:14.5,03:18.0,,
2082,Hot Diggity (Dog Ziggity Boom),Perry Como,,00:06.7,02:19.9,1956,
2083,Magic Moments,Perry Como,,00:09.6,02:37.9,1958,
2084,Papa Loves Mambo,Perry Como,,00:12.2,02:40.2,1950,
2085,Only You,Platters,,00:04.5,02:34.3,,
2086,Smoke Gets In Your Eyes,Platters,,00:08.5,02:35.2,1987,
2087,The Great Pretender,Platters,,00:00:05,02:34.7,1984,
2088,Sway,Rosemary Clooney,,00:19.6,02:19.1,,
2089,Mambo Italiano,Rosemary Clooney And The Mellomen,,00:00.1,02:28.7,1954,
2090,You Send Me,Sam Cooke,,00:00.1,02:40.8,1957,
2091,That Old Black Magic,Sammy Davis Jr,,00:08.1,03:16.8,,
2092,"Goodnight, Sweetheart, Goodnight",The Moonglows,,00:02.2,02:41.9,,
2093,Will You Still Love Me Tomorrow,The Shirelles,,00:07.2,02:39.5,1961,
2094,(I Left My Heart In) San Franco,Tony Bennett,,00:07.3,02:50.3,,
2095,Rags to Riches,Tony Bennett,,00:07.9,02:46.9,,
2096,Stranger in Paradise,Tony Bennett,,00:17.8,03:01.3,1953,
2097,"Cara, Mia",Jay & The Americans,,00:00:00,02:30.5,,End
2098,Green River <Remastered 1985>,Creedence Clearwater Revival,,00:00:00,02:24.9,2008,
2099,Party All the Time,"Eddie Murphy, Rick James",,00:00:00,04:09.5,1985,
2100,(If Paradise Is) Half As Nice,Amen Corner,,00:20.0,02:56.6,1968,
2101,Bend Me Shape Me,Amen Corner,,00:07.5,02:31.6,1968,
2102,Can't Get Used To Losing You,Andy Williams,,00:11.2,02:19.5,1963,
2103,Can't Help Falling In Love,Andy Williams,,00:15.7,03:07.1,1970,
2104,Can't Take My Eyes Off You,Andy Williams,,00:06.7,03:06.2,1967,
2105,Music To Watch Girls By,Andy Williams,,00:09.2,02:25.8,1967,
2106,The Impossible Dream,Andy Williams,,00:05.8,02:29.0,1971,
2107,House Of The Rising Sun,Animals,,00:11.6,04:25.8,1964,
2108,We Gotta Get Out Of This Place,Animals,,00:08.5,03:10.2,1965,
2109,Respect,Aretha Franklin,,00:09.6,02:20.5,1967,
2110,Think,Aretha Franklin,,00:00:08,03:12.0,1968,
2111,Raindrops Keep Falling On My Head,B J Thomas,,00:04.7,02:55.8,,
2112,Barbara Ann,Beach Boys,,00:00.1,01:59.1,1965,
2113,California Girls,Beach Boys,,00:26.6,02:27.0,1965,
2114,Fun Fun Fun,Beach Boys,,00:18.1,02:13.7,1964,
2115,God Only Knows,Beach Boys,,00:17.8,02:44.1,1966,
2116,Good Vibrations,Beach Boys,,00:00.2,03:34.4,1966,
2117,I Get Around,Beach Boys,,00:00.6,02:06.2,1964,
2118,Surfin' Usa,Beach Boys,,00:02.4,02:24.2,1963,
2119,Wouldn't It Be Nice,Beach Boys,,00:06.9,02:19.0,1966,
2120,A Hard Day's Night,Beatles,,00:02.5,02:26.1,1965,
2121,All You Need Is Love,Beatles,,00:08.5,03:38.1,1967,
2122,Ballad Of John And Yoko,Beatles,,00:03.5,02:56.0,1969,
2123,Can't Buy Me Love,Beatles,,00:00.4,02:09.1,1964,
2124,Day Tripper,Beatles,,00:17.4,02:42.7,,
2125,Drive My Car,Beatles,,00:04.6,02:23.0,1966,
2126,Eight Days a Week,Beatles,,00:07.7,02:41.8,1965,
2127,Elenaor Rigby,Beatles,,00:00.0,02:03.5,,
2128,From Me To You,Beatles,,00:06.7,01:53.5,,
2129,Get Back,Beatles,,00:07.6,03:06.4,1969,
2130,Hello Goodbye,Beatles,,00:00.0,03:16.6,1967,
2131,Help!,Beatles,,00:00.1,02:16.0,1965,
2132,Here Comes The Sun,Beatles,,00:15.1,03:03.1,1971,
2133,Hey Jude,Beatles,,00:00.2,06:54.8,1970,
2134,I Feel Fine,Beatles,,00:16.0,02:10.5,1964,
2135,I Want To Hold Your Hand,Beatles,,00:06.8,02:22.9,1963,
2136,Lady Madonna,Beatles,,00:08.9,02:13.4,1968,
2137,Let It Be,Beatles,,00:12.9,03:47.0,1987,
2138,Love Me Do,Beatles,,00:13.0,02:16.8,1982,
2139,Paperback Writer,Beatles,,00:00.1,02:15.1,1964,
2140,Penny Lane,Beatles,,00:00.4,02:57.3,1967,
2141,She Loves You,Beatles,,00:00.6,02:18.1,1964,
2142,Ticket To Ride,Beatles,,00:07.8,03:05.7,1965,
2143,Twist and Shout,Beatles,,00:07.0,02:31.2,1963,
2144,We Can Work It Out,Beatles,,00:00.3,02:09.2,2021,
2145,Yellow Submarine,Beatles,,00:00.0,02:33.6,1987,
2146,Yesterday,Beatles,,00:05.0,02:02.6,1965,
2147,Stand By Me,Ben E. King,,00:15.3,02:51.1,1987,
2148,Halfway To Paradise,Billy Fury,,00:07.6,02:22.0,1961,
2149,Bad To Me,Billy J Kramer And The Dakotas,,00:00.8,02:00.7,1963,
2150,Lay Lady Lay,Bob Dylan,,00:13.1,03:14.0,,
2151,Like A Rolling Stone,Bob Dylan,,00:10.6,06:02.8,,
2152,Subterranean Homesick Blues,Bob Dylan,,00:08.7,02:17.6,,
2153,The Times They Are A Changing,Bob Dylan,,00:03.0,03:10.3,1994,
2154,Sunny,Bobby Hebb,,00:01.5,02:39.7,1966,
2155,Rubber Ball,Bobby Vee,,00:01.2,02:26.7,,
2156,Blue Velvet,Bobby Vinton,,00:00.3,02:46.0,1963,
2157,I'm The Urban Spaceman,Bonzo Dog Doo Dah Band,,00:10.6,02:20.0,1968,
2158,Green Onions,Booker T And The MG's,,00:07.6,02:48.7,,
2159,Neon Rainbow,Box Tops,,00:04.3,02:54.9,1967,
2160,Gimme Little Sign,Brenton Wood,,00:00.1,02:15.4,1967,
2161,Fools Rush In,Brook Benton,,00:07.0,02:25.0,,
2162,For What Its Worth,Buffalo Springfield,,00:10.1,02:32.8,,
2163,Mr Tambourine Man,Byrds,,00:08.6,02:25.9,,
2164,Out of Time,Chris Farlowe,,00:15.3,03:10.4,,
2165,Let's Dance,Chris Montez,,00:06.3,02:10.6,1962,
2166,The More I See You,Chris Montez,,00:17.9,02:36.8,1966,
2167,Alfie,Cilla Black,,00:01.2,02:36.3,1966,
2168,Anyone Who Had A Heart,Cilla Black,,00:01.1,02:47.5,1964,
2169,But I Do,Clarence Frogman Henry,,00:08.5,02:15.9,,
2170,Got To Get You Into My Life,Cliff Bennett And The Rebel Rousers,,00:06.8,02:29.2,1966,
2171,Congratulations,Cliff Richard,,00:04.2,02:28.8,1968,
2172,Living Doll,Cliff Richard,,00:02.6,02:34.3,1959,
2173,Summer Holidays,Cliff Richard,,00:07.7,02:11.4,1963,
2174,The Young Ones,Cliff Richard And The Shadows,,00:15.2,03:09.1,,
2175,Come Back And Shake Me,Clodagh Rodgers,,00:07.4,02:30.4,1969,
2176,Fire,Crazy World Of Arthur Brown,,00:00.1,02:46.5,1968,
2177,Da Doo Ron Ronn,Crystals,,00:06.0,02:13.3,,
2178,Bits And Pieces,Dave Clark Five,,00:06.4,01:54.4,1964,
2179,Bend It,Dave Dee Dozy Beaky Mick And Tich,,00:05.2,02:29.5,1966,
2180,Space Oddity,David Bowie,,00:17.8,04:54.3,1984,
2181,Runaway,Del Shannon,,00:06.9,02:15.9,1988,
2182,Do You Know The Way To San Jose,Dionne Warwick,,00:12.0,02:46.9,1968,
2183,Walk On By,Dionne Warwick,,00:04.9,02:47.4,1964,
2184,Mellow Yellow,Donovan,,00:09.1,03:33.4,1967,
2185,Move Over Darling,Doris Day,,00:08.9,02:30.4,,
2186,I Only Want To Be With You1,Dusty Springfield,,00:06.9,02:33.8,,
2187,In The Middle Of Nowhere,Dusty Springfield,,00:07.1,02:43.8,1965,
2188,Son of a Preacher Man,Dusty Springfield,,00:11.2,02:22.7,1968,
2189,Spooky,Dusty Springfield,,00:08.0,02:36.3,1970,
2190,The Look Of Love,Dusty Springfield,,00:00.3,03:28.3,,
2191,You Don't Have To Say You Love Me,Dusty Springfield,,00:17.8,02:46.3,,
2192,25 Miles,Edwin Starr,,00:23.7,03:13.7,1969,
2193,Stop Her On Sight (S.O.S),Edwin Starr,,00:11.0,02:11.9,1966,
2194,(You're The) Devil In Disguise,Elvis Presley,,00:03.6,02:16.1,1963,
2195,Always On My Mind,Elvis Presley,,00:06.7,03:19.6,1985,
2196,Are You Lonesome Tonight,Elvis Presley,,00:09.8,03:03.3,,
2197,In The Ghetto,Elvis Presley,,00:04.6,02:41.5,1969,
2198,It's Now or Never,Elvis Presley,,00:11.9,03:12.6,1987,
2199,The Wonder Of You,Elvis Presley,,00:13.3,02:29.6,1970,
2200,Viva Las Vegas,Elvis Presley,,00:06.4,02:18.5,1964,
2201,Release Me,Engelbert Humperdinck,,00:12.6,03:15.7,1967,
2202,Baby Come Back,Equals,,00:10.5,02:32.9,,
2203,I Just Want To Make Love You,Etta James,,00:10.5,03:00.3,1961,
2204,Somethings Got A Hold on Me,Etta James,,00:00.2,02:45.3,1962,
2205,Nothing But a Heartache,Flirtations,,00:08.7,02:37.6,1968,
2206,Rescue Me,Fontella Bass,,00:14.7,02:43.5,1965,
2207,I Cant Help Myself,Four Tops,,00:10.2,02:38.0,,
2208,Reach Out I'll Be There,Four Tops,,00:16.0,02:52.9,1997,
2209,Me & My Shadow,Frank Sinatra & Sammy Davis Jnr,,00:08.9,02:36.7,,
2210,Come Fly with Me,Frank Sinatra,,00:07.2,03:14.5,1958,
2211,Fly Me To The Moon,Frank Sinatra,,00:07.9,02:25.1,2005,
2212,My Way,Frank Sinatra,,00:05.7,04:34.3,1969,
2213,Strangers In the Night,Frank Sinatra,,00:10.6,02:31.4,,
2214,Thats Life,Frank Sinatra,,00:11.9,03:03.7,,
2215,They All Laughed,Frank Sinatra,,00:17.1,02:46.6,,
2216,Do I Love You,Frank Wilson,,00:17.8,02:19.0,1965,
2217,Beggin',Frankie Valli & The Four Seasons,,00:09.3,02:44.7,2007,
2218,Big Girls Dont Cry,Frankie Valli & The Four Seasons,,00:02.4,02:22.3,,
2219,Walk Like A Man,Frankie Valli & The Four Seasons,,00:08.1,02:11.8,,
2220,I'm Telling You Now,Freddie And The Dreamers,,00:06.8,02:05.7,1965,
2221,You Were Made For Me,Freddie And The Dreamers,,00:03.3,02:16.1,,
2222,Yeh Yeh,Georgie Fame And The Blue Flames,,00:04.5,02:43.9,1964,
2223,Ferry Cross The Mersey,Gerry and the Pacemakers,,00:14.3,02:21.4,1965,
2224,How Do You Do It,Gerry and the Pacemakers,,00:06.4,01:51.9,,
2225,I Like It,Gerry and the Pacemakers,,00:05.7,02:11.5,1963,
2226,You'll Never Walk Alone,Gerry and the Pacemakers,,00:00.2,02:37.4,1963,
2227,Wichita Lineman,Glen Campbell,,00:10.5,03:00.2,1968,
2228,Just Like Eddie,Heinz,,00:05.7,02:32.4,1963,
2229,I'm Into Something Good,Herman's Hermits,,00:07.4,02:29.9,1964,
2230,No Milk Today,Herman's Hermits,,00:07.7,02:53.0,1988,
2231,Bus Stop,Hollies,,00:07.3,02:49.1,,
2232,He Ain't Heavy He's My Brother,Hollies,,00:10.8,04:13.2,1969,
2233,Just One Look,Hollies,,00:01.0,02:25.0,,
2234,The Air That I Breathe,Hollies,,00:13.9,04:06.0,1974,
2235,Have I The Right,Honeycombes,,00:06.8,02:54.7,,
2236,River Deep Mountain High,Ike & Tina Turner,,00:04.9,03:32.6,1966,
2237,This Old Heart Of Mine (Is Weak For You),Isley Brothers,,00:13.6,02:47.1,1966,
2238,(Your Love Keeps Lifting Me) Higher And Higher,Jackie Wilson,,00:15.8,02:56.2,1967,
2239,I Get The Sweetest Feeling,Jackie Wilson,,00:08.0,02:52.7,1968,
2240,I Got You (I Feel Good),James Brown,,00:00.2,02:45.2,1965,
2241,Its A Man's Man's Man's World,James Brown,,00:10.7,02:42.2,,
2242,Papa's Got A Brand New Bag,James Brown,,00:01.8,02:02.8,1965,
2243,Mr Big Stuff,Jean Knight,,00:04.3,02:40.2,1971,
2244,Hi Ho Silver Lining,Jeff Beck,,00:09.1,02:44.5,1967,
2245,Somebody to Love,Jefferson Airplanes,,00:00.1,02:54.5,1967,
2246,All Along The Watchower,Jimi Hendrix,,00:18.8,03:56.4,,
2247,Crosstown Traffic,Jimi Hendrix,,00:21.4,02:15.3,,
2248,Fox Lady,Jimi Hendrix,,00:00:03,03:03.9,,
2249,Purple Haze,Jimi Hendrix Experience,,00:32.0,02:46.0,1967,
2250,Voodoo Chile,Jimi Hendrix Experience,,01:01.7,04:14.9,,
2251,Big Bad John,Jimmy Dean,,00:00.2,02:56.3,,
2252,What Becomes Of The Broken Hearted,Jimmy Ruffin,,00:07.6,02:52.4,1966,
2253,Light My Fire,Jose Feliciano,,00:24.0,03:32.5,1989,
2254,Im a Roadrunner,Junior Walker & the All Stars,,00:01.3,02:44.8,,
2255,Happiness,Ken Dodd,,00:01.7,01:56.9,,
2256,Louie Louie,Kingsmen,,00:08.4,02:41.2,1965,
2257,All Day and All of the Night,Kinks,,00:07.2,02:20.5,1964,
2258,Autumn Almanac,Kinks,,00:08.5,03:05.8,1967,
2259,Dedicated Follower Of Fashion,Kinks,,00:07.1,02:58.4,1966,
2260,Sunny Afternoon,Kinks,,00:15.3,03:29.1,1966,
2261,Tired Of Waiting For You,Kinks,,00:07.9,02:29.0,1965,
2262,Waterloo Sunset,Kinks,,00:17.0,03:11.5,1967,
2263,You Really Got Me,Kinks,,00:07.2,02:10.9,1988,
2264,A Whole Lotta Love,Led Zeppelin,,00:11.1,05:26.1,1969,
2265,Working In A Coalmine,Lee Dorsey,,00:09.8,02:40.4,1984,
2266,The Locomotion,Little Eva,,00:08.3,02:23.2,,
2267,We Have All The Time In The World,Louis Armstrong,,00:09.6,03:11.3,1969,
2268,What A Wonderful World,Louis Armstrong,,00:06.0,02:15.1,1988,
2269,Everlasting Love,Love Affair,,00:25.2,02:55.0,1968,
2270,Daydream,Lovin' Spoonful,,00:05.0,02:17.6,1966,
2271,Summer In The City,Lovin' Spoonful,,00:07.2,02:36.9,1990,
2272,Boom Bang A Bang,Lulu,,00:07.7,02:19.5,1969,
2273,Shout,Lulu,,00:00.1,02:49.3,1983,
2274,California Dreamin',Mamas And The Papas,,00:07.8,02:37.6,1980,
2275,Dream A Little Dream Of Me,Mamas And The Papas,,00:05.3,03:08.6,1968,
2276,Monday Monday,Mamas & The Papas,,00:11.9,03:16.3,1966,
2277,5-4-3-2-1,Manfred Mann,,00:00.1,01:55.6,1964,
2278,Do Wah Diddy Diddy,Manfred Mann,,00:03.6,02:20.6,,
2279,Pretty Flamingo,Manfred Mann,,00:07.6,02:30.5,1966,
2280,Calfornia Soul,Marlena Shaw,,00:10.3,02:53.2,,
2281,Dancing In The Street,Martha And The Vandellas,,00:08.4,02:34.3,1964,
2282,Jimmy Mack,Martha &The Vandellas,,00:00.9,02:46.2,1967,
2283,Nowhere To Run,Martha & The Vandellas,,00:06.3,00:02:40,,
2284,(Love Is Like A) Heatwave,Martha Reeves & The Vandellas,,00:28.0,02:39.7,,
2285,How Sweet It Is,Marvin Gaye,,00:02.4,02:50.0,1965,
2286,I Heard It Through The Grapevine,Marvin Gaye,,00:19.7,03:08.2,,
2287,My Boy Lollipop,Millie,,00:01.0,01:55.8,1964,
2288,Whats Going On,Marvin Gaye,,00:16.8,03:44.9,2012,
2289,It Takes Too,Marvin Gaye & Kim Weston,,00:06.9,02:52.8,1966,
2290,My Guy,Mary Wells,,00:07.4,02:48.4,1964,
2291,Born Free,Matt Monro,,00:21.2,02:45.3,1966,
2292,This is the Life,Matt Monro,,00:08.1,02:16.5,1966,
2293,Stay,Maurice Williams,,00:01.0,01:36.0,,
2294,Daydream Believer,Monkees,,00:06.3,02:42.0,1967,
2295,I'm A Believer,Monkees,,00:04.7,02:40.7,1966,
2296,Last Train To Clarksville,Monkees,,00:09.4,02:39.6,1966,
2297,Steppin Stone,Monkees,,00:07.8,02:16.3,1966,
2298,Go Now,Moody Blues,,00:00.2,03:09.5,1965,
2299,Nights In White Satin,Moody Blues,,00:09.8,04:21.4,1967,
2300,Blackberry Way,Move,,00:00.4,03:23.6,1968,
2301,Fire Brigade,Move,,00:10.7,02:21.5,1968,
2302,Flowers In The Rain,Move,,00:03.7,02:16.9,1967,
2303,My Baby Shot Me Down,Nancy Sinatra,,00:12.3,02:36.4,,
2304,These Boots Are Made For Walking,Nancy Sinatra,,00:11.1,02:35.5,1965,
2305,Somethin' Stupid,"Nancy Sinatra, Frank Sinatra",,00:10.9,02:31.5,1967,
2306,Tobacco Road,Nashville Teens,,00:10.9,02:25.3,1964,
2307,L.o.v.e,Nat King Cole,,00:06.0,02:29.3,2015,
2308,Let There Be Love,Nat King Cole,,00:32.2,02:41.6,1989,
2309,Let's Face The Music And Dance,Nat King Cole,,00:09.6,02:22.1,1994,
2310,On the Street Where You Live,Nat King Cole,,00:00.1,03:06.9,1999,
2311,Breaking Up Is Hard To Do,Neil Sedaka,,00:00.9,02:12.2,1962,
2312,Happy Birthday Sweet Sixteen,Neil Sedaka,,00:01.1,02:30.8,1961,
2313,Oh Carol,Neil Sedaka,,00:14.7,02:13.0,1959,
2314,Everybody's Talkin',Nilsson,,00:08.5,02:38.9,1968,
2315,Ain't Got No Life,Nina Simone,,00:07.7,02:13.5,,
2316,Feeling Good,Nina Simone,,00:00.3,02:50.1,1994,
2317,I Put A Spell On You,Nina Simone,,00:17.1,02:31.8,,
2318,Spirit in the Sky,Norman Greenbaum,,00:30.8,03:55.2,1969,
2319,Hard to Handle,Otis Redding,,00:08.4,02:12.2,1968,
2320,Stittin' On The Dock of The Bay,Otis Redding,,00:08.2,02:38.8,,
2321,Angel Of The Morning,P P Arnold,,00:12.0,03:09.6,,
2322,The First Cut Is the Deepest,P.P Arnold,,00:09.2,03:10.5,,
2323,Crazy,Patsy Cline,,00:13.5,02:39.9,1990,
2324,When A Man Loves A Woman,Percy Sledge,,00:13.5,02:42.1,1972,
2325,Leaving on a Jet Plane,Peter Paul and Mary,,00:10.0,03:23.5,1969,
2326,Downtown,Petula Clark,,00:08.3,03:06.4,,
2327,My Love,Petula Clark,,00:05.8,02:43.4,1966,
2328,A Whiter Shade Of Pale,Procol Harum,1960s (AutoTrack 'Playout 6'),00:27.1,03:57.1,1967,
2329,Hello Mary Lou,Ricky Nelson,,00:07.1,02:15.3,1989,
2330,Unchained Melody,Righteous Brothers,,00:00.2,03:34.1,,
2331,You Lost That Lovin' Feeling,Righteous Brothers,,00:00.2,03:39.1,,
2332,King Of The Road,Roger Miller,,00:09.1,02:21.3,1965,
2333,I Can't Get No (Satisfaction),Rolling Stones,,00:14.5,03:42.0,1965,
2334,Get Off My Cloud,Rolling Stones,,00:10.9,02:51.1,,
2335,Honky Tonk Woman,Rolling Stones,,00:16.8,02:57.9,1969,
2336,Jumpin' Jack Flash,Rolling Stones,,00:22.3,03:35.1,1968,
2337,Paint it Black,Rolling Stones,,00:14.5,03:40.3,1966,
2338,She's A Rainbow,Rolling Stones,,00:18.8,04:10.7,,
2339,Sympathy for the Devil,Rolling Stones,,00:20.7,06:08.9,1969,
2340,Baby I Love You,Ronettes,,00:13.6,02:40.9,1963,
2341,Be My Baby,Ronettes,,00:07.8,02:31.8,1963,
2342,Oh Pretty Woman,Roy Orbison,,00:14.0,02:52.9,1988,
2343,Only The Lonely,Roy Orbison,,00:00.3,02:23.0,1987,
2344,Hold On Im Coming,Sam & Dave,,00:08.3,02:34.3,,
2345,Soul Man,Sam & Dave,,00:16.3,02:33.9,1987,
2346,Twistin' The Night Away,Sam Cooke,,00:06.9,02:35.6,1962,
2347,Wonderful World,Sam Cooke,,00:04.1,02:03.2,1986,
2348,Ive Gotta Be Me,Sammy Davis Jnr,,00:06.8,02:52.4,,
2349,(There's) Always Something There To Remind Me,Sandie Shaw,,00:10.0,02:36.4,1964,
2350,Puppet On A String,Sandie Shaw,,00:08.0,02:18.1,1967,
2351,Jackie,Scott Walker,,00:07.4,03:17.4,,
2352,Georgy Girl,Seekers,,00:06.1,02:13.4,1967,
2353,Goldfinger,Shirley Bassey,,00:19.0,02:46.1,1964,
2354,Hey Big Spender,Shirley Bassey,,00:06.9,01:46.3,,
2355,Kiss Me Honey Honey Kiss Me,Shirley Bassey,,00:07.8,02:21.2,1958,
2356,A Hazy Shade of Winter,Simon & Garfunkel,,00:06.5,02:16.0,1966,
2357,Homeward Bound,Simon & Garfunkel,,00:04.0,02:22.3,1966,
2358,The Sound of Silence,Simon & Garfunkel,,00:03.2,03:01.7,1987,
2359,Bridge Over Troubled Water,Simon & Garfunkel,,00:22.1,04:48.5,1983,
2360,Mrs Robinson,Simon & Garfunkel,,00:10.3,03:43.5,1968,
2361,Its The End of the World,Skeeter Davis,,00:06.6,02:34.3,1962,
2362,Everyday People,Sly & The Family Stone,,00:08.3,02:18.4,,
2363,Dance To The Music,Sly & The Family Stone,,00:15.8,02:50.1,,
2364,All Or Nothing,Small Faces,,00:10.6,03:00.2,1967,
2365,Itychcoo Park,Small Faces,,00:08.0,02:44.9,,
2366,Lazy Sunday,Small Faces,,00:07.3,02:59.8,1968,
2367,Tracks Of My Tears,Smokey Robinson And The Miracl,,00:10.1,02:46.5,1987,
2368,The Tears Of A Clown,Smokey Robinson And The Miracles,,00:07.7,02:52.7,1970,
2369,I Got You Babe,Sonny And Cher,,00:06.4,03:07.6,1965,
2370,Gimme Some Lovin',Spencer Davis Group,,00:28.9,02:51.4,1967,
2371,I'm a Man,Spencer Davis Group,,00:44.8,02:46.3,,
2372,Keep On Running,Spencer Davis Group,,00:16.6,02:33.3,1965,
2373,Born To Be Wild,Steppenwolf,,00:13.9,03:25.2,1992,
2374,For Once In My Life,Stevie Wonder,,00:13.2,02:45.0,1968,
2375,Uptight (Everything's Alright),Stevie Wonder,,00:07.5,02:49.8,,
2376,YesterMe YesterYou Yesterday,Stevie Wonder,,00:00.0,02:58.9,,
2377,Baby Love,Supremes,,00:06.2,02:31.4,1964,
2378,The Happening,Supremes,,00:11.1,02:45.3,1967,
2379,Where Did Our Love Go,Supremes,,00:03.6,02:30.8,1964,
2380,You Can't Hurry Love,Supremes,,00:06.9,02:39.8,1966,
2381,You Keep Me Hangin' On,Supremes,,00:07.9,02:35.5,,
2382,Hippy Hippy Shake,Swinging Blue Jeans,,00:00.1,01:40.9,1963,
2383,You're No Good,Swinging Blue Jeans,,00:08.9,02:14.1,,
2384,The Lion Sleeps Tonight,The Tokens,,00:00:00,02:35.3,1961,Fade
2385,Get Ready,Temptations,,00:10.3,02:27.9,1988,
2386,Just My Imagination (Running Away With Me),Temptations,,00:24.2,03:41.7,1970,
2387,My Girl,Temptations,,00:09.1,02:54.6,1968,
2388,Boy From New York City,The Ad Libs,,00:03.8,03:03.5,1964,
2389,Sugar Sugar,The Archies,,00:07.7,02:44.2,1969,
2390,Do You Love Me,The Contours,,00:00.5,02:49.4,1974,
2391,Light My Fire,The Doors,,00:09.6,07:03.2,1971,
2392,People Are Strange,The Doors,,00:01.5,02:07.6,1967,
2393,Saturday Night At The Movies,The Drifters,,00:05.9,02:24.3,1964,
2394,Save The Last Dance For Me,The Drifters,,00:02.6,02:23.1,1987,
2395,Under The Boardwalk,The Drifters,,00:07.5,02:40.1,1993,
2396,Up on the Roof,The Drifters,,00:00.2,02:32.8,1963,
2397,Aquarius,The Fifth Dimension,,00:15.5,04:42.2,1969,
2398,"Up, Up and Away",The Fifth Dimension,,00:06.2,02:33.9,,
2399,Baby Now That I've Found You,The Foundations,,00:08.1,02:45.1,,
2400,Build Me Up Buttercup,The Foundations,,00:13.0,02:51.4,1968,
2401,Please Mr Postman,The Marvelettes,,00:00.4,02:23.9,1961,
2402,Needles And Pins,The Searchers,,00:06.5,02:09.7,1964,
2403,Sweets For My Sweet,The Searchers,,00:00.8,02:26.0,,
2404,"Have Love, Will Travel",The Sonics,,00:05.9,02:35.4,,
2405,"Be Young, Be Foolish, Be Happy",The Tams,,00:05.8,02:01.8,1968,
2406,Hey Girl Dont Bother Me,The Tams,,00:08.6,02:23.3,,
2407,Happy Together,The Turtles,,00:07.4,02:51.5,1967,
2408,She'd Rather Be With me,The Turtles,,00:07.1,02:14.9,1967,
2409,Cant Expalin,The Who,,00:10.2,02:02.5,,
2410,I Can See For Miles,The Who,,00:10.1,04:09.0,1967,
2411,My Generation,The Who,,00:04.9,03:22.2,,
2412,Pinball Wizard,The Who,,00:31.8,02:56.7,1969,
2413,Subsitute,The Who,,00:14.0,03:44.9,,
2414,Shes Not There,The Zombies,,00:07.6,02:20.3,,
2415,Time Of The Season,The Zombies,,00:07.6,03:30.2,1968,
2416,Mama Told Me Not To Come,Three Dog Night,,00:09.3,03:13.9,1970,
2417,One,Three Dog Night,,00:03.8,02:58.5,,
2418,Something In the Air,Thunderclap Newman,,00:11.0,03:52.1,1969,
2419,Delilah,Tom Jones,,00:07.8,03:19.5,1968,
2420,Green Green Grass of Home,Tom Jones,,00:14.5,03:02.0,,
2421,Help Yourself,Tom Jones,,00:11.2,02:45.6,1968,
2422,It's Not Unusual,Tom Jones,,00:11.1,01:56.8,1987,
2423,What's New Pussycat,Tom Jones,,00:00.5,02:02.6,1965,
2424,Mony Mony,Tommy James And The Shondells,,00:07.2,02:39.1,,
2425,Dizzy,Tommy Roe,,00:14.8,02:50.7,1969,
2426,Flash Bang Wallop,Tommy Steele,,00:03.7,02:17.1,,
2427,The Good Life,Tony Bennett,,00:06.7,02:13.0,,
2428,Love Is All Around,Troggs,,00:10.0,02:48.9,1994,
2429,Wild Thing,Troggs,,00:07.1,02:31.4,,
2430,Young Girl,Union Gap Featuring Gary Puckett,,00:00.6,02:59.8,,
2431,Brown Eyed Girl,Van Morrison,,00:13.7,02:57.3,1967,
2432,Really Saying Something,Velvelettes,,00:00:14,02:26.0,,
2433,The Sun Aint Gonna Shine Anymore,Walker Brothers,,00:23.6,03:23.7,1966,
2434,Land of 1000 Dances,Wilson Pickets,,00:00.1,02:22.1,,
2435,In The Midnight Hour,Wilson Pickett,,00:12.9,02:23.4,1965,
2436,For Your Love,Yardbirds,,00:11.0,02:26.8,,
2437,(You Make Me Feel Like) A Natural Womam,Aretha Franklin,,00:03.2,02:37.8,,
2438,"The Rain, The Park & Other Things",Cowsills,,00:05.9,02:53.8,,
2439,Yummy Yummy Yummy,Ohio Express,,00:07.3,02:16.7,,
2440,Bobby's Girl,Susan Maughan,,00:05.4,02:32.2,,
2441,If I Had A Hammer,Trini Lopez,,00:18.4,02:56.0,1985,
2442,Concrete And Clay,Unit Four Plus Two,,00:09.3,02:09.3,1965,
2443,Hey! Baby,Bruce Channel,,00:14.7,02:19.2,,
2444,Piece Of My Heart,Erma Franklin,,00:12.3,02:31.3,,
2445,I Love You,The Zombies,,00:11.3,03:18.3,,End
2446,Poor Man's Son,Rock'n Berries,,00:00:00,02:35.7,,End
2447,Him Or Me,Paul Revere & the Raiders,,00:00:09,02:29.2,,Slow
2448,Pictures Of Matchstick Men,Status Quo,,00:00:21,03:05.5,1991,Fade
2449,Guantanamera,The Sandpipers,,00:09.1,03:04.9,,Slow
2450,Just Like Me,Paul Revere & the Raiders,,00:06.6,02:20.1,,Fade
2451,Chick-A-Boom (Don't Ya Jes' Love It),Danny Dewdrop,,00:00:04,02:42.6,,Fade
2452,Here Comes My Baby,Tremelos,,00:00:10,02:39.0,1967,Slow
2453,Magic Carpet Ride,Steppenwolf,,00:17.2,04:11.6,1968,Slow
2454,Heart Full Of Soul,Yardbirds,,00:13.7,02:23.9,,Fade
2455,Bad Time,The Rousers,,00:00:00,02:34.9,,End
2456,Cherish,Association,,00:00:09,03:21.9,1966,End
2457,When You Walk In The Room,Jackie DeShannon,,00:10.0,02:17.7,1963,End
2458,I Wanna Ramble,Little Junior Parker,,00:00:07,02:43.4,,Slow
2459,"Sit Down, I Think I Love You",Buffalo Springfield,,00:00:09,02:09.5,,
2460,Sheila,Tommy Roe,,00:00:06,01:56.7,,Fade
2461,Let's Go,The Routers,,00:00:00,02:15.2,,End
2462,Let It Be Me,Jerry Butler & Betty Everett,,00:04.0,02:43.0,,Fade
2463,"So Long, Frank Lloyd Wright",Simon & Garfunkel,,00:00:00,03:26.8,,Fade
2465,Cannon <AMG Remix>,"Lil Wayne, DJ Drama, Freeway, Willie the Kid, Detroit Red, Juice",,00:00:00,05:51.3,2006,
2466,Special Delivery <Remix>,"G.Dep, Ghostface Killah, Keith Murray, Craig Mack, P. Diddy",,00:00:00,04:30.6,2002,
2467,Guerilla Radio,Rage Against the Machine,,00:00:00,03:24.6,1999,
2468,Above the Clouds,"Gang Starr, Inspectah Deck",,00:00:00,03:42.2,1998,
2469,09 My World Is Empty Without You The Supremes,,,00:00:00,02:28.4,,
2470,10 Love Is Like an Itching in My Heart The Supremes,,,00:00:00,02:51.2,,
2471,10 Love Is Like an Itching in My Heart The Supremes,,,00:00:00,02:51.2,,
2472,11 You Can’t Hurry Love The Supremes,,,00:00:00,02:48.6,,
2473,11 You Can’t Hurry Love The Supremes,,,00:00:00,02:48.7,,
2474,12 You Keep Me Hangin’ On The Supremes,,,00:00:00,02:41.1,,
2475,12 You Keep Me Hangin’ On The Supremes,,,00:00:00,02:41.1,,
2476,13 Love Is Here and Now You’re Gone The Supremes,,,00:00:00,02:43.2,,
2477,13 Love Is Here and Now You’re Gone The Supremes,,,00:00:00,02:43.2,,
2478,14 The Happening The Supremes,,,00:00:00,02:46.1,,
2479,14 The Happening The Supremes,,,00:00:00,02:46.2,,
2480,15 Reflections Diana Ross & The Supremes,,,00:00:00,02:47.5,,
2481,15 Reflections Diana Ross & The Supremes,,,00:00:00,02:47.5,,
2482,16 In and Out of Love Diana Ross & The Supremes,,,00:00:00,02:34.8,,
2483,16 In and Out of Love Diana Ross & The Supremes,,,00:00:00,02:34.9,,
2484,17 Forever Came Today Diana Ross & The Supremes,,,00:00:00,03:13.5,,
2485,17 Forever Came Today Diana Ross & The Supremes,,,00:00:00,03:13.5,,
2486,18 Some Things You Never Get Used To Diana Ross & The Supremes,,,00:00:00,02:20.2,,
2487,18 Some Things You Never Get Used To Diana Ross & The Supremes,,,00:00:00,02:20.2,,
2488,19 Love Child Diana Ross & The Supremes,,,00:00:00,02:52.6,,
2489,19 Love Child Diana Ross & The Supremes,,,00:00:00,02:52.6,,
2490,20 I’m Livin’ in Shame Diana Ross & The Supremes,,,00:00:00,02:58.0,,
2491,20 I’m Livin’ in Shame Diana Ross & The Supremes,,,00:00:00,02:58.8,,
2492,21 I’m Gonna Make You Love Me Diana Ross & The Supremes and The Temptations,,,00:00:00,03:03.4,,
2493,21 I’m Gonna Make You Love Me Diana Ross & The Supremes and The Temptations,,,00:00:00,03:03.4,,
2494,22 I’ll Try Something New Diana Ross & The Supremes and The Temptations,,,00:00:00,02:20.7,,
2495,22 I’ll Try Something New Diana Ross & The Supremes and The Temptations,,,00:00:00,02:20.7,,
2496,23 The Composer Diana Ross & The Supremes,,,00:00:00,02:49.0,,
2497,23 The Composer Diana Ross & The Supremes,,,00:00:00,02:49.0,,
2498,24 No Matter What Sign You Are Diana Ross & The Supremes,,,00:00:00,02:47.1,,
2499,24 No Matter What Sign You Are Diana Ross & The Supremes,,,00:00:00,02:47.1,,
2500,Dreadlock Holiday,10CC,,00:28.2,04:53.2,1978,
2501,Im Not In Love,10CC,,00:15.4,03:38.8,,
2502,Rubber Bullets,10CC,,00:27.6,05:10.7,1973,
2503,Dancing Queen,Abba,,00:19.5,03:43.7,1976,
2504,Fernando,Abba,,00:23.4,03:58.2,1976,
2505,Gimme Gimme Gimme,Abba,,00:35.6,04:43.8,1979,
2506,I Have A Dream,Abba,,00:13.3,04:28.1,1979,
2507,Knowing Me Knowing You,Abba,,00:09.7,03:50.7,1977,
2508,Mamma Mia,Abba,,00:14.6,03:24.3,1975,
2509,Money Money Money,Abba,,00:12.3,03:04.2,1976,
2510,Take A Chance On Me,Abba,,00:00:00,03:48.9,1978,
2511,Waterloo,Abba,,00:05.9,02:37.2,1990,Fade
2512,Let's Stay Together,Al Green,,00:09.8,03:09.6,1972,
2513,Tired Of Being Alone,Al Green,,00:09.4,02:44.7,,
2514,School's Out,Alice Cooper,,00:22.2,03:26.5,1973,
2515,Horse With No Name,America,,00:07.9,03:52.5,1989,
2516,Ventura Highway,America,,00:16.6,03:20.3,1972,Fade
2517,Lonely Boy,Andrew Gold,,00:14.8,04:16.5,,
2518,Never Let Her Slip Away,Andrew Gold,,00:21.0,03:18.2,1977,
2519,God Gave Rock & Roll To You mp3,Argent,,00:00:00,06:33.5,,
2520,You Ain't Seen Nothing Yet,Bachman Turner Overdrive,,00:16.3,03:13.0,1974,
2521,Come and Get It,Badfinger,,00:04.4,02:17.0,1969,
2522,No Matter What,Badfinger,,00:06.9,02:55.4,1970,
2523,Evergreen,Barbra Streisand,,00:04.2,03:02.2,2023,
2524,The Way We Were,Barbra Streisand,,00:03.9,03:25.1,1974,Fade
2525,Can't Smile Without You,Barry Manilow,,00:08.5,03:06.6,,
2526,Copacabana (At The Copa),Barry Manilow,,00:24.6,05:39.7,,
2527,Mandy,Barry Manilow,,00:18.4,03:16.4,1974,
2528,Weekend In New England,Barry Manilow,,00:18.1,03:42.1,1976,
2529,Let The Music Play,Barry White,,00:02.1,03:23.0,1976,
2530,Never Gonna Give You Up,Barry White,,00:45.1,04:43.5,1973,
2531,You See The Trouble With Me,Barry White,,00:17.0,03:16.0,1976,
2532,Bye Bye Baby,Bay City Rollers,,00:00.8,02:40.9,1991,
2533,How Deep Is Your Love,Bee Gees,,00:17.6,03:56.0,1977,Fade
2534,Jive Talkin',Bee Gees,,00:22.5,03:35.9,1975,Fade
2535,Tragedy,Bee Gees,,00:28.4,04:58.4,1979,
2536,Let Your Love Flow,Bellamy Brothers,,00:08.5,03:05.3,1976,
2537,Ain't No Sunshine,Bill Withers,,00:00.1,02:00.1,1971,
2538,Lean On Me,Bill Withers,,00:26.9,04:15.2,1972,
2539,Lovely Day,Bill Withers,,00:20.4,04:03.1,1978,
2540,Just The Way You Are,Billy Joel,,00:08.3,03:24.5,1977,
2541,Movin' Out,Billy Joel,,00:14.4,03:23.0,1977,
2542,My Life,Billy Joel,,00:29.9,04:36.5,1978,
2543,Piano Man,Billy Joel,,00:30.9,05:33.5,1988,
2544,Me And Mrs Jones,Billy Paul,,00:27.5,04:34.1,1972,
2545,I Can Help,Billy Swan,,00:18.9,03:53.2,,
2546,Paranoid,Black Sabbath,,00:12.1,02:45.0,1987,
2547,Denis,Blondie,,00:06.8,02:12.8,1978,
2548,Heart Of Glass,Blondie,,00:08.2,03:35.7,1979,
2549,One Way Or Another,Blondie,,00:23.5,03:31.5,1979,
2550,Sunday Girl,Blondie,,00:00:00,02:56.6,1978,
2551,(Don't Fear) The Reaper,Blue Oyster Cult,,00:13.8,03:41.2,,
2552,Buffalo Soldier,Bob Marley & The Wailers,,00:08.7,04:08.5,1983,
2553,Is This Love,Bob Marley & The Wailers,,00:15.6,03:41.7,1978,
2554,Jamming,Bob Marley & The Wailers,,00:07.9,03:27.7,1976,
2555,No Woman No Cry,Bob Marley & The Wailers,,00:51.5,03:43.1,1974,
2556,One Love,Bob Marley & The Wailers,,00:15.2,02:44.4,1999,
2557,Stir It Up,Bob Marley & The Wailers,,00:24.8,05:28.8,1979,
2558,I Dont Like Mondays,Boomtown Rats,,00:23.6,03:42.7,,
2559,More Than A Feeling,Boston,,00:12.8,03:15.1,1976,
2560,Everything I Own,Bread,,00:01.3,02:57.9,,
2561,Make It With You,Bread,,00:11.8,03:10.6,,
2562,Save Your Kisses For Me,Brotherhood Of Man,,00:04.7,02:59.3,1976,
2563,Lets Stick Together,Bryan Ferry,,00:23.2,02:54.0,1976,
2564,Video Killed The Radio Star,Buggles,,00:16.6,03:22.9,1979,
2565,Ever fallen in love,Buzzcocks,,00:10.8,02:37.8,1996,
2566,Everybodys Happy Nowadays,Buzzcocks,,00:26.4,03:07.3,1979,
2567,Love Will Keep Us Together,Captain & Tennille,,00:07.7,03:20.7,1975,
2568,Nobody Does It Better,Carly Simon,,00:08.0,03:22.7,1977,
2569,You're So Vain,Carly Simon,,00:18.6,04:14.0,1972,
2570,Mockingbird,Carly Simon with James Taylor,,00:00.7,04:06.4,1974,
2571,It's Too Late,Carole King,,00:09.5,03:48.9,1971,
2572,Close To You,Carpenters,,00:09.0,04:27.2,1970,
2573,Rainy Day And Mondays,Carpenters,,00:16.2,03:29.8,1971,
2574,Top Of The World,Carpenters,,00:17.4,02:57.0,1973,
2575,We've Only Just Begun,Carpenters,,00:11.9,02:59.8,,Fade
2576,Father & Son,Cat Stevens,,00:14.0,03:34.6,1970,
2577,Give Me Just A Little More Time,Chairman Of The Board,,00:00.7,02:36.8,,
2578,The Most Beautiful Girl,Charlie Rich,,00:09.5,02:33.0,1973,
2579,I Want You to Want Me,Cheap Trick,,00:10.4,03:03.7,1978,
2580,Surrender,Cheap Trick,,00:14.9,04:10.0,1978,
2581,Gypsies Tramps And Thieves,Cher,,00:08.3,02:29.5,,
2582,If You Leave Me Now,Chicago,,00:09.4,03:49.4,1982,
2583,Saturday In The Park,Chicago,,00:25.1,03:48.8,,
2584,Son Of My Father,Chicory Tip,,00:23.3,03:05.1,,
2585,I Fought the Law,Clash,,00:17.2,02:36.1,1979,
2586,London Calling,Clash,,00:21.3,03:15.7,1987,
2587,Devil Woman,Cliff Richard,,00:17.5,03:31.9,1976,
2588,Power To All Our Friends,Cliff Richard,,00:00.2,02:59.6,,
2589,We Don't Talk Anymore,Cliff Richard,,00:18.0,04:04.7,1979,
2590,Brick House,Commodores,,00:19.5,03:30.6,1977,
2591,Easy,Commodores,,00:15.2,04:09.0,,
2592,Machine Gun,Commodores,,00:00.9,02:32.1,1974,
2593,Three Times A Lady,Commodores,,00:04.9,03:34.1,1978,
2594,Fortunate Son,Creedance Clearwater Revival,,00:18.4,02:13.2,,
2595,Up Around The Bend,Creedence Clearwater Revival,,00:14.8,02:34.4,1970,
2596,Our House,"Crosby, Still, Nash & Young",,00:00:00,02:54.9,1970,End
2597,Don't It Make My Brown Eyes Blue,Crystal Gayle,,00:12.4,02:26.8,1977,
2598,Talking In Your Sleep,Crystal Gayle,,00:00.5,02:51.9,1978,
2599,Move On Up,Curtis Mayfield,,00:14.0,03:46.6,1971,
2600,Sometimes When We Touch,Dan Hill,,00:12.2,04:00.5,1977,
2601,Girls Talk,Dave Edmunds,,00:10.6,03:22.6,,
2602,I Hear You Knocking,Dave Edmunds,,00:09.6,02:43.2,1970,
2603,Changes,David Bowie,,00:20.1,03:29.9,1972,
2604,Golden Years,David Bowie,,00:09.5,03:55.2,1975,
2605,Heroes,David Bowie,,00:16.6,03:25.5,1977,
2606,Life On Mars,David Bowie,,00:01.4,03:43.6,1973,
2607,Oh You Pretty Thing,David Bowie,,00:18.1,03:11.2,1997,
2608,Rebel Rebel,David Bowie,,00:30.9,04:24.3,1973,
2609,Sound & Vision,David Bowie,,01:13.5,02:58.8,,
2610,Starman,David Bowie,,00:20.7,04:10.0,1972,
2611,Suffragette City,David Bowie,,00:11.1,03:22.9,1972,
2612,The Jean Genie,David Bowie,,00:10.8,04:03.6,1972,
2613,Young Americans,David Bowie,,00:26.0,05:06.1,,
2614,Ziggy Stardust,David Bowie,,00:24.8,03:11.4,,
2615,Jeans On,David Dundas,,00:08.5,03:13.7,1976,
2616,Hold Me Close,David Essex,,00:16.2,03:46.2,1975,
2617,Black Night,Deep Purple,,00:18.0,03:22.0,1970,
2618,Smoke on the Water,Deep Purple,,00:50.0,05:34.3,1993,
2619,Didnt I Blow Your Mind This Time,Delfonics,,00:18.2,03:17.5,,
2620,Could It Be I'm Falling In Love,Detroit Spinners,,00:25.4,04:04.7,,
2621,It's a Shame,Detroit Spinners,,00:23.0,03:04.9,,
2622,Working My Way Back to You,Detroit Spinners,,00:15.7,03:56.4,,
2623,Ain't No Mountain High Enough,Diana Ross,,00:11.3,03:25.5,1986,
2624,I'm Still Waiting,Diana Ross,,00:15.4,03:37.8,,
2625,Ease On Down The Road,Diana Ross And Michael Jackson,,00:06.9,03:15.4,1978,
2626,Sultans of Swing,Dire Straits,,00:12.4,05:41.7,1978,
2627,Jolene,Dolly Parton,,00:08.5,02:33.3,1987,Fade
2628,American Pie,Don McLean,,00:00.2,08:30.0,1987,
2629,Vincent,Don McLean,,00:00.3,03:57.4,1972,
2630,Puppy Love,Donny Osmond,,00:12.3,02:59.5,1972,
2631,Listen To The Music,Doobie Brothers,,00:17.5,04:26.4,1972,
2632,Long Train Runnin',Doobie Brothers,,00:17.0,03:21.9,1992,
2633,Wanted,Dooleys,,00:04.0,03:35.4,1979,
2634,A Little Bit More,Dr Hook,,00:10.4,03:08.8,1976,
2635,When You're In Love With A Beatiful Woman,Dr Hook,,00:17.1,02:48.0,,
2636,You're More Than A Number In My Little Red Book,Drifters,,00:05.4,03:03.2,,
2637,Hotel California,Eagles,,00:52.1,06:23.6,1984,
2638,Life in the Fast Lane,Eagles,,00:25.7,04:36.9,1976,
2639,Lyin' Eyes,Eagles,,00:14.4,06:17.1,,
2640,Love Grows (Where My Rosemary Goes),Edison Lighthouse,,00:12.9,02:42.1,,
2641,War,Edwin Starr,,00:04.4,03:22.2,1970,
2642,Dont Bring Me Down,Electric Light Orchestra,,00:14.3,04:00.4,,
2643,Evil Woman,Electric Light Orchestra,,00:01.4,04:10.5,1975,
2644,Livin' Thing,Electric Light Orchestra,,00:17.7,03:25.2,,
2645,Shine A Little Love,Electric Light Orchestra,,00:14.6,04:03.5,1979,
2646,Showdown,Electric Light Orchestra,,00:13.4,04:06.2,1973,
2647,Don't Go Breaking My Heart,Elton John & Kiki Dee,,00:13.2,04:25.1,1976,
2648,Are You Ready For Love,Elton John,,00:18.7,03:25.9,1979,
2649,Crocodile Rock,Elton John,,00:14.4,03:48.0,1972,
2650,Don't Let The Sun Go Down On Me,Elton John,,00:14.3,05:30.6,1973,
2651,Goodbye Yellow Brick Road,Elton John,,00:07.8,03:12.1,1984,
2652,Rocket Man (I Think It's Going To Be A Long Time),Elton John,,00:00.8,04:35.6,1972,
2653,Saturday Night's Alright For Fighting,Elton John,,00:13.4,04:48.0,1973,
2654,Sorry Seems To Be The Harderst Word,Elton John,,00:14.9,03:39.6,,
2655,Tiny Dancer,Elton John,,00:12.9,06:11.8,1972,
2656,Your Song,Elton John,,00:07.9,03:58.6,1985,
2657,I Can't Stand Up For Falling Down,Elvis Costello & The Attractions,,00:07.4,02:03.0,1980,
2658,I Dont Want to Go To Chelsea,Elvis Costello & The Attractions,,00:17.3,03:06.3,,
2659,Olivers Army (Clean),Elvis Costello & The Attractions,,00:11.8,02:50.2,,Fade
2660,Pump It Up,Elvis Costello & The Attractions,,00:20.5,03:08.7,1978,
2661,Watching The Detectives,Elvis Costello & The Attractions,,00:23.4,03:39.6,1978,
2662,All By Myself,Eric Carmen,,00:08.0,04:48.4,1975,
2663,Layla,Eric Clapton,,00:24.6,03:01.0,1972,
2664,Shame,Evelyn 'Champagne' King,,00:57.9,06:28.3,1977,
2665,Stay With Me,Faces,,00:51.2,04:35.8,,
2666,Together We Are Beautiful,Fern Kinney,,00:10.7,04:04.9,1979,
2667,Don't Stop,Fleetwood Mac,,00:16.3,03:08.1,1977,
2668,Dreams,Fleetwood Mac,,00:17.0,04:12.7,1977,
2669,Go Your Own Way,Fleetwood Mac,,00:04.1,03:33.5,1976,
2670,The Chain,Fleetwood Mac,,00:27.3,04:18.1,1977,
2671,Money,Flying Lizards,,00:15.8,02:28.5,1979,
2672,Hocus Pocus,Focus,,00:52.0,00:06:36,,
2673,Slow Ride,Foghat,,00:19.3,03:46.7,,
2674,"Freedom Come, Freedom Go",Fortunes,,00:05.1,03:16.2,,
2675,December 1963 (Oh What A Night),Four Seasons,,00:12.9,03:23.3,1975,
2676,Band Of Gold,Freda Payne,,00:08.1,02:50.8,1970,
2677,All Right Now,Free,,00:07.3,04:03.5,1970,
2678,My Brother Jake,Free,,00:00:01,02:52.6,1971,
2679,One Nation Under A Groove,Funkadelic,,00:01.0,07:22.0,1978,
2680,Cars,Gary Numan,,00:25.5,03:44.3,1979,
2681,Dream Weaver,Gary Wright,,00:31.4,04:13.1,,
2682,Follow You Follow Me,Genesis,,00:19.6,03:48.4,1978,
2683,Little Green Bag,George Baker Selection,,00:17.8,03:12.6,1970,
2684,My Sweet Lord,George Harrison,,00:30.0,04:30.0,1970,
2685,Baker Street,Gerry Rafferty,,00:22.4,03:58.7,1978,
2686,Baby Don't Change Your Mind,Gladys Knight And The Pips,,00:22.8,03:01.4,1977,
2687,Rhinestone Cowboy,Glen Campbell,,00:08.0,03:04.9,1975,
2688,Haven't Stopped Dancing Yet,Gonzalez,,00:22.9,03:51.7,1977,
2689,Rich Girl,Hall & Oates,,00:00.2,02:19.3,1998,
2690,She's Gone,Hall & Oates,,00:56.1,05:10.2,1973,
2691,If You Dont Know Me By Now,Harold Melvin & The Bluenotes,,00:15.2,03:20.2,,
2692,Barracuda,Heart,,00:28.0,04:20.4,1977,
2693,Every 1's A Winner,Hot Chocolate,,00:26.9,03:51.4,1978,
2694,It Started With A Kiss,Hot Chocolate,,00:00.1,03:58.7,1982,
2695,So You Win Again,Hot Chocolate,,00:09.4,04:18.4,1977,
2696,You Sexy Thing,Hot Chocolate,,00:17.8,03:59.1,1975,
2697,Hit Me With Your Rhythm Stick,Ian Dury & The Blockheads,,00:15.5,03:41.4,1978,
2698,What A Waste,Ian Dury & The Blockheads,,00:12.0,03:18.2,1978,
2699,Lust For Life,Iggy Pop,,01:12.0,05:04.8,,
2700,The Passenger,Iggy Pop,,00:21.5,04:36.2,1977,
2701,Nutbush City Limits,Ike & Tina Turner,,00:22.6,02:47.5,1973,
2702,Proud Mary,Ike & Tina Turner,,00:07.8,04:50.4,1971,
2703,Theme from Shaft,Isaac Hayes,,02:40.3,04:35.9,,
2704,Summer Breeze,Isley Brothers,,00:13.5,05:34.8,1974,
2705,That Lady,Isley Brothers,,00:31.2,05:33.9,1973,
2706,Love Is In The Air,John Paul Young,,00:12.6,04:06.9,1977,
2707,Big Yellow Taxi,Joni Mitchell,,00:10.7,02:13.7,1995,
2708,Get Up I Feel Like Being A Sex Machine,James Brown,,00:00.0,02:36.4,,
2709,Mercedes Benz,Janis Joplin,,00:00.3,01:30.5,1970,
2710,Wonderful World Beautiful People,Jimmy Cliff,,00:08.7,03:07.1,1969,
2711,You Can Get It If You Really Want,Jimmy Cliff,,00:06.7,02:31.4,,
2712,Different For Girls,Joe Jackson,,00:16.6,03:39.4,,
2713,Is She Really Going Out With Him,Joe Jackson,,00:17.1,03:33.1,,
2714,Annie's Song,John Denver,,00:08.1,02:53.0,1997,
2715,Rock Mountain High,John Denver,,00:09.2,04:07.1,,
2716,"Take Me Home, Country Roads",John Denver,,00:06.6,03:12.0,1977,
2717,He's Gonna Step On You Again,John Kongos,,00:20.3,04:15.6,1971,
2718,Imagine,John Lennon,,00:13.6,02:59.4,1981,
2719,John Travolta & Olivia Newton John,You're The One That I Want,,00:08.3,02:44.5,,
2720,Greased Lightnin',John Travolta,,00:00.1,03:13.0,1993,
2721,Summer Nights,"John Travolta, Olivia Newton John",,00:08.1,03:32.8,1978,
2722,I Can See Clearly Now,Johnny Nash,,00:06.8,02:38.5,1972,
2723,Carry On My Wayward Son,Kansas,,00:00.0,05:19.4,1976,
2724,Wuthering Heights,Kate Bush,,00:07.5,03:22.2,1978,
2725,Coward Of The County,Kenny Rogers,,00:10.6,04:15.7,1979,
2726,The Gambler,Kenny Rogers,,00:05.1,03:30.1,1978,
2727,Lola,Kinks,,00:06.7,04:05.5,1970,
2728,My Sharona,Knack,,00:19.1,03:57.5,,
2729,The Model,Kraftwerk,,00:15.1,03:37.1,1978,
2730,It Must Be Love,Labi Saffri,,00:06.9,03:42.3,,
2731,Black Dog,Led Zeppelin,,00:00.3,04:43.5,1971,
2732,D'yer Maker,Led Zeppelin,,00:14.9,04:17.6,1973,
2733,Immigrants Song,Led Zeppelin,,00:08.1,02:21.2,1970,
2734,Stairway To Heaven,Led Zeppelin,,00:39.5,07:46.3,1988,
2735,Wand'rin' Star,Lee Marvin,,01:12.3,04:21.9,1969,
2736,When I Need You,Leo Sayer,,00:25.6,03:58.1,1976,
2737,Perfect Day,Lou Reed,,00:12.1,03:38.0,1997,
2738,Walk On The Wild Side,Lou Reed,,00:19.5,04:07.6,,
2739,Free Bird,Lynard Skynyrd,,00:35.3,04:15.6,,
2740,Sweet Home Alabama,Lynyrd Skynyrd,,00:20.3,04:33.9,1995,
2741,Pop Muzik,M,,00:04.3,03:07.2,1979,
2742,Cross The Tracks (We Better Go Back),Maceo & The Macks,,00:11.9,03:14.6,1974,
2743,Bed & Breakfast Man,Madness,,00:07.8,02:30.0,1979,
2744,My Girl,Madness,,00:19.4,02:42.9,1979,
2745,Night Boat to Cario,Madness,,00:15.8,03:25.5,,
2746,One Step Beyond,Madness,,00:00.1,02:16.9,1979,
2747,The Prince,Madness,,00:00.1,02:23.6,1979,
2748,Got To Give It Up,Marvin Gaye,,00:14.1,03:56.7,1977,
2749,Let's Get It On,Marvin Gaye,,00:02.8,03:52.4,1987,
2750,Mercy Mercy Me,Marvin Gaye,,00:10.2,03:09.4,1971,
2751,Whats Going On,Marvin Gaye,,00:16.8,03:47.0,,
2752,Right Back Where We Started From,Maxine Nightingale,,00:11.9,03:06.1,1975,
2753,Bat Out Of Hell,Meat Loaf,,00:09.3,04:31.5,1984,
2754,You Took The word sright Outta my Mouth,Meat Loaf,,00:14.7,04:09.8,,
2755,Brand New Key,Melanie,,00:06.3,02:20.3,1971,
2756,Loving You,Minnie Riperton,,00:15.5,03:17.4,1977,
2757,Airport,Motors,,00:31.9,04:19.2,1978,
2758,All The Young Dudes,Mott The Hoople,,00:11.4,03:21.8,1972,
2759,Roll Away the Stone,Mott The Hoople,,00:16.0,03:00.3,,
2760,Dyna-Mite,Mud,,00:13.7,02:55.0,1973,
2761,Tiger Feet,Mud,,00:24.9,03:47.8,1973,
2762,In The Summertime,Mungo Jerry,,00:17.2,03:26.0,1970,
2763,This Will Be,Natalie Cole,,00:31.8,02:46.1,1975,
2764,Beg Steal Or Borrow,New Seekers,,00:00.5,02:44.3,1972,
2765,I'd Like To Teach The World To,New Seekers,,00:03.5,02:21.2,,
2766,Im Doing Fine Now,New York City,,00:16.7,02:51.3,,
2767,Cruel To Be Kind,Nick Lowe,,00:16.1,03:24.8,1979,
2768,So It Goes,Nick Lowe,,00:08.0,02:28.3,,
2769,Without You,Nilsson,,00:06.9,03:14.1,,
2770,I'm In The Mood For Dancing,Nolans,,00:07.7,03:14.5,1980,
2771,Native New Yorker,Odyssey,,00:12.4,03:22.5,1977,
2772,Love Rollercoaster,Ohio Player,,00:25.1,04:40.5,,
2773,Crazy Horses,Osmonds,,00:16.3,02:22.7,1972,
2774,Love Me For A Reason,Osmonds,,00:17.7,03:54.5,1974,
2775,I Think I Love You,Patridge Family,,00:09.4,02:47.0,,
2776,Band On The Run,Paul McCartney & Wings,,00:37.0,05:08.8,1993,
2777,Jet,Paul McCartney & Wings,,00:26.6,04:03.9,1973,
2778,Live and Let Die,Paul McCartney & Wings,,00:01.1,03:05.0,,
2779,Maybe I'm Amazed,Paul McCartney & Wings,,00:14.5,03:46.2,,
2780,Another Day,Paul McCartney,,00:00.2,03:38.9,1971,
2781,50 Ways To Leave Your Lover,Paul Simon,,00:33.0,03:24.5,1975,
2782,Reunited,Peaches & Herb,,00:13.1,03:53.6,1978,
2783,Shake Your Groove Thing,Peaches & Herb,,00:00.3,05:29.3,1978,
2784,Welcome Home,Peters And Lee,,00:10.3,03:29.5,,
2785,January,Pilot,,00:14.9,03:26.7,1975,
2786,Magic,Pilot,,00:12.4,03:01.0,,
2787,Another Brick in The Wall,Pink Floyd,,00:01.1,03:32.7,1979,
2788,Money,Pink Flyod,,00:40.2,06:13.0,,
2789,Can't Stand Losing You,Police,,00:07.8,02:43.3,1978,
2790,Message In A Bottle,Police,,00:06.6,04:38.2,1979,
2791,Roxanne,Police,,00:17.9,03:03.6,1978,
2792,So Lonely,Police,,00:01.4,04:41.1,1978,
2793,Walking On The Moon,Police,,00:26.2,03:52.3,1979,
2794,Whine & Grind,Prince Buster,,00:05.9,03:32.4,,
2795,Bohemian Rhapsody,Queen,,00:00:00,05:48.3,1975,
2796,Crazy Little Thing Called Love,Queen,,00:05.7,02:34.8,1979,
2797,Don't Stop Me Now,Queen,,00:00.1,03:25.6,1979,
2798,Killer Queen,Queen,,00:00.2,02:55.2,,
2799,Somebody to Love,Queen,,00:00.1,04:48.4,1976,
2800,We Are The Champions,Queen,,00:00.2,02:57.9,1977,
2801,We Will Rock You,Queen,,00:11.9,02:00.4,1984,
2802,Some Girls,Racey,,00:16.3,03:21.3,,
2803,Since You Been Gone,Rainbow,,00:18.6,03:12.5,1979,
2804,Black Betty,Ram Jam,,00:34.3,03:53.9,1977,
2805,Baby I Love You,Ramones,,00:14.3,00:03:41,1980,
2806,Blitzkrieg Bop,Ramones,,00:21.3,02:10.2,1976,
2807,Sheena is a Punk Rocker,Ramones,,00:05.6,02:43.0,1977,
2808,Killing Me Softly,Roberta Flack,,00:00.9,04:44.9,1973,
2809,Da Ya Think I'm Sexy,Rod Stewart,,00:34.2,04:15.6,1978,
2810,Maggie May,Rod Stewart,,00:14.7,04:57.2,1980,
2811,Sailing,Rod Stewart,,00:14.2,04:32.8,1975,
2812,You Wear It Well,Rod Stewart,,00:25.5,04:08.9,1972,
2813,Brown Sugar,Rolling Stones,,00:29.1,03:46.5,1971,
2814,Its Only Rock & Roll,Rolling Stones,,00:07.6,04:08.0,,
2815,Miss You,Rolling Stones,,00:17.2,03:27.6,1978,
2816,Tumbling Dice,Rolling Stones,,00:05.6,03:42.0,1972,
2817,You Can't Always Get What You Want,Rolling Stones,,00:00.2,07:20.1,1969,
2818,Love Is The Drug,Roxy Music,,00:41.7,03:52.0,1975,
2819,Virginia Plain,Roxy Music,,00:14.4,02:55.7,,
2820,Escape (The Pina Colada Song),Rupert Holmes,,00:14.6,04:26.3,1979,
2821,Every Day Hurts,Sad Cafe,,00:09.2,03:46.9,,
2822,I Lost My Heart To A Starship Trooper,Sarah Brightman And Hot Gossip,,00:30.8,04:16.0,1978,
2823,On My Radio,Selecter,,00:16.0,03:04.3,1979,
2824,Anarchy In The UK,Sex Pistols,,00:14.3,03:30.2,1976,
2825,Good Save the Queen,Sex Pistols,,00:18.7,03:16.3,,
2826,Pretty Vacant,Sex Pistols,,00:31.8,03:14.3,,
2827,Under the Moon of Love,Showaddywaddy,,00:17.2,03:07.8,1976,
2828,Into The Valley,Skids,,00:23.3,03:11.5,1979,
2829,Coz I Luv You,Slade,,00:03.9,03:26.1,1971,
2830,Cum On Feel The Noize,Slade,,00:00.3,04:19.4,1973,
2831,Gudbuy T'Jane,Slade,,00:21.6,03:27.1,1972,
2832,Mama Weer All Crazee Now,Slade,,00:14.3,03:38.5,1972,
2833,Thank You,Sly & The Family Stone,,00:17.9,04:45.6,,
2834,Family Affair,Sly & The Family Stone,,00:04.9,02:53.6,1971,
2835,25 Someday We’ll Be Together Diana Ross & The Supremes,,,00:00:00,03:15.7,,
2836,This Town Aint Big Enough For The Both of Us,Sparks,,00:09.9,02:56.7,,
2837,A Message To You Rudy,Specials,,00:19.5,02:50.0,1979,
2838,Cool For Cats,Squeeze,,00:06.4,03:03.9,1979,
2839,Take Me I'm Yours,Squeeze,,00:18.8,02:45.1,1978,
2840,Up The Junction,Squeeze,,00:12.0,03:06.2,,
2841,Afternoon Delight,Starland Vocal Band,,00:12.6,03:08.1,1976,
2842,Caroline,Status Quo,,00:43.6,03:38.5,1973,
2843,Down Down,Status Quo,,00:42.4,03:38.1,1974,
2844,Rocking All Over The World,Status Quo,,00:11.4,03:27.8,1990,
2845,Whatever You Want,Status Quo,,01:11.7,03:43.1,1979,
2846,Stuck In The Middle With You,Stealers Wheel,,00:15.2,03:21.2,1972,
2847,Do It Again,Steely Dan,,01:04.8,05:45.6,1972,
2848,Reelin' In The Years,Steely Dan,,00:29.9,04:18.6,1982,
2849,Rikki Don't Lose That Number,Steely Dan,,00:13.2,04:03.4,1974,
2850,Make Me Smile (Come Up And See),Steve Harley & The Cockney Rebel,,00:05.5,03:49.4,1975,
2851,Higher Ground,Stevie Wonder,,00:23.2,03:46.3,1973,
2852,I Wish,Stevie Wonder,,00:17.7,04:12.5,1976,
2853,If Your Really Love Me,Stevie Wonder,,00:07.3,02:52.0,1970,
2854,Isn't She Lovely,Stevie Wonder,,00:07.0,03:18.0,1977,
2855,Signed Sealed Delivered,Stevie Wonder,,00:03.2,02:36.7,1970,
2856,Sir Duke,Stevie Wonder,,00:18.9,03:52.2,1976,
2857,Superstition,Stevie Wonder,,00:29.0,04:00.5,1972,
2858,Peaches,Stranglers,,00:28.1,03:56.4,1977,
2859,No More Heroes,Stranglers,,00:15.7,03:26.0,1987,
2860,She's A Lady,Tom Jones,,00:07.6,02:48.1,1971,
2861,Dont Do Me Like That,Tom Petty,,00:16.9,02:35.6,,
2862,2-4-6-8- Motorway,Tom Robinson Band,,00:22.9,00:03:12,,
2863,Avenues And Alleyways,Tony Christie,,00:00:23,03:16.6,1972,
2864,I Did What I Did For Maria,Tony Christie,,00:07.8,03:22.9,1971,
2865,Is This The Way To Amarillo,Tony Christie,,00:00.4,03:02.7,1971,
2866,Hold The Line,Toto,,00:20.5,03:54.5,1978,
2867,Are Friends Electric,Tubeway Army,,00:10.3,05:13.6,,
2868,Barbados,Typically Tropical,,00:02.8,03:28.4,1975,
2869,Here Comes the Summer,Undertones,,00:05.7,01:38.8,1979,
2870,My Perfect Cousin,Undertones,,00:12.8,02:33.0,,
2871,Teenage Kicks,Undertones,,00:14.9,02:22.4,1978,
2872,Bright Side Of The Road,Van Morrison,,00:12.0,03:40.1,1979,
2873,Jackie Wilson Said (I'm In Heaven When You Smile),Van Morrison,,00:00.2,02:56.0,,
2874,Moondance,Van Morrison,,00:06.7,04:28.4,1990,
2875,Im Waiting  For The Man,Velvet Underground,,00:16.5,04:34.7,,
2876,Low Rider,War,,00:13.4,03:04.1,,
2877,Why Can't We Be Friends,War,,00:11.1,03:41.0,,
2878,Werewolves of London,Warren Zevon,,00:19.6,03:19.4,,
2879,See My Baby Jive,Wizzard,,00:08.0,04:54.8,,
2880,Wonderful Tonight,Eric Clapton,,00:21.1,03:35.2,1977,
2881,The Joker,Steve Miller Band,,00:01.8,03:26.0,1973,
2882,La Grange,ZZ Top,,00:07.9,03:40.8,,
2883,Bang Bang,B A Robertson,,00:09.1,00:03:14,1979,
2884,Feel Like Makin' Love,Bad Company,,00:11.1,05:00.5,,
2885,Black And White,Greyhound,,00:18.0,02:27.3,,
2886,Matchstalk Men And Matchstalk Cats And Dogs,Brian And Michael,,00:17.0,04:24.8,,
2887,What A Fool Believes,Doobie Brothers,,00:16.4,03:36.1,1978,
2888,Get Down,Gilbert O'Sullivan,,00:11.4,02:34.0,,
2889,Rasputin,Boney M,,00:44.6,03:39.8,1978,
2890,Reasons To Be Cheerful,Ian Dury & The Blockheads,,00:13.1,04:42.5,1979,
2891,Sex & Drugs & Rock & Roll,Ian Dury & The Blockheads,,00:10.9,03:00.4,1987,
2892,Harvest Moon,Neil Young,,00:19.0,04:55.6,,
2893,Heart of Gold,Neil Young,,00:33.6,03:01.5,1971,
2894,Only Love Can Break Your Heart,Neil Young,,00:12.4,03:02.5,,
2895,Hands Up (Give Me Your Heart),Ottawan,,00:23.3,03:11.1,1980,
2896,If The Kids Are United,Sham 69,,00:13.1,03:42.4,,
2897,Mr Blue Sky,Electric Light Orchestra,,00:10.8,04:54.5,1977,
2898,Bloody Well Right,Supertramp,,01:37.4,04:29.0,1974,
2899,Breakfast In America,Supertramp,,00:07.2,02:35.7,,
2900,Dreamer,Supertramp,,00:06.7,03:25.9,1974,
2901,Give A Little Bit,Supertramp,,00:06.4,04:03.1,1977,
2902,Best Thing That Ever Happened To Me,Gladys Knight & The Pips,,00:10.0,03:40.6,,
2903,Midnight Train To Georgia,Gladys Knight & The Pips,,00:12.3,04:31.2,1973,
2904,Cold As Ice,Foreigner,,00:08.5,03:07.5,1977,
2905,25 Someday We’ll Be Together Diana Ross & The Supremes,,,00:00:00,03:15.7,,
2906,Ali Baba,John Holt,,00:12.6,02:29.4,,Fade
2908,Rock and Roll,Led Zeppelin,,00:22.8,03:37.9,1971,Fade
2909,prize ooh,,,00:00:00,00:01.6,,
2910,Shining Light,Annie Lennox,,00:07.2,04:08.2,2009,
2911,Hells Bells (Live),"AC, DC",,01:40.7,05:52.2,2014,
2914,Radio Nowhere,Bruce Springsteen,,00:13.4,03:12.0,2007,
2915,Kehlani - Shoulda Never <Feat. Usher> <Clean>,Clean That Ish!,,00:00:00,03:02.0,2026,
2916,Doolin‐Dalton,Eagles,,00:33.7,03:21.1,2005,Fade
2917,Twenty-One,Eagles,,00:03.9,02:09.8,2005,Fade
2918,Out of Control,Eagles,,00:12.4,03:00.4,2005,Fade
2919,Tequila Sunrise,Eagles,,00:17.3,02:46.8,2005,
2920,Desperado,Eagles,,00:19.0,03:27.2,2005,Fade
2921,Certain Kind of Fool,Eagles,,00:16.5,03:00.9,2005,End
2922,Six Ways to Sunday,Blackberry Smoke,,00:14.6,03:23.1,2012,
2923,Pretty Little Lie,Blackberry Smoke,,00:10.2,03:28.6,2012,
2924,Everybody Knows She's Mine,Blackberry Smoke,,00:17.5,03:45.9,2012,End
2925,One Horse Town,Blackberry Smoke,,00:39.3,04:10.7,2012,
2926,Ain't Much Left of Me,Blackberry Smoke,,00:39.0,04:51.7,2012,
2927,The Whippoorwill,Blackberry Smoke,,00:19.6,05:22.4,2012,
2928,Lucky Seven,Blackberry Smoke,,00:19.7,04:11.1,2012,
2929,Leave a Scar,Blackberry Smoke,,00:15.2,03:28.5,2012,
2930,Crimson Moon,Blackberry Smoke,,00:12.8,03:56.8,2012,
2931,Ain't Got the Blues,Blackberry Smoke,,00:23.7,03:56.7,2012,
2932,Sleeping Dogs,Blackberry Smoke,,00:24.7,03:17.1,2012,
2933,Shakin' Hands With the Holy Ghost,Blackberry Smoke,,00:25.7,03:38.1,2012,
2934,Up the Road,Blackberry Smoke,,00:15.5,05:47.8,2012,
2935,Country Side of Life,Blackberry Smoke,,00:10.9,03:05.7,2012,
2936,Pretty Little Lie (live),Blackberry Smoke,,00:17.2,03:37.6,2012,
2937,Six Ways to Sunday (live),Blackberry Smoke,,00:20.8,03:42.0,2012,
2938,david can i help you sir,,,00:00:00,00:00.8,,
2939,super market music,,,00:00:00,00:11.2,,
2940,vomiting sound effect,,,00:00:00,00:03.2,,
2941,Sugar Man,Rodriguez,,00:07.8,03:39.6,1970,
2942,The Hard Way,Mary Chapin Carpenter,,00:17.0,04:17.2,1992,
2943,I Can't Explain,The Who,,00:13.8,02:51.3,1970,
2944,I Feel Free,Cream,,00:08.8,02:46.9,1995,
2945,Pretty Little Lie,Blackberry Smoke,,00:00:00,03:28.6,2012,
2946,Fortune Teller,The Who,,00:00:00,02:34.7,1970,
2947,Morning Dew,Jeff Beck,,00:24.0,04:26.1,1968,
2948,City to City,Gerry Rafferty,,00:17.0,04:52.8,1978,
2949,Electric Los Angeles Sunset,Al Stewart,,00:41.8,03:40.8,2014,
2950,Livin' on the Edge,Aerosmith,,00:11.7,05:59.4,1993,
2951,People Are Strange,The Doors,,00:01.9,02:06.1,2007,
2952,Green River,Creedence Clearwater Revival,,00:11.9,02:24.9,2007,
2953,Solid Rock,Dire Straits,,00:26.4,03:09.6,1995,
2954,The Whippoorwill,Blackberry Smoke,,00:00:00,05:22.4,2012,
2955,Victim of Love,Eagles,,00:22.5,04:03.3,2005,
2956,Wasted on the Way,"Crosby, Stills & Nash",,00:05.6,02:43.1,2005,
2957,Crunchy Granola Suite <live>,Neil Diamond,,00:00:00,03:50.6,1992,
2958,Take Me Away,Blue Oyster Cult,,00:15.5,04:26.7,1983,
2959,High Flyin' Bird,Jefferson Airplane,,00:08.2,02:28.7,2001,
2960,Ride My See-Saw,The Moody Blues,,00:00:00,03:34.7,,
2961,Citadel,The Rolling Stones,,00:00:00,02:44.0,2011,
2962,St Tropez,Brigitte Bardot,,00:25.9,01:09.6,1996,
2963,Peacekeeper,Fleetwood Mac,,00:08.4,04:05.8,2003,
2964,Rhiannon (Single Version),Fleetwood Mac,,00:14.4,03:39.0,2002,
2965,Drag Path,21 Pilots,,00:09.7,03:43.5,,
2966,Are You Lonesome Tonight,Elvis Presley,,00:05.9,02:54.6,,
2967,Simple Man,Lynyrd Skynyrd,,00:00:00,05:43.0,1998,
2968,Pick Up The Pieces,Average White Band,,00:00:00,03:51.5,2025,
2969,Summer and Lightning,Electric Light Orchestra,,00:15.7,04:05.4,1977,
2970,End of Line.mp3,Mohair,,00:32.0,04:03.9,,
2971,8 Days a Week,The Beatles,,00:06.9,02:40.5,2000,
2972,"Queen Of My Soul (""Volume VIII"" Edit)",Average White Band,,00:05.8,04:26.4,2025,Fade
2973,Queen Of Clubs,KC & The Sunshine Band,,00:14.4,03:12.2,1996,
2975,The Good Life theme song,,,00:00:00,00:31.1,,
2977,When I'm Sixty-Four,Lennon McCartney The Beatles,,00:10.2,02:36.4,1967,End
2998,When Smoky Sings,ABC,,00:29.5,04:14.2,,Fade
2999,Just What I Needed,The Cars,,00:16.6,03:37.1,1978,
3000,Back in Black,AC DC,,00:26.6,04:04.9,,
3001,Highway to Hell,AC DC,,00:17.9,03:27.1,,
3002,Take On Me,A-Ha,,00:17.2,03:41.2,,
3003,The Living Daylights,A-Ha,,00:12.5,04:01.6,,
3004,The Sun Always Shines On TV,A-Ha,,00:15.1,04:37.4,,
3005,One Of Us,Abba,,00:37.3,03:50.2,1981,
3006,Super Trouper,Abba,,00:00.2,04:04.7,1981,
3007,Thank You For The Music,Abba,,00:11.5,03:45.6,1979,
3008,The Winner Takes It All,Abba,,00:32.6,04:47.0,1980,
3009,All Of My Heart,ABC,,00:17.3,04:30.4,,
3010,Poison Arrow,ABC,,00:34.8,03:20.7,1982,
3011,The Look Of Love,ABC,,00:12.1,03:27.0,,
3012,Goody Two Shoes,Adam & The Ants,,00:34.0,03:27.9,1982,
3013,Prince Charming,Adam & The Ants,,00:00.8,03:14.1,1981,
3014,Stand & Deliver,Adam & The Ants,,00:07.3,03:32.1,1981,
3015,Walk This Way,Aerosmith And Run DMC,,00:17.0,03:28.8,1986,Fade
3016,All Out Of Love,Air Supply,,00:21.5,03:58.7,,End
3017,Criticize,Alexander O'Neal,,00:00.2,03:18.6,,
3018,Baby Can I Hold You,Tracy Chapman,,00:00:00,03:04.0,,
3019,Make It On My Own,Alison Limerick,,00:35.8,05:04.8,1992,
3020,All Cried Out,Alison Moyet,,00:13.3,03:29.5,,
3021,Is This Love,Alison Moyet,,00:17.4,03:45.9,,
3022,Big In Japan,Alphaville,,00:25.1,03:46.4,1984,
3023,Happy Birthday,Altered Images,,00:05.9,02:55.2,1981,
3024,Friends,Amii Stewart,,00:40.5,04:34.5,,
3025,Japanese Boy,Aneka,,00:35.1,03:47.5,1981,
3026,Sweet love,Anita Baker,,00:21.2,04:14.2,,Fade
3027,Who's Zoomin' Who,Aretha Franklin,,00:12.0,04:34.8,1985,
3028,Hot Hot Hot,Arrow,,00:16.1,03:33.1,1982,
3029,Kiss,Art Of Noise Featuring Tom Jones,,00:01.1,03:28.3,1988,
3030,Solid,Ashford & Simpson,,00:00.1,05:05.4,1984,
3031,Heat Of The Moment,Asia,,00:10.3,03:41.2,1982,
3032,Don't Turn Around,Aswad,,00:05.7,03:15.1,1988,
3033,Give A Little Love,Aswad,,00:15.1,03:41.9,,
3034,Turn Up The Radio,Autograph,,00:55.9,04:27.3,1984,
3035,Let's Go Round Again,Average White Band,,00:19.9,05:24.6,1980,
3036,Good Morning Britain,Aztec Camera,,00:11.9,03:59.2,1990,
3037,Somewhere In My Heart,Aztec Camera,,00:06.2,03:48.9,1988,
3038,Love Shack,B52s,,00:07.4,05:17.6,,
3039,Rock Lobster,B52s,,00:04.7,06:47.1,,
3040,Tarzan Boy,Baltimora,,00:18.6,03:44.3,1984,Fade
3041,I Want You Back,Bananarama,,00:17.7,03:41.5,1988,
3042,Cruel Summer,Bananarama,,00:17.8,03:25.0,1983,Fade
3043,Venus,Bananarama,,00:19.2,03:32.7,1986,
3044,Eternal Flame,Bangles,,00:06.4,03:44.3,,
3045,Manic Monday,Bangles,,00:17.8,03:01.9,1985,
3046,Walk Like An Egyptian,Bangles,,00:14.2,03:18.4,1986,
3047,Woman In Love,Barbra Streisand,,00:22.7,03:44.6,1980,
3048,Kokomo,Beach Boys,,00:03.7,03:31.6,1988,
3049,Fight For Your Right To Party,Beastie Boys,,00:06.5,03:19.7,1986,
3050,No Sleep till Brooklyn,Beastie Boys,,00:00.1,04:01.9,1986,
3051,Song For Whoever,Beautiful South,,00:08.0,04:00.4,1989,
3052,You Keep It All In,Beautiful South,,00:13.3,02:50.3,,
3053,I'll Take You There,The Staple Singers,,00:06.2,04:14.0,,Fade
3054,Leave A Light On,Belinda Carlise,,00:26.0,04:09.8,,
3055,Heaven Is A Place On Earth,Belinda Carlisle,,00:00.0,03:52.3,1987,
3056,Imagination,Belouis Some,,00:26.8,03:27.8,,
3057,Take My Breath Away,Berlin,,00:11.2,04:08.2,1986,
3058,Wind Beneath My Wings,Bette Midler,,00:05.8,04:47.9,1989,
3059,(I've Had) The Time Of My Life,Bill Medley & Jennifer Warnes,,00:00.4,04:38.2,1987,
3060,Hot In The City,Billy Idol,,00:02.8,03:27.8,1982,
3061,Rebel Yell,Billy Idol,,00:22.8,04:43.4,1984,
3062,White Wedding,Billy Idol,,00:27.8,04:06.7,1982,
3063,The Longest Time,Billy Joel,,00:01.2,03:27.2,,
3064,Uptown Girl,Billy Joel,,00:08.4,03:08.4,1983,
3065,We Didnt Start The Fire,Billy Joel,,00:32.7,04:37.3,,
3066,Caribbean Queen,Billy Ocean,,00:19.4,03:35.1,1984,
3067,Get Outta My Dreams Get Into My Car,Billy Ocean,,00:12.0,04:26.2,1988,
3068,Wonderful life,Black,,00:29.3,04:45.4,1987,End
3069,Ride On Time,Black Box,,00:00.4,04:25.8,,
3070,Living On The Ceiling,Blancmange,,00:20.6,03:56.2,1982,
3071,Atomic,Blondie,,00:30.6,03:38.7,1980,
3072,Call Me,Blondie,,00:15.2,03:25.0,1980,
3073,Rapture,Blondie,,00:26.6,04:53.5,,
3074,The Tide Is High,Blondie,,00:34.8,04:29.6,1980,
3075,Young At Heart,Bluebells,,00:00.4,03:20.8,1984,
3076,My Prerogative,Bobby Brown,,00:21.5,04:44.3,,
3077,Don't Worry Be Happy,Bobby McFerrin,,00:14.5,03:46.7,1988,Fade
3078,Beat Dis,Bomb The Bass,,00:00.2,05:43.1,1988,
3079,Bad Medicine,Bon Jovi,,00:16.2,05:08.6,1988,
3080,Keep the Faith,Bon Jovi,,00:17.6,05:23.7,1992,
3081,Living On A Prayer,Bon Jovi,,00:40.8,03:57.3,1986,
3082,Wanted Dead Or Alive,Bon Jovi,,00:39.9,04:55.9,1986,
3083,You Give Love A Bad Name,Bon Jovi,,00:00.3,00:03:37,1986,
3084,Holding Out for a Hero,Bonnie Tyler,,00:32.0,05:41.5,1984,
3085,Total Eclipse Of The Heart,Bonnie Tyler,,00:07.3,04:24.4,,
3086,I Want Candy,Bow Wow Wow,,00:31.9,02:40.0,1982,
3087,Waiting For A Star To Fall,Boy Meets Girl,,00:22.6,04:23.5,1988,
3088,Smalltown Boy,Bronski Beat,,00:14.4,03:52.4,1984,
3089,Why,Bronski Beat,,00:00.1,04:01.7,,
3090,I Owe You Nothing,Bros,,00:04.1,03:00.9,,
3091,When Will I Be Famous,Bros,,00:00.1,03:57.4,1987,
3092,Stomp,Brothers Johnson,,00:19.8,04:03.6,,
3093,The Way It Is,Bruce Hornby & The Range,,00:49.1,04:50.6,,
3094,Born In The USA,Bruce Springsteen,,00:16.9,04:31.4,1984,
3095,Born To Run,Bruce Springsteen,,00:14.0,04:26.4,1983,
3096,Dancing In The Dark,Bruce Springsteen,,00:13.1,03:53.7,1984,
3097,Glory Days,Bruce Springsteen,,00:07.4,04:11.3,1985,
3098,Hungry Heart,Bruce Springsteen,,00:19.1,03:11.3,1980,
3099,Heaven,Bryan Adams,,00:15.5,03:57.7,1985,
3100,Kids Wanna Rock,Bryan Adams,,00:18.7,02:35.6,,
3101,Run To You,Bryan Adams,,00:15.6,03:48.3,1984,
3102,Summer Of '69,Bryan Adams,,00:04.8,03:29.5,1985,
3103,Slave To Love,Bryan Ferry,,00:39.3,04:13.8,,
3104,Making Your Mind Up,Bucks Fizz,,00:10.6,02:36.3,,
3105,My Camera Never Lies,Bucks Fizz,,00:06.6,03:39.7,1982,
3106,The Land of Make Believe,Bucks Fizz,,00:00.5,03:34.6,1981,
3107,Candy,Cameo,,00:10.7,04:03.5,1986,
3108,Word Up,Cameo,,00:24.7,04:12.2,1986,
3109,Happy Talk,Captain Sensible,,00:05.0,03:21.9,1982,
3110,Drive,Cars,,00:24.2,03:50.1,1984,
3111,I Found Someone,Cher,,00:09.3,03:37.1,,
3112,If I Could Turn Back Time,Cher,,00:08.0,03:48.1,1999,
3113,Don't Pay The Ferryman,Chris De Burgh,,00:32.0,03:44.8,1982,
3114,The Lady In Red,Chris De Burgh,,00:18.9,04:09.4,,End
3115,On The Beach,Chris Rea,,00:44.9,03:36.7,1986,
3116,The Road To Hell (Part 2),Chris Rea,,00:16.9,04:21.3,1999,
3117,Arthur's Theme (Best That You Can Do),Christopher Cross,,00:14.6,03:47.7,1981,
3118,Ride Like The Wind,Christopher Cross,,00:30.6,04:15.0,,
3119,Rock The Casbah,Clash,,00:15.5,03:30.9,1982,
3120,Should I Stay Or Should I Go,Clash,,00:14.9,03:05.4,1982,
3121,Wired For Sound,Cliff Richard,,00:03.8,03:32.3,1981,
3122,Love Changes (Everything),Climie Fisher,,00:28.4,04:22.6,1987,
3123,Doctorin' The House,Coldcut,,00:00.2,03:26.0,1988,
3124,Trapped,Colonel Abrams,,00:25.3,03:55.1,1985,
3125,Don't Leave Me This Way,Communards,,00:29.5,04:21.1,1986,
3126,Never Can Say Goodbye,Communards,,00:27.0,04:16.8,1987,
3127,Don't Dream It's Over,Crowded House,,00:11.9,03:38.7,1986,Fade
3128,Church Of The Poison Mind,Culture Club,,00:28.8,03:24.6,1983,
3129,Do You Really Want To Hurt Me,Culture Club,,00:01.5,04:17.4,1982,
3130,Karma Chameleon,Culture Club,,00:12.1,03:50.6,1983,
3131,Victims,Culture Club,,00:23.0,04:49.0,1983,
3132,Talkin' Bout A Revolution,Tracy Chapman,,00:00:00,02:37.2,,
3133,Down To Earth,Curiosity Killed The Cat,,00:18.2,03:45.7,1986,
3134,Name And Number,Curiosity Killed The Cat,,00:04.5,03:51.8,,
3135,(I Just) Died In Your Arms Tonight,Cutting Crew,,00:15.4,04:07.6,2020,
3136,Girls Just Want To Have Fun,Cyndi Lauper,,00:16.9,03:43.8,1983,
3137,Time After Time,Cyndi Lauper,,00:14.9,03:52.8,1983,
3138,True Colors,Cyndi Lauper,,00:15.1,03:44.5,1986,
3139,Youre The One For Me,D-Train,,00:00.3,05:03.5,,
3140,Mary's Prayer,Danny Wilson,,00:00.5,03:45.2,,
3141,Ashes To Ashes,David Bowie,,00:09.1,03:32.4,1980,
3142,China Girl,David Bowie,,00:09.7,05:24.0,1983,
3143,Let's Dance,David Bowie,,00:00.2,03:52.2,1983,
3144,Eye Know,De La Soul,,00:08.4,04:05.4,1989,
3145,Me Myself & I,De La Soul,,00:10.3,03:38.1,,
3146,The Magic Number,De La Soul,,00:07.9,03:13.4,1989,
3147,Real Gone Kid,Deacon Blue,,00:15.1,03:53.5,1988,
3148,You Spin Me Round (Like a Record),Dead or Alive,,00:14.3,03:09.8,1984,
3149,Rhythm Of The Night,DeBarge,,00:41.9,05:39.0,1985,
3150,French Kissin' In The USA,Debbie Harry,,00:10.4,03:59.5,,
3151,Pour Some Sugar On Me,Def Leppard,,00:00.8,04:49.4,,
3152,Free,Deniece Williams,,00:10.9,02:32.4,1976,
3153,Let's Hear It For The Boy,Deniece Williams,,00:22.9,04:12.4,1984,
3154,Enjoy The Silence,Depeche Mode,,00:25.6,04:06.4,1990,
3155,Just Can't Get Enough,Depeche Mode,,00:22.5,03:27.7,1981,
3156,People Are People,Depeche Mode,,00:32.0,03:49.4,,
3157,Personal Jesus,Depeche Mode,,00:00:04,03:39.3,1989,
3158,Whip It,Devo,,00:19.5,02:36.1,,
3159,Come On Eileen,Dexy's Midnight Runners,,00:24.3,03:58.5,1982,
3160,Geno,Dexy's Midnight Runners,,00:24.0,03:19.9,1980,
3161,Endless Love,Diana Ross & Lionel Richie,,00:05.2,04:22.3,,
3162,Chain Reaction,Diana Ross,,00:22.6,03:44.1,1985,
3163,My Old Piano,Diana Ross,,00:15.7,03:45.9,1980,
3164,Heartbreaker,Dionne Warwick,,00:21.7,04:07.4,1983,
3165,Money For Nothing,Dire Straits,,00:01.1,04:00.5,1988,
3166,Romeo And Juliet,Dire Straits,,00:22.8,04:12.5,1980,
3167,Walk Of Life,Dire Straits,,00:57.1,03:56.1,1985,
3168,Spirit in the Sky,Doctor & The Medics,,00:16.3,03:23.1,1986,
3169,9 To 5,Dolly Parton,,00:09.8,02:40.5,1980,
3170,The Boys Of Summer,Don Henley,,00:32.6,04:38.2,1984,
3171,A View To A Kill,Duran Duran,,00:19.0,03:32.4,1985,End
3172,Girls On Film,Duran Duran,,00:16.6,03:22.5,1981,
3173,Hungry Like A Wolf,Duran Duran,,00:08.4,03:21.6,1982,
3174,Is There Something I Should Know,Duran Duran,,00:00.1,04:02.3,1983,
3175,Planet Earth,Duran Duran,,00:24.0,03:54.4,1981,
3176,Rio,Duran Duran,,00:20.6,05:15.8,,
3177,Save A Prayer,Duran Duran,,00:21.3,05:21.4,1982,
3178,The Reflex,Duran Duran,,00:09.9,04:15.2,1984,
3179,Wild Boys,Duran Duran,,00:02.6,04:11.9,1984,
3180,Gimme Hope Jo'anna,Eddie Grant,,00:15.3,03:40.7,1988,
3181,Electric Avenue,Eddy Grant,,00:08.0,03:09.7,1982,
3182,I Don't Wanna Dance,Eddy Grant,,00:01.1,03:34.1,1982,
3183,What I Am,Edie Brickell & The New Bohemians,,00:10.8,03:34.4,,
3184,I Know Him So Well,Elaine Paige & Barbara Dickson,,00:27.3,04:09.3,1984,
3185,Memory,Elaine Paige,,00:05.1,04:13.5,1981,
3186,Hold On Tight,Electric Light Orchestra,,00:12.1,03:02.6,1981,
3187,Getting Away With It,Electronic,,00:22.4,04:08.2,1989,
3188,I Guess Thats Why They Call It The Blues,Elton John,,00:12.4,04:37.3,,
3189,I'm Still Standing,Elton John,,00:10.9,02:56.4,1983,
3190,Nikita,Elton John,,00:22.7,05:33.1,,
3191,Sacrifice,Elton John,,00:16.8,04:56.1,,
3192,A Little Respect,Erasure,,00:06.9,03:22.1,,Fade
3193,Sometimes,Erasure,,00:21.8,03:23.9,1986,
3194,Who Needs Love (Like That),Erasure,,00:05.6,02:57.0,,
3195,Hungry Eyes,Eric Carmen,,00:27.4,03:59.1,1987,
3196,Bad Love,Eric Clapton,,00:54.8,04:57.7,,
3197,Behind The Mask,Eric Clapton,,00:32.6,04:35.8,,
3198,Forever Man,Eric Clapton,,00:18.0,00:03:05,1985,
3199,Carrie,Europe,,00:24.5,04:27.3,1986,
3200,The Final Countdown,Europe,,00:35.6,03:52.4,1986,
3201,Here Comes The Rain Again,Eurythmics,,00:34.5,04:53.0,1983,
3202,Sisters Are Doin' It For themselves,Eurythmics,,00:13.2,04:49.2,,
3203,Sweet Dreams,Eurythmics,,00:26.9,04:43.7,1983,
3204,There Must Be An Angel (Playing With My Heart),Eurythmics,,00:00.2,04:36.1,1985,
3205,Thorn In My Side,Eurythmics,,00:06.6,04:05.7,,
3206,Who's That Girl,Eurythmics,,00:00.2,03:40.7,1983,
3207,Would I Lie To You,Eurythmics,,00:28.2,04:18.5,1985,
3208,Love Come Down,Evelyn King,,00:21.5,03:30.5,,
3209,Perfect,Fairground Attraction,,00:00.2,03:31.4,1988,
3210,Rock Me Amadeus,Falco,,00:00.9,03:18.0,1985,
3211,A Good Heart,Feargal Sharkey,,00:19.1,04:21.8,1985,
3212,(Feels Like) Heaven,Fiction Factory,,00:16.9,03:22.8,1983,
3213,Good Thing,Fine Young Cannibals,,00:13.9,03:11.8,,
3214,Johnny Come Home,Fine Young Cannibals,,00:14.7,03:28.3,1985,
3215,She Drives Me Crazy,Fine Young Cannibals,,00:21.8,03:30.0,,
3216,Suspicious Minds,Fine Young Cannibals,,00:11.9,03:54.4,1985,
3217,System Addict,Five Star,,00:22.7,03:57.7,1985,
3218,The Slightest Touch,Five Star,,00:13.7,04:17.1,1987,
3219,Big Love,Fleetwood Mac,,00:14.9,03:34.7,1987,
3220,Everywhere,Fleetwood Mac,,00:33.3,03:36.5,1987,
3221,Little Lies,Fleetwood Mac,,00:15.5,03:28.8,1987,
3222,I Ran,Flock Of Seagulls,,00:26.2,03:35.4,1983,
3223,Wishing (If I Had A Photograph),Flock Of Seagulls,,00:24.1,05:27.3,1982,
3224,I Want To Know What Love Is,Foreigner,,00:13.9,04:50.6,1984,
3225,Waiting For A Girl Like You,Foreigner,,00:29.9,04:10.1,,
3226,Loco In Acapulco,Four Tops,,00:32.2,03:49.1,1988,
3227,Relax,Frankie Goes To Hollywood,,00:04.2,03:51.2,1983,
3228,The Power of Love,Frankie Goes To Hollywood,,00:01.8,05:24.7,1984,
3229,Two Tribes,Frankie Goes To Hollywood,,00:28.4,03:17.4,1984,
3230,I.O.U,Freeez,,00:08.2,03:46.9,1983,
3231,It Ain't What You Do It's The Way,Fun Boy Three & Bananarama,,00:21.7,02:42.0,,
3232,Somethings Gotten Hold of My Heart,Gene Pitney & Marc Almond,,00:15.7,04:29.6,1989,
3233,Invisible Touch,Genesis,,00:16.4,03:20.9,1986,Fade
3234,Land Of Confusion,Genesis,,00:10.1,04:39.2,1986,
3235,Thats All,Genesis,,00:10.8,04:12.7,,
3236,Tonigh Tonight Tonight,Genesis,,00:14.4,04:19.4,,
3237,Got My Mind Set On You,George Harrison,,00:05.1,03:45.7,1987,
3238,I Knew You Were Waiting (For Me),George Michael & Aretha Franklin,,00:25.1,03:51.4,1986,
3239,Careless Whisper,George Michael,,00:26.7,04:53.4,1984,
3240,Faith,George Michael,,00:04.2,02:36.9,1987,End
3241,Bad to the Bone,George Thorogood & The Destroyers,,00:18.4,04:47.3,,
3242,Together in Electric Dreams,Giorgio Moroder & Philop Oakey,,00:44.1,03:42.9,,
3243,Licence To Kill,Gladys Knight,,00:10.6,04:05.6,,
3244,The Heat Is On,Glenn Frey,,00:13.1,03:27.8,1984,
3245,Rhythm Is Gonna Get You,Gloria Estefan & The Miami Sound Machine,,00:01.4,03:54.2,1987,
3246,1-2-3-4,Gloria Estefan,,00:00.1,03:27.4,,
3247,Bad Boy,Gloria Estefan,,00:20.5,03:37.0,,
3248,Conga,Gloria Estefan,,00:00.7,04:11.7,2001,
3249,Dr. Beat,Gloria Estefan,,00:00.2,04:09.6,,
3250,Get On Your Feet,Gloria Estefan,,00:15.6,03:23.6,,
3251,Call Me,Go West,,00:00:00,04:12.8,1985,
3252,The King Of Wishful Thinking,Go West,,00:18.5,03:49.5,1990,
3253,We Close Our Eyes,Go West,,00:22.3,03:35.6,1985,
3254,Pull Up To The Bumper,Grace Jones,,00:27.0,03:34.9,1981,
3255,Slave To The Rhythm,Grace Jones,,00:00:00,04:19.7,,
3256,The Message,Grandmaster Flash & The Furious Five,,00:00:00,03:10.4,1982,
3257,White Lines,Grandmaster Flash,,00:16.5,04:23.1,,
3258,Night Nurse,Gregory Isaacs,,00:00:00,03:59.0,1990,
3259,Just the Two of Us,Grover Washington Jr Featuring Bill Withers,,00:19.9,03:54.1,,
3260,Fantastic Day,Haircut 100,,00:17.1,03:08.9,,
3261,Favourite Shirt (Boy Meets Girl),Haircut 100,,00:00:00,03:03.6,,
3262,Love Plus One,Haircut 100,,00:00:00,03:33.1,,
3263,I Can't Go For That,Hall & Oates,,00:26.0,03:37.7,1981,
3264,Maneater,Hall & Oates,,00:20.3,03:11.8,,
3265,Out Of Touch,Hall & Oates,,00:00:00,04:10.1,1984,
3266,Private Eyes,Hall & Oates,,00:00:00,03:26.9,1981,
3267,You Make My Dreams,Hall & Oates,,00:10.4,02:55.7,1980,
3268,Axel F,Harold Faltermeyer,,00:00:00,02:59.9,1984,
3269,Who's Leaving Who,Hazell Dean,,00:14.3,03:38.4,,
3270,Alone,Heart,,00:11.3,03:35.2,,
3271,Temptation,Heaven 17,,00:00.5,03:20.8,,
3272,Rockit,Herbie Hancock,,00:00:00,03:22.1,1983,
3273,Don't Go,Hothouse Flowers,,00:13.9,03:35.2,1987,
3274,Build,Housemartins,,00:18.7,04:35.4,,
3275,Caravan Of Love,Housemartins,,00:09.2,03:24.8,1986,
3276,Happy Hour,Housemartins,,00:04.3,02:16.4,1986,
3277,Me & The Farmer,Housemartins,,00:00:00,02:54.9,1987,
3278,Think For A Minute,Housemartins,,00:00:00,03:29.3,,
3279,New Song,Howard Jones,,00:00:00,04:10.7,1983,
3280,What Is Love,Howard Jones,,00:19.9,03:39.3,,
3281,Labour of Love,Hue & Cry,,00:23.8,03:30.5,1987,
3282,Looking For Linda,Hue & Cry,,00:04.1,03:41.3,,
3283,Back In time,Huey Lewis & The News,,00:00:00,04:08.7,1985,
3284,Hip To Be Square,Huey Lewis & The News,,00:14.3,03:48.8,,
3285,If This Is It,Huey Lewis & The News,,00:00:00,03:39.7,,
3286,Stuck With You,Huey Lewis & The News,,00:00:00,04:28.6,1986,
3287,The Power of Love,Huey Lewis & The News,,00:20.6,03:43.1,1985,
3288,(Keep Feeling) Fascination,Human League,,00:00:00,03:41.9,1983,
3289,Don't You Want Me,Human League,,00:20.2,03:49.8,1981,
3290,Love Action (I Believe In Love),Human League,,00:23.9,04:51.2,1981,
3291,Mirror Man,Human League,,00:02.4,03:40.8,1982,
3292,Last Night A DJ Saved My Life,Indeep,,00:25.6,04:03.1,1983,
3293,Big Fun,Inner City,,00:22.1,03:15.2,1989,
3294,Good Life,Inner City,,00:07.9,03:53.7,1988,
3295,Mystify,INXS,,00:00.0,03:12.7,1989,
3296,Need You Tonight,INXS,,00:20.3,03:00.5,1987,
3297,Never Tear Us Apart,INXS,,00:14.2,02:53.3,1987,
3298,New Sensation,INXS,,00:07.9,03:38.0,,
3299,Suicide Blonde,INXS,,00:04.2,03:42.3,,
3300,Fame,Irene Cara,,00:22.7,03:37.8,1980,
3301,Flashdance... What A Feeling,Irene Cara,,00:00:00,03:20.7,,
3302,Centerfold,J. Geils Band,,00:16.6,03:34.0,1981,
3303,Freeze Frame,J. Geils Band,,00:00:00,03:54.1,1981,
3304,Beat Surrender,Jam,,00:00:00,03:19.9,1993,
3305,Going Underground,Jam,,00:05.9,02:47.5,1980,
3306,Start,Jam,,00:06.7,02:28.4,,
3307,Thats Entertainment,Jam,,00:13.9,03:21.2,,
3308,The Bitterest Pill,Jam,,00:00:00,03:29.8,1982,
3309,The Eton Rifles,Jam,,00:00:00,03:56.3,1979,
3310,Town Called Malice,Jam,,00:14.2,02:45.1,1982,
3311,Living In America,James Brown,,00:00:00,04:43.4,1995,
3312,Rush Hour,Jan Wieldin,,00:24.1,03:50.6,,
3313,Nasty,janet jackson,,00:00.1,04:02.4,1986,
3314,Too Many Broken Hearts,Jason Donovan,,00:00:00,03:27.7,1989,
3315,We Don't Have To... (Take Our Clothes Off To Have,Jermaine Stewart,,00:00:35,04:30.6,1985,
3316,I Hate Myslef for Loving You,Joan Jett & The Blackhearts,,00:00:00,04:06.1,,
3317,I Love Rock 'n' Roll,Joan Jett & The Blackhearts,,00:15.1,02:52.7,1981,
3318,Somebody Else's Guy,Jocelyn Brown,,00:00.8,03:57.1,,
3319,Up Where We Belong,Joe Cocker & Jennifer Warnes,,00:13.5,03:40.6,1982,
3320,Your the Best,Joe Esposito,,00:00:00,02:54.6,,
3321,Steppin' Out,Joe Jackson,,00:00:00,04:14.6,1982,
3322,Believe It Or Not,Joey Scarbury,,00:12.6,03:02.4,,
3323,Jack and Diane,John Cougar Mellencamp,,00:27.8,04:04.6,1982,
3324,(Just Like) Starting Over,John Lennon,,00:00:00,03:50.0,1980,
3325,Woman,John Lennon,,00:11.9,03:19.5,1981,
3326,I Dont Want To Be A Hero,Johnny Hates Jazz,,00:00:00,03:21.9,,
3327,Shattered Dreams,Johnny Hates Jazz,,00:00:00,03:15.0,1987,
3328,Any Way You Want It,Journey,,00:00.0,03:09.0,1980,
3329,Don't Stop Believing,Journey,,00:17.6,04:01.5,1981,
3330,Breaking The Law,Judas Priest,,00:00:00,02:32.9,1980,
3331,World Shut Your Mouth,Julian Cope,,00:18.6,03:21.6,1984,
3332,Mama Used to Say,Junior,,00:25.0,03:33.0,1981,
3333,Too Shy,Kajagoogoo,,00:44.2,03:31.3,1982,
3334,Babooshka,Kate Bush,,00:18.7,03:16.4,1980,
3335,Hounds of Love,Kate Bush,,00:00:00,03:01.6,1985,
3336,Running Up That Hill,Kate Bush,,00:21.4,04:41.3,1985,
3337,Walking On Sunshine,Katrina & The Waves,,00:08.7,03:46.5,1983,
3338,Danger Zone,Kenny Loggins,,00:16.5,03:25.8,1986,
3339,Footloose,Kenny Loggins,,00:30.4,03:43.5,,
3340,Islands In The Stream,Kenny Rogers & Dolly Parton,,00:00:00,03:55.5,1983,
3341,Annie I'm Not Your Daddy,Kid Creole & The Coconuts,,00:35.0,03:43.3,1982,
3342,Star,Kiki Dee,,00:00:00,03:09.7,1981,
3343,Bette Davis Eyes,Kim Carnes,,00:14.6,03:30.6,1981,
3344,Kids In America,Kim Wilde,,00:12.1,03:21.7,1981,
3345,You Came,Kim Wilde,,00:00:00,03:29.3,1988,
3346,Love And Pride,King,,00:01.8,03:17.5,1984,
3347,A New England,Kirsty MacColl,,00:14.3,03:39.0,,
3348,Days,Kirsty MacColl,,00:06.8,02:55.0,1989,
3349,They Don't Know,Kirsty MacColl,,00:00:00,03:00.2,1979,
3350,Crazy Crazy Nights,KISS,,00:04.5,03:37.2,,
3351,I Was Made For Lovin' You,KISS,,00:14.0,04:18.1,,
3352,Fresh,Kool & The Gang,,00:16.3,03:39.6,1984,
3353,Hollywood Swinging,Kool & The Gang,,00:00:00,04:33.2,1973,
3354,The Breaks,Kurtis Blow,,00:00.1,03:47.5,,
3355,Especially For You,Kylie Minogue & Jason Donovan,,00:12.7,03:48.7,,
3356,Hand On Your Heart,Kylie Minogue,,00:00:00,03:46.8,,
3357,I Should Be So Lucky,Kylie Minogue,,00:16.8,03:17.9,,
3358,Never Too Late,Kylie Minogue,,00:16.3,03:13.2,,
3359,The Loco-motion,Kylie Minogue,,00:00:00,03:13.9,1988,
3360,It Must Be Love,Labi Siffre,,00:00:00,03:46.6,1971,
3361,Einstein a Go-Go,Landscape,,00:00:00,02:26.0,1981,
3362,Lessons In Love,Level 42,,00:21.4,03:50.5,1987,
3363,Running In The Family,Level 42,,00:15.6,03:49.3,1987,
3364,Something About You,Level 42,,00:00:00,03:46.1,1985,
3365,All Night Long (All Night),Lionel Richie,,00:10.0,04:07.1,1983,
3366,Dancing on the ceiling,Lionel Richie,,00:22.2,04:14.2,1985,
3367,Hello,Lionel Richie,,00:15.8,03:58.4,1983,
3368,"Say You, Say Me",Lionel Richie,,00:15.7,03:55.1,,
3369,Stuck On You,Lionel Richie,,00:18.1,03:06.0,1983,Slow
3370,Living In A Box,Living In A Box,,00:19.1,02:58.5,,
3371,Bananarama,Love In The First Degree,,00:17.8,03:21.1,,
3372,Give Me The Reason,Luther Vandross,,00:00:00,04:30.6,1986,
3373,Never Too Much,Luther Vandross,,00:37.6,03:39.7,1981,
3374,Baggy Trousers,Madness,,00:06.4,02:33.4,1980,
3375,Driving In My Car,Madness,,00:00:00,00:03:19,1982,
3376,Embarrassment,Madness,,00:00:00,03:11.1,1980,
3377,House Of Fun,Madness,,00:00:00,02:48.1,1982,
3378,It Must Be Love,Madness,,00:07.2,03:01.6,1981,
3379,Shut Up,Madness,,00:00:00,02:51.9,1981,
3380,Borderline,Madonna,,00:00:00,03:44.7,1984,
3381,Cherish,Madonna,,00:00:00,03:49.1,,
3382,Crazy For You,Madonna,,00:00:00,03:43.1,1985,
3383,Express Yourself,Madonna,,00:04.3,03:59.1,,
3384,Holiday,Madonna,,00:32.1,03:53.7,1983,
3385,Into The Groove,Madonna,,00:02.7,03:55.2,1985,
3386,La Isla Bonita,Madonna,,00:00:00,03:45.1,1987,
3387,Like A Prayer,Madonna,,00:00.4,05:20.9,1989,
3388,Like A Virgin,Madonna,,00:07.2,03:04.2,,
3389,Lucky Star,Madonna,,00:00:00,03:29.3,,
3390,Material Girl,Madonna,,00:28.7,03:48.8,1985,
3391,open your heart,Madonna,,00:00:00,03:47.0,1986,
3392,Papa Don't Preach,Madonna,,00:30.5,04:01.5,1986,
3393,Who's That Girl,Madonna,,00:00:00,03:57.5,1987,
3394,Double Dutch,Malcolm McLaren,,00:14.8,03:43.7,1982,
3395,Pump Up The Volume,MARRS,,00:04.2,03:59.6,,
3396,Echo Beach,Martha & The Muffins,,00:34.6,03:16.3,1980,
3397,Toy Soldiers,Martika,,00:00:00,04:14.9,,
3398,Sexual Healing,Marvin Gaye,,00:09.0,03:55.0,,
3399,Break My Stride,Matthew Wilder,,00:18.4,02:50.0,1983,
3400,Showing Out,Mel & Kim,,00:00.4,03:20.0,,
3401,Respectable,Mel & Kim,,00:00.1,03:15.9,1987,
3402,Down Under,Men At Work,,00:11.5,03:29.5,1981,
3403,The Safety Dance,Men Without Hats,,00:00:00,02:42.2,1982,
3405,Bad,Michael Jackson,,00:18.1,04:05.3,,
3406,Beat It,Michael Jackson,,00:37.9,04:09.1,,
3407,Billie Jean,Michael Jackson,,00:28.5,04:46.3,,
3408,Dirty Diana,Michael Jackson,,00:00:27,04:30.5,1988,Fade
3409,Leave Me Alone,Michael Jackson,,00:00:00,04:34.8,1989,
3410,Man in the Mirror,Michael Jackson,,00:10.1,05:13.3,,
3411,P.Y.T (Pretty Young Thing),Michael Jackson,,00:00:00,03:57.0,1983,
3412,Smooth Criminal,Michael Jackson,,00:30.2,04:08.1,,
3413,The Way You Make Me Feel,Michael Jackson,,00:23.8,04:45.8,,
3414,Thriller,Michael Jackson,,00:13.4,05:09.6,,
3415,Wanna Be Startin' Somethin',Michael Jackson,,00:23.8,05:55.9,,
3416,Maniac,Michael Sembello,,00:24.2,03:55.6,1983,
3417,If I Was,Midge Ure,,00:15.0,04:43.2,,
3418,Moonlight Shadow,Mike Oldfield,,00:07.1,03:25.9,1983,
3419,Suedehead,Morrissey,,00:00:00,03:40.6,1988,
3420,Ace Of Spades,Motorhead,,00:00:00,02:44.6,,
3421,Broken Wings,Mr Mister,,00:19.9,05:26.7,,
3422,Kyrie,Mr Mister,,00:00:00,04:22.3,,
3423,One Night In Bangkok,Murray Head,,00:00:00,03:35.0,1984,
3424,Never Gonna Give You Up,Musical Youth,,00:00:00,03:01.6,1982,
3425,Pass The Dutchie,Musical Youth,,00:01.2,03:12.1,1982,
3426,99 Red Balloons,Nena,,00:03.1,03:45.9,1983,
3427,Buffalo Stance,Neneh Cherry,,00:00.6,05:29.2,,
3428,Manchild,Neneh Cherry,,00:00:00,03:52.0,1989,
3429,Candy Girl,New Edition,,00:10.9,03:47.5,1983,Fade
3430,Hangin' Tough,New Kids On The Block,,00:00:00,03:48.8,,
3431,You Got It (The Right Stuff),New Kids On The Block,,00:00:00,04:10.4,,
3432,Blue Monday,New Order,,00:00:00,06:43.0,1983,
3433,I Won't Let The Sun Go Down,Nik Kershaw,,00:22.4,03:09.6,,
3434,The Riddle,Nik Kershaw,,00:00:00,03:44.3,1984,
3435,Wouldnt It Be Good,Nik Kershaw,,00:40.9,04:16.8,,
3436,I Can't Wait,Nu Shooz,,00:33.0,05:22.4,,
3437,Express Yourself,NWA,,00:00.1,04:01.8,,
3438,Straight Outta Compton (Clean),NWA,,00:00:00,04:02.1,,
3439,Physical,Olivia Newton John,,00:00:00,03:36.2,1981,Fade
3440,Rip It Up,Orange Juice,,00:27.8,05:10.5,1982,
3441,Enola Gay,Orchestral Manoeuvres In The Dark,,00:33.1,03:22.9,1980,
3442,Your Love,Outfield,,00:00:00,03:38.9,1985,
3443,My Favourite Waste Of Time,Owen Paul,,00:00.2,03:07.4,1986,
3444,Love is a Battlefield,Pat Benatar,,00:00:00,04:04.0,,
3445,Hit Me With Your Best Shot,Pat Benetar,,00:14.6,02:47.6,,
3446,Forget Me Nots,Patrice Rushen,,00:00:00,04:04.6,1982,
3447,Nineteen,Paul Hardcastle,,00:01.4,03:29.2,,
3448,Say Say Say,Paul McCartney & Michael Jackson,,00:15.9,03:37.8,1983,Fade
3449,Ebony And Ivory,Paul McCartney & Stevie Wonder,,00:00:00,03:29.7,,
3450,No More Lonely Nights,Paul McCartney,,00:00.4,04:18.0,,
3451,You Can Call Me Al,Paul Simon,,00:14.7,04:34.1,1986,
3452,Senza Una Donna,Paul Young & Zucchero,,00:00.3,04:23.7,1991,
3453,Come Back & Stay,Paul Young,,00:28.4,04:12.3,1983,
3454,Everytime You Go,Paul Young,,00:49.2,04:48.9,1985,
3455,Love Of The Common People,Paul Young,,00:00:00,03:19.5,,
3456,Wherever I Lay My Hat (That's My Home),Paul Young,,00:08.7,03:54.0,1983,
3457,Straight Up,Paula Abdul,,00:00:00,03:48.9,1989,
3458,Tonight I Celebrate My Love,Peabo Bryson & Roberta Flack,,00:08.7,03:25.1,1983,
3459,Heartache,Pepsi & Shirlie,,00:00.1,03:19.3,1987,
3460,What Have I Done To Deserve This,Pet Shop Boys & Dusty Spring,,00:00:00,04:06.9,,
3461,Always On My Mind,Pet Shop Boys,,00:00:00,03:49.5,1987,
3462,Domino Dancing,Pet Shop Boys,,00:36.4,04:06.8,,
3463,Heart,Pet Shop Boys,,00:43.3,04:11.3,,
3464,It's A Sin,Pet Shop Boys,,00:00:00,05:00.0,1987,
3465,Left to My Own Devices,Pet Shop Boys,,00:53.0,04:42.4,,
3466,Opportunities (Lets Make Lots of Money),Pet Shop Boys,,00:33.7,03:28.4,,
3467,Rent,Pet Shop Boys,,00:00:00,03:31.4,1987,
3468,Suburbia,Pet Shop Boys,,00:30.5,04:02.8,,
3469,West End Girls,Pet Shop Boys,,00:39.4,03:49.9,1984,
3470,Glory Of Love,Peter Cetera,,00:00:00,04:09.1,1986,
3471,Games Without Frontiers,Peter Gabriel,,00:00:00,03:57.3,1980,
3472,Sledgehammer,Peter Gabriel,,00:20.7,04:48.9,1986,
3473,Solsbury Hill,Peter Gabriel,,00:27.4,04:17.2,1977,
3474,Easy Lover,Phil Collins & Philip Bailey,,00:28.3,04:53.9,1984,
3475,A Groovy Kind Of Love,Phil Collins,,00:00:00,03:25.6,1988,
3476,Against All Odds (Take A Look At Me Now),Phil Collins,,00:08.1,03:21.0,1984,
3477,Another Day In Paradise,Phil Collins,,00:18.7,04:35.7,1989,
3478,Heat on the Street,Phil Collins,,00:00:00,03:47.1,,
3479,In The Air Tonight,Phil Collins,,00:00:00,04:59.4,1981,
3480,Sussudio,Phil Collins,,00:19.4,04:14.0,1985,
3481,Two Hearts,Phil Collins,,00:25.2,03:17.7,1988,
3482,You Can't Hurry Love,Phil Collins,,00:00:00,02:52.0,1982,
3483,Move Closer,Phyllis Nelson,,00:24.1,03:57.3,1984,
3484,Automatic,Pointer Sisters,,00:34.3,04:07.9,1983,
3485,Dont Stand So Close To Me,Police,,00:34.9,03:48.8,,
3486,Every Breath You Take,Police,,00:00:00,04:05.3,1983,
3487,Every Little Thing She Does Is Magic,Police,,00:12.0,04:06.3,1981,
3488,Cars & Girls,Prefab Sprout,,00:00:00,04:25.0,,
3489,The King Of Rock 'n' Roll,Prefab Sprout,,00:12.0,04:21.6,1988,
3490,When Love Breaks Down,Prefab Sprout,,00:15.8,03:40.0,,
3491,Back On The Chain Gang,Pretenders,,00:00:00,03:43.5,1982,
3492,Brass In Pocket,Pretenders,,00:03.7,02:57.8,1979,
3493,Don't Get Me Wrong,Pretenders,,00:17.6,03:43.3,1986,
3494,Crash,Primitives,,00:10.4,02:24.8,1988,
3495,1999,Prince,,00:31.2,03:26.7,1997,
3496,Alphabet Street,Prince,,00:00:00,05:39.0,,
3497,Kiss,Prince,,00:00:00,03:45.1,,
3498,Little Red Corvette,Prince,,00:15.4,04:45.0,1982,
3499,Purple Rain,Prince,,00:00:00,04:07.9,1984,
3500,Raspberry Beret,Prince,,00:03.6,03:21.3,,
3501,Sign 'O' The Times,Prince,,00:00:00,03:39.6,1987,
3502,When Doves Cry,Prince,,00:33.5,05:50.4,1984,
3503,I'm Gonna Be (500 Miles),Proclaimers,,00:06.8,03:28.9,1988,
3504,I'm On My Way,Proclaimers,,00:08.6,03:24.7,,
3505,Letter From America,Proclaimers,,00:16.6,03:53.5,,
3506,A Kind Of Magic,Queen,,00:00.3,04:11.9,1986,
3507,Another One Bites The Dust,Queen,,00:19.7,03:29.2,1980,
3508,Flash,Queen,,00:00:00,02:46.0,1980,
3509,I Want To Break Free,Queen,,00:36.5,04:09.6,1984,
3510,One Vision,Queen,,00:00:00,04:02.8,1985,
3511,Radio Gaga,Queen,,00:55.2,05:37.8,,
3512,Under Pressure,Queen,,00:21.9,03:46.1,1981,
3513,Ghostbusters,Ray Parker Jr,,00:24.1,03:56.7,1984,
3514,Save Your Love,Renee & Renato,,00:00:00,03:05.7,,
3515,Can't Fight This Feeling,REO Speedwagon,,00:18.4,04:40.9,1984,
3516,Keep On Loving You,REO Speedwagon,,00:00:00,03:17.0,1980,
3517,Right Here Waiting,Richard Marx,,00:00:00,04:22.5,1989,
3518,Never Gonna Give You Up,Rick Astley,,00:18.1,03:26.7,1987,
3519,Together Forever,Rick Astley,,00:00:00,03:16.5,,
3520,Whenever You Need Somebody,Rick Astley,,00:00:00,03:46.7,,
3521,Don't Talk To Strangers,Rick Springfield,,00:00:00,02:42.8,,Fade
3522,Jessie's Girl,Rick Springfield,,00:06.8,03:06.8,,
3523,Cuddly Toy,Roachford,,00:26.3,03:37.0,,
3524,C'est La Vie,Robbie Nevil,,00:22.8,03:31.7,1986,
3525,Addicted To Love,Robert Palmer,,00:52.3,04:10.0,,
3526,"Bad Case Of Loving You (Doctor, Doctor)",Robert Palmer,,00:05.7,03:05.1,,
3527,She Makes Me Day,Robert Palmer,,00:00.6,04:08.7,,
3528,Simply Irresistible,Robert Palmer,,00:13.4,04:09.9,1988,
3529,Some Guys Have All The Luck,Robert Palmer,,00:00:00,03:06.4,1981,
3530,First Time,Robin Beck,,00:19.7,03:12.2,,
3531,Hey You Rock Steady Crew,Rock Steady Crew,,00:00.2,03:36.7,,
3532,Baby Jane,Rod Stewart,,00:17.3,04:32.5,,
3533,Young Turks,Rod Stewart,,00:18.1,04:26.3,1981,
3534,Start Me Up,Roling Stones,,00:15.5,03:27.1,,
3535,Listen To Your Heart,Roxette,,00:22.3,03:57.0,1988,
3536,The Look,Roxette,,00:00:00,03:24.8,1989,
3537,Jealous Guy,Roxy Music,,00:11.6,03:53.0,1981,
3538,You Got It,Roy Orbison,,00:00:00,03:28.3,1989,
3539,Ain't Nobody,Rufus & Chaka Khan,,00:33.8,04:27.4,1983,
3540,Its Tricky,Run DMC,,00:01.7,03:02.1,,
3541,Escape (The Pina Colada Song),Rupert Holmes,,00:00:00,04:32.8,1979,
3542,Spirit of Radio,Rush,,00:00:00,04:55.6,1980,
3543,Theme From Express,S Express,,00:05.3,03:51.3,,
3544,Boys,Sabrina,,00:00:00,03:49.5,1993,
3545,Smooth Operator,Sade,,00:24.2,04:10.2,1984,
3546,The Sweetest Taboo,Sade,,00:31.5,04:12.4,1985,
3547,Your Love Is King,Sade,,00:20.9,03:32.5,1983,
3548,Push It,Salt 'n' Pepa,,00:07.2,03:27.0,1988,
3549,Stop,Sam Brown,,00:12.1,04:47.9,,
3550,Rock You Like A Hurricane,Scorpions,,00:32.0,04:11.7,,
3551,Your History,Shakespear Sister,,00:00.2,04:16.4,1989,
3552,For Your Eyes Only,Sheena Easton,,00:00:00,02:57.4,1981,
3553,Morning Train (9 To 5),Sheena Easton,,00:00:00,03:19.2,,
3554,Alive and Kicking,Simple Minds,,00:17.1,04:39.4,1985,
3555,Don't You (Forget About Me),Simple Minds,,00:02.6,04:15.3,1985,
3556,A New Flame,Simply Red,,00:07.3,03:48.2,1989,
3557,Holding Back The Years,Simply Red,,00:22.3,04:15.3,1985,
3558,If You Dont Know Me By Now,Simply Red,,00:15.4,03:19.1,,
3559,Money's Too Tight (To Mention),Simply Red,,00:27.0,03:59.6,,
3560,The Right Thing,Simply Red,,00:08.7,04:14.9,1987,
3561,So Macho,Sinatta,,00:00:00,03:22.0,,
3562,Mandinka,Sinead O'Connor,,00:14.7,03:39.9,,Fade
3563,Dear Prudence,Siouxsie & The Banshees,,00:00:00,03:46.7,1983,
3564,Hong Kong Garden,Siouxsie & The Banshees,,00:00:00,02:54.2,1978,
3565,Let's Go All The Way,Sly Fox,,00:00:00,03:59.4,,
3566,Heaven Know Im Miserable Now,Smiths,,00:00:00,03:34.1,,
3567,How Soon Is Now,Smiths,,00:19.3,06:36.3,1984,
3568,Panic,Smiths,,00:00:00,02:19.4,1986,
3569,The Boy With The Thorn In his Side,Smiths,,00:00:00,03:15.7,1985,
3570,This Charming Man,Smiths,,00:12.5,02:40.5,1983,
3571,What Difference Does It Make,Smiths,,00:00:00,03:49.8,,
3572,Being With You,Smokey Robinson,,00:18.8,03:51.2,,
3573,"Say Hello, Wave Goodbye",Soft Cell,,00:04.4,05:19.2,,
3574,Tainted Love,Soft Cell,,00:12.8,02:36.2,1981,
3575,You'll Never Stop Me From Lovi,Sonia,,00:00:00,03:24.7,,
3576,Back To Life (However Do You Want Me),Soul II Soul,,00:00.3,03:37.8,1989,
3577,Keep On Movin',Soul II Soul,,00:00:00,03:33.7,,
3578,Chant No.1,Spandau Ballet,,00:00:00,04:03.9,,
3579,Gold,Spandau Ballet,,00:08.7,03:44.9,1983,
3580,To Cut A Long Story Short,Spandau Ballet,,00:00:00,03:19.5,1980,
3581,TRUE,Spandau Ballet,,00:37.0,05:23.0,1983,
3582,Too Much Too Young,Specials,,00:00.1,02:01.2,1980,
3583,Enjoy Yourself (Its Later Than You Think),Specials,,00:00:00,03:33.6,,
3584,Ghost Town,Specials,,00:37.5,03:33.7,1981,
3585,I Got You,Spilt Enz,,00:00:00,03:28.8,,
3586,Another Nail In My Heart,Squeeze,,00:00:00,02:54.1,1980,
3587,Hourglass,Squeeze,,00:23.5,03:07.2,1987,
3588,Labelled With Love,Squeeze,,00:09.4,04:25.7,,
3589,Pulling Mussels (from a shell),Squeeze,,00:00:00,03:57.9,1980,
3590,Tempted,Squeeze,,00:09.6,03:48.5,,
3591,Jump To The Beat,Stacy Lattisaw,,00:16.2,03:22.0,,
3592,Nothing Gonna Stop Us Now,Starship,,00:22.1,04:19.6,1987,
3593,We Built This City,Starship,,00:00.4,04:49.1,1985,
3594,In the Army Now,Status Quo,,00:00:00,04:34.1,1986,
3595,Kiss Me,Stephen Duffy,,00:00:00,03:30.7,1985,
3596,Abracadabra,Steve Miller Band,,00:15.6,05:01.5,1982,
3597,Higher Love,Steve Winwood,,00:16.6,05:36.6,1986,
3598,Valerie,Steve Winwood,,00:00:00,04:08.1,,
3599,Happy Birthday,Stevie Wonder,,00:00:00,05:53.8,1980,
3600,I Just Called To Say I Love You,Stevie Wonder,,00:00:00,04:21.1,1984,
3601,Masterblaster (Jammin'),Stevie Wonder,,00:55.4,04:45.4,1980,
3602,Part Time Lover,Stevie Wonder,,00:11.1,03:38.5,,
3603,Golden Brown,Stranglers,,00:20.8,03:17.9,1982,
3604,Long Hot Summer,Style Council,,00:12.7,03:43.8,1983,
3605,My Ever Changing Moods,Style Council,,00:00:00,04:00.6,,
3606,Shout to the Top,Style Council,,00:42.3,04:07.7,,
3607,Speak Like A Child,Style Council,,00:08.2,03:09.5,,
3608,Walls Come Tumbling Down,Style Council,,00:19.0,03:18.6,,
3609,You're The Best Thing,Style Council,,00:24.4,04:14.3,1984,
3610,Eye Of The Tiger,Survivor,,00:48.7,03:39.1,1982,
3611,Luka,Suzanne Vega,,00:00:00,03:50.3,,
3612,Breakout,Swing Out Sister,,00:18.3,03:39.5,1986,
3613,China In Your Hand,T'Pau,,00:06.2,03:55.5,,
3614,It's My Life,Talk Talk,,00:17.4,03:44.6,1984,
3615,Life's What You Make It,Talk Talk,,00:00:00,04:24.9,1985,
3616,And She Was,Talking Heads,,00:08.0,03:36.5,1985,
3617,Once In A Lifetime,Talking Heads,,00:00:00,04:17.7,1981,
3618,Road To Nowhere,Talking Heads,,00:00.5,04:17.9,1985,
3619,Tell It To My Heart,Taylor Dayne,,00:17.7,03:29.0,1987,
3620,Reward,Teardrop Explodes,,00:14.6,02:39.3,1981,
3621,Everybody Wants To Rule The World,Tears For Fears,,00:28.5,04:02.7,1985,Fade
3622,Head Over Heels,Tears For Fears,,00:00:00,04:12.2,1985,
3623,Mad World,Tears For Fears,,00:00:00,03:30.1,1982,
3624,Shout,Tears For Fears,,00:09.5,04:50.5,1984,
3625,Sowing The Seeds of Love,Tears For Fears,,00:04.0,05:27.2,1989,
3626,Pump Up The Jam,Technotronic,,00:15.6,03:30.5,1989,
3627,Swords Of A Thousand,Ten Pole Tudor,,00:00:00,02:52.4,,
3628,If You Let Me Stay,Terence Trent D'Arby,,00:01.3,03:04.1,,
3629,Sign Your Name,Terence Trent D'Arby,,00:21.7,04:27.1,,
3630,Wishing Well,Terence Trent D'Arby,,00:00:00,03:28.6,,
3631,Doctor Doctor,Thompson Twins,,00:00:00,04:36.9,1984,
3632,Hold Me Now,Thompson Twins,,00:17.5,04:37.6,1983,
3633,I Think We're Alone Now,Tiffany,,00:19.2,03:38.9,,
3634,I Dont Wanna Lose You,TINA TURNER,,00:00:00,04:17.8,,
3635,The Best,TINA TURNER,,00:09.1,05:23.1,1999,
3636,We Dont Need Another Hero,TINA TURNER,,00:00:00,04:12.4,,
3637,What's Love Got To Do With It,TINA TURNER,,00:18.8,03:13.3,1993,
3638,Free Fallin,Tom Petty & The Heartbreakers,,00:10.8,04:05.9,1991,
3639,Dont Do Me Like That,Tom Petty,,00:00:00,02:38.4,,
3640,Funky Cold Medina,Tone loc,,00:12.1,04:06.6,,
3641,Wild Thing,Tone loc,,00:31.8,04:21.3,,
3642,Mickey,Toni Basil,,00:06.3,03:52.4,,
3643,Africa,Toto,,00:31.1,04:13.9,1982,
3644,They Dont Know,Tracey Ullman,,00:00:00,02:59.5,,
3645,Fast Car,Tracy Chapman,,00:20.3,04:52.1,1988,End
3646,Baby I Dont Care,Transvision Vamp,,00:07.1,04:20.8,,
3647,Da Da Da,Trio,,00:00.2,03:15.9,1983,
3648,We're Not Gonna Take It,Twisted Sister,,00:06.4,03:28.2,1984,
3649,Angel Of Harlem,U2,,00:18.3,03:36.6,1988,
3650,Desire,U2,,00:04.0,02:55.1,1988,
3651,I Still Haven't Found What I'm Looking For,U2,,00:00:00,04:40.7,1987,
3652,New Year's Day,U2,,00:00:00,04:16.7,1983,
3653,Pride (In The Name Of Love),U2,,00:26.8,03:39.8,,
3654,Sunday Bloody Sunday,U2,,00:19.3,04:36.3,,
3655,Where The Streets Have No Name,U2,,01:08.7,04:51.4,1987,
3656,With Or Without You,U2,,00:27.0,04:47.2,,
3657,(I Cant Help) Falling In Live With You,UB40,,00:00:00,03:27.4,,
3658,One In Ten,UB40,,00:30.4,04:21.9,1981,
3659,Rat in Mi Kitchen,UB40,,00:00:00,03:03.6,1986,
3660,Red Red Wine,UB40,,00:00.4,02:55.7,1983,
3661,Dancing With Tears In My Eyes,Ultravox,,00:13.3,03:58.7,1995,
3662,Vienna,Ultravox,,00:20.6,04:33.4,1983,
3663,Jump,Van Halen,,00:28.5,03:50.7,1983,
3664,Why Can't This Be Love,Van Halen,,00:27.8,03:38.2,,
3665,Have I Told You Lately That I Love You,Van Morrison,,00:32.3,04:13.1,,
3666,Joe Le Taxi,Vanessa Paradis,,00:00:00,03:38.3,1987,
3667,Turning Japanese,Vapors,,00:19.9,03:41.2,1980,
3668,Fade To Grey,Visage,,00:19.3,03:41.5,1980,
3669,Cherry Pie,Warrant,,00:05.9,03:08.5,,
3670,The Whole Of The Moon,Waterboys,,00:18.5,04:58.6,1985,
3671,Bridge To Your Heart,Wax,,00:02.2,03:43.4,1987,
3672,Sweet Little Mystery,Wet Wet Wet,,00:02.0,03:36.1,1987,
3673,Wishing I Was Lucky,Wet Wet Wet,,00:00:00,03:52.0,,
3674,With A Help From My Friends,Wet Wet Wet,,00:04.1,02:27.4,,
3675,Everything She Wants,Wham,,00:00:00,05:02.3,1984,
3676,The Edge of Heaven,Wham,,00:11.5,04:25.0,1986,
3677,Wham Rap,Wham,,00:00:00,04:22.9,,
3678,Club Tropicana,Wham!,,00:00:00,03:40.3,,
3679,Freedom,Wham!,,00:02.7,05:09.6,1984,
3680,I'm Your Man,Wham!,,00:14.1,03:56.5,,
3681,Wake Me Up Before You Go Go,Wham!,,00:00.6,03:44.3,1984,
3682,Young Guns (Go For It),Wham!,,00:00:00,03:36.8,1982,
3683,Here I Go Again,Whitesnake,,00:11.0,00:04:27,1982,
3684,Is This Love,Whitesnake,,00:00:00,04:37.7,1987,
3685,Didnt We Almost Have It All,Whitney Houston,,00:00:00,05:03.2,,
3686,Greatest Love Of All,Whitney Houston,,00:17.4,04:42.5,,
3687,How Will I Know,Whitney Houston,,00:39.3,04:28.0,1985,
3688,I Wanna Dance With Somebody (W,Whitney Houston,,00:11.3,04:42.4,,
3689,One Moment In Time,Whitney Houston,,00:14.1,04:41.1,1988,
3690,Saving All My Love,Whitney Houston,,00:14.3,03:47.4,1985,
3691,So Emotional,Whitney Houston,,00:03.1,04:25.8,1987,
3692,Where Do Broken Hearts Go,Whitney Houston,,00:00:00,04:35.1,,
3693,Teardrops,Womack & Womack,,00:00:00,03:50.5,,
3694,Making Plans for Nigel,XTC,,00:00:00,04:13.0,1979,
3695,Senses Working Overtime,XTC,,00:06.3,04:43.3,1982,
3696,Don't Go,Yazoo,,00:15.9,02:44.7,,
3697,Nobody's Diary,Yazoo,,00:00:00,04:31.6,1983,
3698,Only You,Yazoo,,00:00:00,03:12.4,1982,
3699,The Only Way Is Up,Yazz and the Plastic Population,,00:15.3,03:58.5,1988,
3700,Oh Yeah,Yello,,00:04.7,00:03:00,1985,
3701,The Race,Yello,,00:18.2,03:12.5,,
3702,Owner of A Lonely Heart,Yes,,00:25.0,04:20.4,1983,
3703,Walk The Dinosaur,Was (Not Was),,00:00.3,04:15.6,,
3704,Street Tuff,Double Trouble & Rebel MC,,00:00:00,03:27.0,,
3705,Nothing Can Divide Us,Jason Donovan,,00:00:00,03:46.3,,
3706,Love Will Tear Us Apart,Joy Division,,00:25.6,03:16.7,1980,
3707,Wind Of Change,Scorpions,,00:00:00,05:09.6,1991,
3708,God Gave Rock And Roll To You,KISS,,00:51.5,05:05.7,1991,
3709,If You Love Somebody Set Them Free,Sting,,00:00:00,04:20.4,,
3710,Gimme All Your Lovin',ZZ Top,,00:23.4,03:50.9,1983,
3711,La Bamba,Los Lobos,,00:05.5,02:39.2,1987,Slow
3712,St Elmo's Fire,John Parr,,00:16.8,03:52.7,1985,
3713,When The Going Gets Tough,Billy Ocean,,00:00.7,03:57.4,1985,
3714,Dont Wanna Fall In Love,Jane Child,,00:38.6,03:55.4,,
3715,Grease,Frankie Valli,,00:00:00,03:21.9,,
3716,Burning Down the House,Talking Heads,,00:13.5,03:48.9,,Fade
3717,Sunset Grill,Don Henley,,00:25.9,06:09.5,1984,Fade
3718,Space Age Love Song,A Flock Of Seagulls,,00:00:00,03:46.6,1982,
3719,Lay All Your Love On Me,Abba,,00:14.3,04:25.6,1981,
3720,Shoot To Thrill,ACDC,,00:00:00,05:22.1,,
3721,Classic,Adrian Gurvitz,,00:00:00,03:43.0,1982,
3722,Lost In Love,Air Supply,,00:00:00,03:46.7,,
3723,The One That You Love,Air Supply,,00:00:00,04:12.6,1981,
3724,Mornin',Al Jarreau,,00:00:00,04:04.0,1983,
3725,Trouble In Paradise,Al Jarreau,,00:00:00,03:44.8,1983,
3726,Touch Me When We're Dancing,Alabama,,00:00:00,03:38.7,,
3727,Eye In The Sky,Alan Parsons Project,,00:00:00,04:30.8,,
3728,Time,Alan Parsons Project,,00:00:00,04:37.0,1980,
3729,That Ole Devil Called Love,Alison Moyet,,00:00:00,03:04.5,,
3730,Weak In The Presence Of Beauty,Alison Moyet,,00:00:00,03:35.4,1987,
3731,Biggest Part Of Me,Ambrosia,,00:00:00,05:22.5,,
3732,You Can Do Magic,America,,00:00:00,03:49.2,,
3733,What A Fool Believes,Aretha Franklin,,00:00:00,03:51.3,1980,
3734,Paranoimia,Art Of Noise Featuring Max Headroom,,00:00:00,03:13.0,,
3735,Always,Atlantic Starr,,00:00:00,03:20.0,,
3736,Secret Lovers,Atlantic Starr,,00:00:00,03:34.4,,
3737,Help,Bananarama,,00:00:00,02:58.5,,
3738,I Heard A Rumour,Bananarama,,00:00:00,03:25.1,1987,
3739,January February,Barbara Dickson,,00:00:00,03:42.7,,
3740,Guilty,Barbra Streisand And Barry Gibb,,00:00:00,04:24.0,1980,
3741,Bermuda Triangle,Barry Manilow,,00:00:00,03:39.2,1980,
3742,Mirror In The Bathroom,Beat,,00:00:00,03:07.4,1980,
3743,You Win Again,Bee Gees,,00:00:00,03:52.2,1987,
3744,Love Games,Belle And The Devotions,,00:00:00,03:18.8,,
3745,A New England,Billy Bragg,,00:00:00,02:14.9,1984,
3746,An Innocent Man,Billy Joel,,00:00:00,05:14.1,1983,
3747,Leave A Tender Moment Alone,Billy Joel,,00:00:00,03:52.2,1983,
3748,New York State of Mind,Billy Joel,,00:00:00,06:02.5,2001,
3749,Tell Her About It,Billy Joel,,00:00:00,03:45.6,1983,
3750,Loverboy,Billy Ocean,,00:00:00,04:09.8,,
3751,Suddenly,Billy Ocean,,00:00:00,03:51.5,1984,
3752,Agadoo,Black Lace,,00:00:00,03:07.6,,
3753,Do The Conga,Black Lace,,00:00:00,03:01.9,,
3754,This Is The World Calling,Bob Geldof,,00:00:00,04:20.7,,
3755,Redemption Song,Bob Marley,,00:00:00,03:44.8,,
3756,On Our Own (Ghostbusters 2),Bobby Brown,,00:00:00,04:49.8,,
3757,Love Town,Booker Newbury III,,00:00:00,03:59.2,,
3758,I Want To Wake Up With You,Boris Gardiner,,00:00:00,04:00.2,1986,
3759,Amanda,Boston,,00:00:00,04:15.3,1986,
3760,Piano In The Dark,Brenda Russell,,00:00:00,05:18.3,1988,
3761,Somebody,Bryan Adams,,00:00:00,04:39.4,,
3762,Straight From The Heart,Bryan Adams,,00:00:00,03:28.9,,
3763,It's Only Love,Bryan Adams And Tina Turner,,00:00:00,03:02.2,,
3764,Do That To Me One More Time,Captain And Tennille,,00:00:00,03:50.8,1979,
3765,Let the River Run,Carly Simon,,00:00:00,03:40.4,1988,
3766,Magic,Cars,,00:00:00,03:43.8,,
3767,How 'Bout Us,Champaign,,00:00:00,04:34.6,1983,
3768,Change Of Heart,Change,,00:00:00,06:56.3,1984,
3769,Ain't No Pleasing You,Chas And Dave,,00:00:00,03:52.1,,
3770,Rabbit,Chas And Dave,,00:00:00,02:22.5,1980,
3771,The Flame,Cheap Trick,,00:00:00,04:47.1,,
3772,Hard To Say I'm Sorry,Chicago,,00:00:00,03:46.8,1982,
3773,Stay the Night,Chicago,,00:00:00,03:46.2,,
3774,Wishful Thinking,China Crisis,,00:00:00,04:09.4,1983,
3775,Missing You,Chris De Burgh,,00:00:00,04:05.7,1988,
3776,Ideal World,Christians,,00:00:00,04:00.4,,
3777,Sailing,Christopher Cross,,00:00:00,04:15.8,1980,
3778,Harry's Game,Clannad,,00:00:00,02:31.7,,
3779,In A Lifetime,Clannad Featuring Bono,,00:00:00,03:07.5,,
3780,Some People,Cliff Richard,,00:00:00,03:48.2,1987,
3781,The Best Of Me,Cliff Richard,,00:00:00,04:05.4,1985,
3782,Sunglasses At Night,Corey Hart,,00:00:00,03:55.9,1983,
3783,You Gave Me Love,Crown Heights Affair,,00:00:00,05:39.0,,
3784,Time (Clock Of The Heart),Culture Club,,00:00:00,03:43.8,,
3785,Let's Go to Bed,Cure,,00:00:00,03:34.0,,
3786,Lovesong,Cure,,00:00:00,03:28.1,,
3787,Modern Love,David Bowie,,00:00:00,03:52.8,1983,
3788,Dancing In The Street,David Bowie And Mick Jagger,Break Piece Spice Tracks,00:00:00,03:08.2,1985,
3789,Could It Be I'm Falling In Love,David Grant And Jaki Graham,,00:00:00,04:17.1,1985,
3790,Let It Whip,Dazz Band,,00:00:00,04:04.9,,
3791,See The Day,Dee C Lee,,00:00:00,04:34.0,1985,
3792,Animal,Def Leppard,,00:00:00,04:04.9,1987,
3793,My Toot Toot,Denise La Salle,,00:00:00,04:18.5,,
3794,Don't Look Any Further,Dennis Edwards Featuring Siedah Garrett,,00:00:00,04:03.3,,
3795,Everything Counts,Depeche Mode,,00:00:00,03:33.1,,
3796,That's What Friends Are For,Dionne Warwick,,00:00:00,04:11.5,1985,
3797,Private Investigations,Dire Straits,,00:00:00,06:16.8,1982,
3798,Twisting By The Pool,Dire Straits,,00:00:00,03:11.5,1982,
3799,Your Latest Trick,Dire Straits,,00:00:00,05:45.8,,
3800,Mirror Mirror,Dollar,,00:00:00,03:32.2,,
3801,Crying,Don McLean,,00:00:00,03:43.4,,
3802,On The Radio,Donna Summer,,00:00:00,04:04.1,1979,
3803,She Works Hard For The Money,Donna Summer,,00:00:00,05:20.2,1988,
3804,State Of Independence,Donna Summer,,00:00:00,04:22.5,1982,
3805,This Time I Know It's For Real,Donna Summer,,00:00:00,03:29.8,,
3806,Life In A Northern Town,Dream Academy,,00:00:00,03:56.1,1985,
3807,Take Me Home Tonight,Eddie Money,,00:00:00,03:24.7,,
3808,Fool If You Think It's Over,Elkie Brooks,,00:00:00,04:45.5,1981,
3809,Sad Songs (Say So Much),Elton John,,00:00:00,03:48.4,1984,
3810,Orinoco Flow,Enya,,00:00:00,04:26.2,1988,
3811,Rock The Night,Europe,,00:00:00,04:04.5,,
3812,Miracle Of Love,Eurythmics,,00:00:00,04:35.4,,
3813,Sex Crime (1984),Eurythmics,,00:00:00,03:53.2,,
3814,When Tomorrow Comes,Eurythmics,,00:00:00,04:15.6,1986,
3815,Each And Everyone,Everything But The Girl,,00:00:00,02:47.7,,
3816,I Don't Want To Talk About It,Everything But The Girl,,00:00:00,04:05.7,1988,
3817,Dirty Old Town,Ewan MacColl,,00:00:00,02:55.1,1952,
3818,Words,F R David,,00:00:00,02:50.1,,
3819,Zoom,Fat Larrys Band,,00:00:00,03:57.9,1982,
3820,I Found Lovin',Fatback Band,,00:00:00,04:08.6,1983,
3821,Hold Me,Fleetwood Mac,,00:00:00,03:43.6,,
3822,Maggie,Foster And Allen,,00:00:00,03:38.1,,
3823,When She Was My Girl,Four Tops,,00:00:00,03:16.4,,
3824,Barcelona,Freddie Mercury And Montserrat Caballë,,00:00:00,05:22.7,,
3825,Dancing Tight,Galaxy Featuring Phil Fearon,,00:00:00,03:37.2,1983,
3826,Where Everybody Knows Your Name,Gary Portnoy,,00:00:00,02:27.8,,
3827,Love X Love,George Benson,,00:00:00,04:45.7,,
3828,Turn Your Love Around,George Benson,,00:00:00,03:37.2,1981,
3829,A Different Corner,George Michael,,00:00:00,03:59.1,1986,
3830,Father Figure,George Michael,,00:00:00,05:10.0,1987,
3831,One More Try,George Michael,,00:00:00,05:47.8,,
3832,Fantasy,Gerard Kenny,,00:00:00,03:31.1,,
3833,Bamboleo,Gipsy Kings,,00:00:00,03:24.1,1987,
3834,You Belong To The City,Glenn Frey,,00:00:00,05:49.9,,
3835,Nothing's Gonna Change My Love For You,Glenn Medeiros,,00:00:00,03:50.0,,
3836,Don't Wanna Lose You,Gloria Estefan,,00:00:00,03:57.2,,
3837,Anything For You,Gloria Estefan And Miami Sound Machine,,00:00:00,03:29.8,1987,
3838,Can't Stay Away From You,Gloria Estefan And The Miami Sound Machine,,00:00:00,03:58.4,1988,
3839,Under Your Thumb,Godley And Creme,,00:00:00,03:34.0,1981,
3840,Shake You Down,Gregory Abbott,,00:00:00,03:59.2,1986,
3841,Gangsters Of The Groove,Heatwave,,00:00:00,03:59.0,1980,
3842,Satellite,Hooters,,00:00:00,04:15.4,,
3843,Like To Get To Know You Well,Howard Jones,,00:00:00,03:58.8,1984,
3844,No One Is To Blame,Howard Jones,,00:00:00,04:12.9,1986,
3845,Things Can Only Get Better,Howard Jones,,00:00:00,03:55.5,,
3846,Do You Believe In Love,Huey Lewis And The News,,00:00:00,03:10.6,,
3847,Workin' For A Livin',Huey Lewis And The News,,00:00:00,02:39.7,,
3848,Body Talk,Imagination,,00:00:00,07:13.1,1981,
3849,Music And Lights,Imagination,,00:00:00,05:19.1,,
3850,Flashback,Imgaintation,,00:00:00,04:31.3,,
3851,Love Stinks,J. Geils Band,,00:00:00,03:36.1,1980,
3852,Round and Round,Jacki Graham,,00:00:00,04:01.3,,
3853,Yah Mo Be There,James Ingram And Michael McDonald,,00:00:00,04:29.0,1983,
3854,Let's Wait Awhile,janet jackson,,00:00:00,04:34.5,,
3855,Every Day  (I Love You More),Jason Donovan,,00:00:00,03:25.6,,
3856,Question Of Pride,Jason Donovan,,00:00:00,03:12.3,,
3857,Sealed With A Kiss,Jason Donovan,,00:00:00,02:24.7,1989,
3858,You Can Depend On Me,Jason Donovan,,00:00:00,03:34.4,,
3859,On The Wings Of Love,Jeffrey Osborne,,00:00:00,04:02.2,1982,
3860,The Power of Love,Jennifer Rush,,00:00:00,04:23.3,,
3861,Let's Get Serious,Jermaine Jackson,,00:00:00,03:29.8,,
3862,Do What You Do,Jermane Jackson,,00:00:00,04:15.7,,
3863,Hold On To My Love,Jimmy Ruffin,,00:00:00,03:24.8,,
3864,Drop The Pilot,Joan Armatrading,,00:00:00,03:36.1,1983,
3865,Shaddup You Face,Joe Dolce Music Theatre,,00:00:00,03:12.8,,
3866,That's Livin' Alright,Joe Fagin,,00:00:00,03:00.3,1983,
3867,Perhaps Love,John Denver And  Placido Domingo,,00:00:00,02:56.9,1981,
3868,You're The Voice,John Farnham,,00:00:00,05:02.0,1986,
3869,What's Another Year,Johnny Logan,,00:00:00,02:53.9,1980,
3870,I'll Find My Way Home,Jon And Vangelis,,00:00:00,04:29.1,1981,
3871,Open Arms,Journey,,00:00:00,03:19.1,,
3872,Separate Way (Worlds Apart),Journey,,00:00:00,05:25.5,1983,
3873,Come Into My Life,Joyce Sims,,00:00:00,03:47.5,,
3874,Falling,Julee Cruise,,00:00:00,04:10.8,,
3875,My Love,Julio Iglesias & Stevie Wonder,,00:00:00,05:37.2,,
3876,Closest Thing To Heaven,Kane Gang,,00:00:00,03:59.0,1984,
3877,Lambada,Kaoma,,00:00:00,03:15.5,,
3878,Hey Matthew,Karel Fialka,,00:00:00,03:28.9,,
3879,We've Got Tonight,Kenny Rogers And Sheena Easton,,00:00:00,03:50.1,1983,
3880,Chequered Love,Kim Wilde,,00:00:00,03:18.5,1981,
3881,A New England,Kirsty MacColl,,00:00:00,03:48.1,1984,
3882,There's A Guy Works Down Our Chipshop,Kirsty MacColl,,00:00:00,03:05.4,,
3883,Cherish,Kool And The Gang,,00:00:00,03:42.8,,
3884,Joanna,Kool And The Gang,,00:00:00,03:57.9,,
3885,Jones v Jones,Kool And The Gang,,00:00:00,04:05.7,,
3886,Everybody’s Got To Learn Sometime,Korgis,,00:00:00,04:08.5,1980,
3887,Something Inside So Strong,Labi Siffre,,00:00:00,05:37.3,1987,
3888,Self Control,Laura Branigan,,00:00:00,04:04.9,1984,
3889,More Than I Can Say,Leo Sayer,,00:00:00,03:33.1,1980,
3890,Leaving Me Now,Level 42,,00:00:00,03:31.1,,
3891,Seaside Woman,Linda McCartney,,00:00:00,03:55.6,1980,
3892,Somewhere Out There,Linda Ronstadt And James Ingram,,00:00:00,03:59.3,1986,
3893,Don't Know Much,Linda Ronstadt Featuring Aaron Neville,,00:00:00,03:33.1,,
3894,Go Insane,Lindsey Buckingham,,00:00:00,02:53.3,,
3895,Holiday Road,Lindsey Buckingham,,00:00:00,02:09.6,1983,
3896,Trouble,Lindsey Buckingham,,00:00:00,03:46.6,,
3897,Love Will Conquer All,Lionel Richie,,00:00:00,04:17.0,,
3898,Running With The Night,Lionel Richie,,00:00:00,04:01.4,1983,
3899,Truly,Lionel Richie,,00:00:00,03:19.9,,
3900,All Around The World,Lisa Stansfield,,00:00:00,04:23.7,,
3901,Hangin' On A String (Contemplating),Loose Ends,,00:00:00,05:48.3,1985,
3902,Working For The Weekend,Loverboy,,00:00:00,03:42.6,1981,
3903,So Amazing,Luther Vandross,,00:00:00,03:38.7,,
3904,Stop To Love,Luther Vandross,,00:00:00,04:21.8,,
3905,Live To Tell,Madonna,,00:00:00,05:14.3,1986,
3906,Just What I Always Wanted,Mari Wilson,,00:00:00,03:23.2,1982,
3907,Incommunicado,Marillion,,00:00:00,03:50.5,,
3908,Kayleigh,Marillion,,00:00:00,03:52.2,1985,
3909,Dead Ringer for Love,Meatloaf,,00:00:00,04:25.4,,
3910,Who Can It Be Now,Men At Work,,00:00:00,03:22.2,1981,
3911,Dr Beat,Miami Sound Machine,,00:00:00,04:20.6,1984,
3912,My One Temptation,Mica Paris,,00:00:00,03:34.3,1988,
3913,Love Changes Everything,Michael Ball,,00:00:00,03:27.5,1989,
3914,Another Part Of Me,Michael Jackson,,00:00:00,03:46.7,1988,
3915,Human Nature,Michael Jackson,,00:00:00,04:08.4,1982,
3916,One Day In Your Life,Michael Jackson,,00:00:00,04:09.3,,
3917,She's Out Of My Life,Michael Jackson,,00:00:00,03:26.1,,
3918,I Just Can't Stop Loving You,Michael Jackson And Siedah Garrett,,00:00:00,04:10.6,1987,
3919,No Regrets,Midge Ure,,00:00:00,04:03.2,,
3920,The Living Years,Mike And The Mechanics,,00:00:00,05:25.8,1988,
3921,Best Years Of Our Lives,Modern Romance,,00:00:00,02:34.7,1982,
3922,Everyday Is Like Sunday,Morrissey,,00:00:00,03:31.9,,
3923,Only Love,Nana Mouskouri,,00:00:00,04:23.7,1985,
3924,Miss You Like Crazy,Natalie Cole,,00:00:00,03:52.8,1989,
3925,Joan Of Arc,Orchestral Manoeuvres In The Dark,,00:00:00,04:12.9,1981,
3926,Whirly Girl,Oxo,,00:00:00,02:58.0,,
3927,She's Like The Wind,Patrick Swayze Featuring Wendy Fraser,,00:00:00,03:50.7,1987,
3928,Baby Come To Me,Patti Austin And James Ingram,,00:00:00,03:24.3,1981,
3929,On My Own,Pattie LaBelle And Michael McDonald,,00:00:00,04:41.7,,
3930,Pipes of Peace,Paul McCartney,,00:00:00,03:23.3,1983,
3931,So Bad,Paul McCartney,,00:00:00,03:19.5,,
3932,Through Our Love,Paul McCartney,,00:00:00,03:23.5,,
3933,We All Stand Together,Paul McCartney And The Frog Chorus,,00:00:00,04:07.8,1984,
3934,Graceland,Paul Simon,,00:00:00,04:51.0,1986,
3935,Everything Must Change,Paul Young,,00:00:00,05:22.4,1984,
3936,Don't Give Up,Peter Gabriel Feat. Kate Bush,,00:00:00,05:26.4,,
3937,I Won't Let You Down,PhD,,00:00:00,04:00.5,,
3938,One More Night,Phil Collins,,00:00:00,04:33.4,,
3939,Separate Lives,Phil Collins And Marilyn Martin,,00:00:00,04:06.6,1985,
3940,Yellow Pearl,Philip Lynott,,00:00:00,02:56.4,,
3941,Gigantic,Pixies,,00:00:00,03:54.9,,
3942,Fiesta,Pogues,,00:00:00,04:12.6,1988,
3943,The Irish Rover,Pogues,,00:00:00,03:39.5,1987,
3944,Slowhand,Pointer Sisters,,00:00:00,03:45.7,1981,
3945,I Go To Sleep,Pretenders,,00:00:00,02:55.5,1981,
3946,Love My Way,Psychedelic Furs,,00:00:00,03:32.3,,
3947,Rise,Public Image Ltd,,00:00:00,06:05.9,1986,
3948,Friends Will Be Friends,Queen,,00:00:00,03:59.3,1986,
3949,I Want It All,Queen,,00:00:00,04:00.6,1989,
3950,It's A Hard Life,Queen,,00:00:00,04:09.7,1984,
3951,Who Wants To Live Forever,Queen,,00:00:00,04:55.6,1986,
3952,I Surrender,Rainbow,,00:00:00,03:58.2,1981,
3953,Almaz,Randy Crawford,,00:00:00,04:05.3,1986,
3954,One Day I'll Fly Away,Randy Crawford,,00:00:00,04:18.3,1980,
3955,You Might Need Somebody,Randy Crawford,,00:00:00,04:15.6,1981,
3956,Steal Away,Robbie Dupree,,00:00:00,03:24.0,,
3957,Somebody's Watching Me,Rockwell,,00:00:00,03:54.6,1983,
3958,Every Beat Of My Heart,Rod Stewart,,00:00:00,04:40.6,1986,
3959,What Am I Gonna Do,Rod Stewart,,00:00:00,03:34.3,1983,
3960,Emotional Rescue,Rolling Stones,,00:00:00,03:42.1,1986,
3961,Mystery Girl,Roy Orbison,,00:00:00,04:20.2,,
3962,Night Birds,Shakatak,,00:00:00,04:17.4,,
3963,A Love Worth Waiting For,Shakin' Stevens,,00:00:00,03:14.2,1983,
3964,This Ole House,Shakin' Stevens,,00:00:00,03:02.9,1980,
3965,A Night To Remember,Shalamar,,00:00:00,04:03.3,1982,
3966,Let's Go All The Way,Sly Fox,,00:00:00,03:59.4,,
3967,Bird Of Paradise,Snowy White,,00:00:00,04:00.0,,
3968,Nelson Mandela,Special AKA,,00:00:00,04:32.0,1984,
3969,Never Knew Love Like This Before,Stephanie Mills,,00:00:00,03:23.5,1980,
3970,Do I Do,Stevie Wonder,,00:00:00,05:04.9,,
3971,Lately,Stevie Wonder,,00:00:00,04:06.2,1980,
3972,Rock This Town,Stray Cats,,00:00:00,02:38.3,1981,
3973,Babe,Styx,,00:00:00,04:00.2,1979,
3974,Puttin' On The Ritz,Taco,,00:00:00,04:36.4,,
3975,Talk Talk,Talk Talk,,00:00:00,03:16.5,1982,
3976,Lovergirl,Teena Marie,,00:00:00,05:47.6,1984,
3977,Chas & Dave,Thats What I like,,00:00:00,02:26.5,,
3978,Nightshift,The Commodores,,00:00:00,04:15.3,1984,
3979,Let's Stay Together,TINA TURNER,,00:00:00,03:35.2,,
3980,A Boy From Nowhere,Tom Jones,,00:00:00,03:55.0,,
3981,I Wont Back Down,Tom Petty,,00:00:00,02:55.3,,
3982,Nairobi,Tommy Steele,,00:00:00,01:59.8,,
3983,Pamela,Toto,,00:00:00,05:08.2,1988,
3984,Rosanna,Toto,,00:00:00,03:59.4,,
3985,Nellie the Elephant,Toy Dolls,,00:00:00,02:55.8,1982,
3986,Move Over Darling,Tracey Ullman,,00:00:00,02:29.8,1983,
3987,If It Happens Again,UB40,,00:00:00,03:45.0,1984,
3988,Sing Our Own Song,UB40,,00:00:00,04:03.6,1986,
3989,We Are the World,USA For Africa,,00:00:00,07:03.2,1985,
3990,Dreams,Van Halen,,00:00:00,04:15.1,1986,
3991,Panama,Van Halen,,00:00:00,03:30.2,,
3992,Once Bitten Twice Shy,Vesta Williams,,00:00:00,03:52.9,1986,
3993,It's Raining Men,Weather Girls,,00:00:00,03:30.2,1982,
3994,Angel Eyes (Home And Away),Wet Wet Wet,,00:00:00,04:28.1,,
3995,The Promise,When In Rome,,00:00:00,03:36.0,1987,
3996,Turn Me Loose And Let Me Swing,Willie Nelson,,00:00:00,02:53.6,,
3997,Big Country,Wonderland,,00:00:00,03:53.6,,
3998,Summer Of '69,Bryan Adams,,00:04.8,03:29.5,1985,
4000,All That She Wants,Ace Of Base,,00:09.5,03:15.0,1993,Fade
4001,Life Is A Flower,Ace Of Base,,00:09.4,03:34.9,1998,Fade
4002,The Sign,Ace Of Base,,00:00:32,03:06.4,1994,End
4003,Killer,Adamski,,00:16.2,04:09.6,1990,End
4004,Dirty Cash,Adventures of Stevie V,,00:16.7,03:50.1,1989,Fade
4005,I Don't Want To Miss A Thing,Aerosmith,,00:00.1,04:10.9,1998,Fade
4006,Pink,Aerosmith,,00:28.9,03:51.5,1997,End
4007,All I Need,Air,,00:22.8,03:51.9,1998,End
4008,Kelly Watch The Stars,Air,,00:28.4,03:33.4,1998,End
4009,Sexy Boy,Air,,00:08.5,03:46.2,1997,End
4010,Hand in My Pocket,Alanis Morissette,,00:09.7,03:32.9,1995,Sust
4011,Head Over Feet,Alanis Morissette,,00:00.5,04:10.9,1996,Fade
4012,Ironic,Alanis Morissette,,00:01.2,03:39.3,1996,Fade
4013,Thank You,Alanis Morissette,,00:00:10,04:09.0,1998,Slow
4014,You Learn,Alanis Morissette,,00:11.9,03:53.4,1996,Fade
4015,You Oughta Know,Alanis Morissette,,00:00.1,04:06.2,1995,
4016,Black Velvet,Alannah Myles,,00:22.1,00:04:31,1990,Fade
4017,I Am I Feel,Alisha's Attic,,00:11.8,00:03:55,,Fade
4018,Indestructible,Alisha's Attic,,00:10.8,03:24.5,1997,Fade
4019,Bootie Call,All Saints,,00:20.8,03:27.2,1998,End
4020,I Know Where It's At,All Saints,,00:03.7,04:46.2,1997,Fade
4021,Never Ever,All Saints,,00:00.5,04:11.6,1997,Fade
4022,Beat Goes On,All Seeing I,,00:46.2,03:48.8,1997,Fade
4023,All-4-One,I Swear,,00:00.3,03:36.3,1994,Fade
4024,Baby Baby,Amy Grant,,00:18.9,03:42.3,1991,Fade
4025,Glorious,Andreas Johnson,,00:18.3,03:25.2,,End
4026,2 Times,Ann Lee,,00:31.2,03:43.5,1999,End
4027,No More I Love Yous,Annie Lennox,,00:02.6,04:43.6,,End
4028,Walking On Broken Glass,Annie Lennox,,00:08.5,03:45.5,1992,Fade
4029,Why,Annie Lennox,,00:20.5,04:27.5,,Fade
4030,Be Alone No More,Another Level,,00:00.4,03:52.1,1997,Fade
4031,Freak Me,Another Level,,00:00.4,04:54.2,1998,End
4032,When I Fall in Love,Ant & Dec,,00:16.6,03:44.8,1996,Fade
4033,Boom Shack-a-lack,Apache Indian,,00:05.9,03:42.1,,End
4034,Barbie Girl,Aqua,,00:03.5,03:12.7,1997,
4035,Turn Back Time,Aqua,,00:18.5,03:57.5,1998,
4036,People Everyday,Arrested Development,,00:13.0,04:00.3,,
4037,Movin' Too Fast,Artful Dodger & Romina Johnson,,00:30.1,03:52.4,2000,
4038,ReRewind When The Crowd Say Bo Selecta,Artful Dodger Feat. Craig David,,00:00.2,03:53.9,,
4039,Shine,Aswad,,00:00.1,03:37.0,,
4040,Blame it One the Weatherman,B Witched,,00:09.9,03:15.8,,
4041,C'est La Vie,B Witched,,00:04.1,02:50.2,1998,
4042,Rollercoaster,B Witched,,00:18.2,03:07.2,1998,
4043,You're Gorgeous,Babybird,,00:00.4,03:31.8,,
4044,Spaceman,Babylon Zoo,,00:16.0,03:55.0,1995,
4045,All I Have To Give,Backstreet Boys,,00:09.2,03:53.2,1997,
4046,As Long As You Love Me,Backstreet Boys,,00:00:00,03:30.8,1997,
4047,Everybody (Backstreet's Back),Backstreet Boys,,00:00.2,03:39.1,1997,
4048,I Want It That Way,Backstreet Boys,,00:03.0,03:28.7,1999,
4049,I'll Never Break Your Heart,Backstreet Boys,,00:00:00,04:46.4,,
4050,Larger Than Life,Backstreet Boys,,00:17.8,03:48.4,1999,
4051,Quit Playing Games (With My Heart),Backstreet Boys,,00:11.0,03:37.0,1996,
4052,Three Lions,"Baddiel, Skinner & Lightning Seeds",,00:00:00,03:36.9,1996,
4053,Its All been Done,Barenaked Ladies,,00:14.2,03:19.2,1998,
4054,One Week,Barenaked Ladies,,00:00.2,02:45.8,1998,
4055,Everybody's Free (To Wear Sunscreen),Baz Lurhmann,,00:00.2,05:04.4,,
4056,Body Movin',Beastie Boys,,00:04.3,05:30.3,,
4057,Intergalactic,Beastie Boys,,00:00.2,03:29.2,,
4058,Free As A Bird,Beatles,,00:00:00,04:17.9,1995,
4059,Real Love,Beatles,,00:00:00,03:54.1,1996,
4060,A Little Time,Beautiful South,,00:10.2,02:51.3,,
4061,Don't Marry Her,Beautiful South,,00:00:00,03:21.5,1996,
4062,Dumb,Beautiful South,,00:21.7,03:29.2,,
4063,Perfect 10,Beautiful South,,00:19.7,03:31.4,1998,
4064,Rotterdam,Beautiful South,,00:17.0,03:14.3,,
4065,(We Want) The Same Thing,Belinda Carlisle,,00:00.1,04:08.8,,
4066,Big Scary Animal,Belinda Carlisle,,00:27.2,04:05.9,,
4067,Leave A Light On,Belinda Carlisle,,00:00:00,04:07.7,1989,
4068,Live Your Life Be Free,Belinda Carlisle,,00:00:00,04:20.5,1991,
4069,Sweet Harmony,Beloved,,00:00:00,04:59.1,1992,
4070,Brick,Ben Folds Five,,00:20.9,04:27.6,,
4071,Bentley Gonna Sort You Out,Bentley Rhythm Ace,,00:27.6,04:54.2,,
4072,Sunshine After The Rain,Berri,,00:30.8,03:13.9,1995,
4073,From A Distance,Bette Midler,,00:13.2,04:11.0,,Fade
4074,Doin' The Doo,Betty Boo,,00:00:00,03:40.3,,
4075,Where Are You Baby,Betty Boo,,00:00:00,04:01.3,1990,
4076,Made It Back,Beverley Knight,,00:00.3,03:34.5,,
4077,"Baby, I Love Your Way",Big Mountain,,00:00.2,03:51.5,,
4078,Because We Want To,Billie,,00:00.7,03:31.2,,
4079,Honey To The Bee,Billie,,00:00:00,03:40.8,,
4080,Kiss The Rain,Billie Myers,,00:20.9,04:27.9,1997,
4081,Your Loving Arms,Billie Ray Martin,,00:03.2,04:08.1,1994,
4082,The River Of Dreams,Billy Joel,,00:13.6,03:46.2,1993,
4083,Achy Breaky Heart,Billy Ray Cyrus,,00:00:08,03:17.6,,
4084,Dedicated To The One I Love,Bitty McLean,,00:00.7,03:35.3,1993,
4085,I'm Gonna Get You,Bizarre Inc Feat Angie Brown,,00:13.2,03:12.4,1992,
4086,Big Time Sensuality,Bjork,,00:10.5,03:43.0,,
4087,Its Oh So Quiet,Bjork,,00:14.7,03:34.6,,
4088,Play Dead,Bjork,,00:00:00,03:49.9,,
4089,Violently Happy,Bjork,,00:00.3,04:44.3,,
4090,In The Name Of The Father,Black Grape,,00:01.9,00:03:46,,
4091,Dont Leave Me,Blackstreet,,00:00:00,05:10.8,,
4092,No Diggity,Blackstreet,,00:01.9,04:04.4,1996,
4093,Maria,Blondie,,00:11.6,03:54.5,1998,
4094,Remember Me,Blue Boy,,00:20.5,03:40.9,1965,
4095,Girls And Boys,Blur,,00:31.9,04:07.5,1994,
4096,Tender,Blur,,00:31.3,04:07.1,1999,
4097,Iron Lion Zion,Bob Marley & The Wailers,,00:15.9,03:03.0,1992,
4098,Sun is Shining,Bob Marley Vs. Funkstar De Luxe,,00:00.2,03:52.5,1999,
4099,Two Can Play That Game,Bobby Brown,,00:01.0,03:24.6,1994,
4100,Always,Bon Jovi,,00:20.9,05:37.8,1994,
4101,Hey God,Bon Jovi,,00:00:00,04:44.5,,
4102,Keep the Faith,Bon Jovi,,00:17.5,05:12.2,,
4103,Crossroads,Bone Thugs N Harmony,,00:01.6,03:37.3,,
4104,Wake Up Boo!,Boo Radleys,,00:17.2,03:02.8,1995,
4105,End Of The Road,Boyz II Men,,00:07.6,05:47.4,1992,
4106,I'll Make Love To You,Boyz II Men,,00:24.3,03:49.3,,
4107,Baby Can I Hold You,Boyzone,,00:12.8,03:09.0,,
4108,Father And Son,Boyzone,,00:12.2,02:43.4,1995,
4109,Love Me For A Reason,Boyzone,,00:18.7,03:33.9,,
4110,No Matter What,Boyzone,,00:00:00,04:33.5,1998,
4111,Picture Of You,Boyzone,,00:17.4,03:14.7,1997,
4112,Words,Boyzone,,00:00:00,04:00.2,1996,
4113,Drinking In LA,Bran Van 3000,,00:00.4,03:37.7,,
4114,Dream On Dreamer,Brand New Heavies,,00:02.7,03:24.0,1994,
4115,Midnight At The Oasis,Brand New Heavies,,00:00:00,03:42.8,1994,
4116,The Boy Is Mine,Brandy & Monica,,00:21.5,03:58.3,1998,
4117,(You Drive Me) Crazy,Britney Spears,,00:02.3,03:03.3,1999,
4118,Baby One More Time,Britney Spears,,00:00:00,03:28.6,1999,
4119,Streets Of Philadelphia,Bruce Springsteen,,00:40.7,04:05.9,1993,
4120,(Everything I Do) I Do It For You,Bryan Adams,,00:15.5,04:00.6,1991,
4121,18 'Till I Die,Bryan Adams,,00:08.1,03:27.9,,
4122,Back To You,Bryan Adams,,00:00:00,04:23.7,,
4123,Best of Me,Bryan Adams,,00:00.1,03:22.6,1999,
4124,Can't Stop This Thing We Start,Bryan Adams,,00:00:00,04:17.5,,
4125,Cloud Number Nine,Bryan Adams,,00:00:00,04:09.5,,
4126,The Only Thing That Looks Good On Me Is You,Bryan Adams,,00:06.7,03:11.1,1996,
4127,When You're Gone,Bryan Adams Feat Mel C,,00:05.1,03:20.6,,
4128,Put Your Hands Where My Eyes Can See (Clean),Busta Rhymes,,00:14.1,03:07.5,,
4129,"Turn It Up, Fire It Up (Clean)",Busta Rhymes,,00:01.2,03:36.3,1998,
4130,Gonna Make You Sweat (Everybody Dance Now),C+C Music Factory,,00:00.1,04:01.8,,
4131,Things That Make you Go Mmm,C+C Music Factory,,00:08.4,04:05.3,,
4132,Sweets For My Sweet,C.J. Lewis,,00:05.7,03:11.8,1994,
4133,Lovefool,Cardigans,,00:04.4,03:12.8,1996,
4134,Dead From The Waist Down,Catatonia,,00:16.4,03:31.4,,
4135,Touch Me (All Night Long),Cathy Dennis,,00:00:00,03:25.0,,
4136,Finally,Ce Ce Peniston,,00:31.9,03:39.1,1992,
4137,Tell Him,Celine Dion & Barbra Steisand,,00:00:00,04:49.5,,
4138,Because You Loved Me,Celine Dion,,00:00.2,04:27.9,1992,
4139,Its All Coming Back to Me,Celine Dion,,00:07.0,05:10.9,1996,
4140,My Heart Will Go On,Celine Dion,,00:19.6,04:27.6,,
4141,Think Twice,Celine Dion,,00:15.4,04:29.0,,
4142,Hear The Drummer (Get Wicked),Chad Jackson,,00:18.6,03:40.0,1990,
4143,Tease Me,Chaka Demus & Pilers,,00:12.0,03:30.7,,
4144,Chocolate Salt Balls,Chef,,00:15.5,03:43.5,,
4145,Believe,Cher,,00:00:00,03:55.9,1998,
4146,Love And Understanding,Cher,,00:23.1,04:39.4,1991,
4147,One By One,Cher,,00:16.3,04:03.4,,
4148,Strong Enough,Cher,,00:00.2,03:35.4,,
4149,The Shoop Shoop Song (It's In His Kiss),Cher,,00:00.3,02:32.5,,
4150,The One And Only,Chesney Hawkes,,00:00.6,03:30.7,1991,
4151,Baby Did a Bad Bad Thing,Chris Isaak,,00:18.6,02:46.9,1995,
4152,Wicked Game,Chris Issak,,00:35.2,04:42.3,,
4153,Genie In A Bottle,Christina Aguilera,,00:06.9,03:35.9,1999,
4154,What A Girl Wants,Christina Aguilera,,00:00.3,03:29.9,1999,
4155,Tubthumping,Chumbawamba,,00:00.7,03:21.6,1997,
4156,I Wanna Sex You Up,Colour Me Badd,,00:00:00,03:49.3,,
4157,Mustang Sally,Commitments,,00:07.2,03:56.7,1991,
4158,74-75,Connells,,00:13.8,04:23.3,,
4159,C U When You Get There,Coolio,,00:00:00,03:41.4,1997,
4160,Oh La La,Coolio,,00:00:00,03:41.0,,
4161,Gangsta's Paradise,Coolio Feat L.V.,,00:11.8,03:58.7,,
4162,Brimful Of Asha,Cornershop,,00:30.2,03:55.2,1997,
4163,Rhythm Of The Night,Corona,,00:00:00,03:31.1,,
4164,Try Me Out,Corona,,00:00:00,03:26.5,,
4165,Dreams,Corrs,,00:23.6,03:48.3,1998,
4166,Runaway,Corrs,,00:09.5,04:23.9,1995,
4167,So Young,Corrs,,00:00:00,04:14.3,1998,
4168,What Can I Do,Corrs,,00:12.4,04:08.6,,
4169,A Long December,Counting Crows,,00:13.1,04:47.2,1996,
4170,Mr. Jones,Counting Crows,,00:04.8,04:25.3,1994,
4171,Round Here,Counting Crows,,00:00:00,05:14.6,,
4172,Dreams,Cranberries,,00:32.2,04:22.9,1992,
4173,Linger,Cranberries,,00:47.1,04:24.3,1993,
4174,Zombie,Cranberries,,00:00:00,04:12.0,1994,
4175,Mmm Mmm Mmm Mmm,Crash Test Dummies,,00:10.4,03:37.7,1993,
4176,Fall At Your Feet,Crowded House,,00:12.7,03:11.8,,
4177,Its Only Natural,Crowded House,,00:00:00,03:27.8,,
4178,Weather With You,Crowded House,,00:19.5,03:33.5,1992,
4179,Mr Vain,Culture Beat,,00:19.9,03:28.2,,
4180,Isane In The Brain (Clean),Cypress Hill,,00:19.1,03:17.2,,
4181,Things Can Only Get Better,D Ream,,00:00.3,03:52.3,1993,
4182,U R The Best Thing,D Ream,,00:00:00,04:23.9,,
4183,Ghetto Romance,Damage,,00:19.7,03:36.1,2000,
4184,3 is Family,Dana Dawson,,00:00:00,03:35.8,1995,
4185,You Don't Love (No No No),Dawn Penn,,00:00.1,03:08.6,,
4186,Breakfast At Tiffany's,Deep Blue Something,,00:08.0,04:10.3,,
4187,Always The Last To Know,Del Amitri,,00:26.5,04:07.7,,
4188,Kiss This Goodbye,Del Amitri,,00:00:00,04:28.3,1989,
4189,Nothing Ever Happens,Del Amitri,,00:06.8,03:44.4,1989,
4190,Roll To Me,Del Amitri,,00:09.6,02:07.7,,
4191,Life,Des'ree,,00:09.5,03:24.0,,
4192,You Gotta Be,Des'ree,,00:20.3,03:50.7,,
4193,Bills Bills Bills,Destiny's Child,,00:15.1,03:43.5,1999,
4194,No No No,Destiny's Child,,00:00:00,03:14.2,,
4195,Say My Name,Destiny's Child,,00:01.5,03:58.6,2000,
4196,Shy Guy,Diana King,,00:00.2,04:11.3,,
4197,I Touch Myself,Divinyls,,00:00:00,03:42.1,,
4198,Boom! Shake The Room,DJ Jazzy Jeff & The Fresh Prince,,00:00:00,03:45.6,1993,
4199,Summertime,DJ Jazzy Jeff & The Fresh Prince,,00:00.4,03:47.0,1991,
4200,A Little Bit Of Luck,DJ Luck & MC Neat,,00:00.3,03:36.8,1999,
4201,Tom's Diner,Dna Featuring Suzanne Vega,,00:00.1,03:51.8,1990,
4202,Straight From The Heart,Doolally,,00:03.7,03:26.2,1998,
4203,It's My Life,Dr Alban,,00:44.6,03:55.0,1992,
4204,Still D.R.E (Clean),Dr. Dre & Snoop Dogg,,00:05.9,04:27.9,,
4205,My Definition of a Boombastic Jazz Style,Dream Warriors,,00:00.1,03:36.6,1990,
4206,Not So Manic Now,Dubstar,,00:02.2,04:18.2,,
4207,Stars,Dubstar,,00:00:00,04:08.0,,
4208,Ordinary World,Duran Duran,,00:00:00,04:35.1,1993,
4209,Save Tonight,Eagle Eyed Cherry,,00:15.3,03:40.4,,
4210,Around The World,East 17,,00:00:00,04:37.8,1994,
4211,Deep,East 17,,00:31.9,03:52.3,1992,
4212,House Of Love,East 17,,00:07.5,04:16.2,,
4213,If You Ever,East 17 Feat. Gabrielle,,00:03.6,03:58.7,1996,
4214,Ride Like The Wind,East Side Beat,,00:07.9,03:40.4,1991,
4215,King Of The Kerb,Echobelly,,00:25.6,03:47.8,1995,
4216,A Girl Like You,Edwyn Collins,,00:15.7,03:48.8,,
4217,Blue (Da Ba Dee),Eiffel 65,,00:01.4,03:22.9,1999,
4218,Can You Feel The Love Tonight,Elton John,,00:15.8,03:55.7,1994,
4219,Circle of Life,Elton John,,00:00:00,03:58.4,1994,
4220,Something About The Way You Look Tonight,Elton John,,00:07.4,03:51.1,,
4221,I'm A Believer,EMF Feat. Reeves & Mortimer,,00:04.4,03:03.2,,
4222,Guilty Conscience (Clean),Eminem & Dr Dre,,00:00.2,03:14.9,,
4223,My Name Is [Clean],Eminem,,00:01.0,04:21.8,,
4224,Don't Let Go,En Vogue,,00:09.6,03:57.7,1996,
4225,Free Your Mind,En Vogue,,00:00:00,04:08.5,1991,
4226,My Lovin',En Vogue,,00:08.4,04:28.5,1992,End
4227,Whatta Man,En Vogue Feat. Salt N Pepa,,00:03.9,04:16.1,,
4228,Return To Innocence,Enigma,,00:00:00,04:01.9,1993,
4229,Sadeness Part I,Enigma,,00:00:00,04:14.1,1990,
4230,Bailamos,Enrique Iglesias,,00:00:00,03:30.6,1999,
4231,Blue Savannah,Erasure,Break Piece Spice Tracks,00:00:00,04:14.4,1990,
4232,Chorus,Erasure,,00:00:00,04:26.2,,
4233,Love To Hate You,Erasure,,00:16.0,03:45.4,,
4234,Change The World,Eric Clapton,,00:00:00,03:55.7,1996,
4235,Layla (Unplugged),Eric Clapton,,00:10.2,04:27.4,1992,
4236,My Father's Eyes,Eric Clapton,,00:45.7,05:09.8,,
4237,Tears In Heaven,Eric Clapton,,00:13.7,04:25.6,,
4238,Angel Of Mine,Eternal,,00:04.3,04:13.3,,
4239,Just A Step From Heaven,Eternal,,00:09.6,03:41.2,,
4240,Power Of A Woman,Eternal,,00:00:00,03:46.0,1995,
4241,Stay,Eternal,,00:00:00,03:53.4,,
4242,I Wanna Be The Only One,Eternal Feat Bebe Winans,,00:09.9,03:31.8,,
4243,Fields Of Gold,Eva Cassidy,,00:10.9,04:36.0,1998,
4244,Over the Rainbow,Eva Cassidy,,00:11.3,04:54.2,2001,
4245,Missing,Everything But The Girl,,00:08.2,03:52.4,1994,
4246,WRONG,Everything But The Girl,,00:00:00,04:34.7,,
4247,More Than Words,Extreme,,00:11.7,03:56.2,,
4248,Easy,Faith No More,,00:16.7,02:59.4,1992,
4249,Vindaloo,Fat Les,,00:00:00,03:37.5,1998,
4250,Gangster Trippin',Fatboy Slim,,00:00.2,03:29.8,1998,
4251,Praise You,Fatboy Slim,,00:16.6,03:43.5,,
4252,Even After All,Finley Quaye,,00:00:00,03:52.1,1997,
4253,Its Great When We're Together,Finley Quaye,,00:01.2,03:28.5,,
4254,Sunday Shining,Finley Quaye,,00:03.9,03:32.3,1997,
4255,Your Love Gets Sweeter,Finley Quaye,,00:10.8,02:49.0,1998,
4256,Everybody Get Up,Five,,00:00:00,03:03.6,1998,
4257,Got The Feelin',Five,,00:02.4,03:25.8,,
4258,Keep On Movin',Five,,00:14.0,03:12.2,,
4259,When The Lights Go Out,Five,,00:00:00,04:07.4,1998,
4260,What's Up,Four Non Blondes,,00:29.9,04:46.9,,
4261,"Turn On, Tune In, Cop Out",Freak Power,,00:07.1,04:14.9,,
4262,Living On My Own,Freddie Mercury,,00:02.0,03:30.7,,
4263,Barcelona,Freddy Mercury & Montserrat Caballe,,00:00:00,05:22.7,,
4264,Killing Me Softly,Fugees,,00:00.6,04:22.5,1996,
4265,Ready Or Not,Fugees,,00:00:00,03:46.0,1996,
4266,Dreams,Gabrielle,,00:01.4,03:31.4,1993,
4267,Give Me A Little More Time,Gabrielle,,00:00:00,03:59.7,,
4268,Sunshine,Gabrielle,,00:21.9,03:58.0,1999,
4269,Freed From Desire,Gala,,00:13.7,03:27.4,1996,
4270,Love Won't Wait,Gary Barlow,,00:00:00,04:14.2,1997,
4271,Stronger,Gary Barlow,,00:04.5,03:33.5,,
4272,I Can't Dance,Genesis,,00:00:00,03:53.2,,
4273,Jesus He Knows Me,Genesis,,00:19.9,04:05.4,,
4274,Don't Let The Sun Go Down On Me,George Michael & Elton John,,00:00:00,05:45.2,,
4275,As,George Michael & Mary J Blige,,00:01.3,04:32.2,,
4276,Fastlove,George Michael,,00:09.3,05:21.3,1996,
4277,Freedom 90,George Michael,,00:00:00,06:28.6,,
4278,Outside,George Michael,,00:24.1,04:29.9,,
4279,Too Funky,George Michael,,00:00:00,03:46.2,1992,
4280,Look At Me,Geri Halliwell,,00:00:00,03:28.7,,
4281,Mi Chico Latino,Geri Halliwell,,00:00:00,03:01.8,1999,
4282,Ooh Aah... Just A Little Bit,Gina G,,00:00:00,03:23.8,1996,
4283,Go Away,Gloria Estefan,,00:00:00,04:18.6,1993,
4284,Iris,Goo Goo Dolls,,00:12.4,03:26.2,1998,
4285,Swamp Thing,Grid,,00:13.1,03:52.7,1994,
4286,November Rain,Guns 'n' Roses,,00:00:00,08:57.6,1992,
4287,What Is Love,Haddaway,,00:00:00,03:54.0,1992,
4288,Mmmbop,Hanson,,00:08.7,03:46.5,1996,
4289,Where's The Love,Hanson,,00:16.6,04:07.9,,
4290,Kinky Afro,Happy Mondays,,00:23.9,03:45.2,1990,
4291,Now That We Found Love,Heavy D & The Boyz,,00:04.2,04:15.7,1991,
4292,Bugs,Hepburn,,00:00:00,03:04.1,1999,
4293,I Quit,Hepburn,,00:00.7,03:48.6,1999,
4294,End Of The Line,Honeyz,,00:00:00,04:04.7,,
4295,Finally Found,Honeyz,,00:00:00,03:58.9,,
4296,Never Let You Down,Honez,,00:00:00,03:30.2,,
4297,Shine On,House Of Love,,00:17.7,03:54.4,,
4298,Jump Around,House Of Pain,,00:24.7,03:28.1,1992,
4299,Tell Me When,Human League,,00:00:00,04:38.2,1994,
4300,Always There,Incognito Feat. Jocelyn Brown,,00:17.5,03:25.0,,
4301,Here Comes The Hotstepper,Ini Kamoze,,00:03.6,04:02.9,1995,
4302,Sweat (A La La La La Long),Inner Circle,,00:00.3,03:43.7,1992,
4303,Canned Heat,Jamiroquai,,00:11.2,03:37.4,1999,
4304,Cosmic Girl,Jamiroquai,,00:15.5,03:55.6,1996,
4305,Deeper Underground,Jamiroquai,,00:07.8,03:27.0,1998,
4306,Space Cowboy,Jamiroquai,,00:05.2,03:31.0,1994,Fade
4307,Too Young Too Die,Jamiroquai,,00:00:00,03:20.4,,
4308,Virtual Insanity,Jamiroquai,,00:01.4,03:41.9,,
4309,Been Caught Stealing,Jane's Addition,,00:19.9,03:19.5,,
4310,Got 'Til It's Gone,janet jackson,,00:00.5,03:31.4,,
4311,That's The Way Love Goes,janet jackson,,00:00:00,04:21.1,1993,
4312,Together Again,janet jackson,,00:19.7,04:01.2,,
4313,Whoops Now,janet jackson,,00:15.9,03:30.2,1994,
4314,Any Dream Will Do,Jason Donovan,,00:00:00,03:50.4,1991,
4315,Hallejuhah,Jeff Buckley,,00:13.9,04:09.6,,
4316,If You Had My Love,Jennifer Lopez,,00:19.9,04:13.5,,
4317,Waiting For Tonight,Jennifer Lopez,,00:05.5,04:01.6,,
4318,Crush,Jennifer Paige,,00:16.5,03:13.3,1998,
4319,Ain't No Doubt,Jimmy Nail,,00:19.9,03:49.8,1992,
4320,Crocodile Shoes,Jimmy Nail,,00:00:00,04:11.6,1994,
4321,One Of Us,Joan Osborne,,00:22.4,04:11.8,1994,
4322,Janie Don't Take Your Love Town,Jon Bon Jovi,,00:11.8,03:38.7,,
4323,All My Life,K Ci & Jo Jo,,00:06.1,03:36.9,,
4324,Rhythm Is A Mystery,K-Klass,,00:23.5,03:20.2,,
4325,Come Baby Come,K7,,00:00:00,03:56.4,,
4326,Looking For Love,Karen Ramirez,,00:09.2,03:43.9,,
4327,Love Shine A Light,Katrina & The Waves,,00:00:00,02:50.6,1997,
4328,Constant Craving,KD Lang,,00:00:30,04:15.8,,
4329,Dub Be Good To Me,Beats International,,00:00.1,05:16.8,,
4330,Ten Years Asleep,Kingmaker,,00:00:00,03:02.5,,
4331,3am Eternal,KLF,,00:00.6,03:27.9,,
4332,Justified And Ancient,KLF With Tammy Wynette,,00:00.5,03:35.0,,
4333,Jump,Kriss Kross,,00:00.1,03:06.3,,
4334,hey dude,Kula Shaker,,00:35.6,04:02.4,1996,
4335,Hush,Kula Shaker,,00:06.1,02:52.9,1997,
4336,Tattva,Kula Shaker,,00:04.9,03:38.7,1996,
4337,Confide In Me,Kylie Minogue,,00:18.4,04:23.5,,
4338,Did It Again,Kylie Minogue,,00:00:00,04:10.6,,
4339,Step Back in Time,Kylie Minogue,,00:23.0,02:54.1,,
4340,Tears On My Pillow,Kylie Minogue,,00:00:00,02:26.1,1990,
4341,Doo Woop (That Thing),Lauryn Hill,,00:00.9,03:50.8,,
4342,Everything Is Everything,Lauryn Hill,,00:04.0,04:46.4,1999,
4343,Ex Factor,Lauryn Hill,,00:13.2,04:31.0,,
4344,How Do I Live,LeAnn Rimes,,00:14.7,04:02.6,1997,
4345,Phat Planet,Leftfield,,00:28.8,05:17.3,,
4346,Steal My Sunshine,Len,,00:01.4,03:35.6,,
4347,It Aint Over Till its Over,Lenny Kravitz,,00:27.2,03:51.7,,
4348,Crazy For You,Let Loose,,00:23.4,04:02.7,,
4349,High,Lighthouse Family,,00:00:00,04:34.1,1997,
4350,Lifted,Lighthouse Family,,00:20.5,04:23.6,,
4351,Ocean Drive,Lighthouse Family,,00:23.2,03:37.4,1995,
4352,Life Of Riley,Lightning Seeds,,00:23.8,03:57.8,1992,
4353,Lucky You,Lightning Seeds,,00:09.7,03:50.0,1994,
4354,Marvellous,Lightning Seeds,,00:00:00,03:30.6,,
4355,Pure,Lightning Seeds,,00:30.7,03:42.7,,
4356,You Showed Me,Lightning Seeds,,00:00:00,03:28.7,,
4357,A Nanny In Manhattan,Lilys,,00:00.8,01:43.0,1996,
4358,Rude Boy Rock,Lionrock,,00:00.2,03:38.9,,
4359,Stay,Lisa Loeb & Nine Stories,,00:11.7,02:55.9,1994,
4360,Mama Said Knock You out,LL Cool J,,00:00.3,04:46.7,1990,
4361,Amazed,Lonestar,,00:09.4,03:50.6,1999,
4362,She Said,Longpigs,,00:34.5,04:12.7,1995,
4363,Macarena [Radio Version],Los Del Mar,,00:00:00,03:49.2,,
4364,Mambo No 5,Lou Bega,,00:00.8,03:36.6,1999,
4365,Arms Around The World,Louise,,00:00:00,04:09.2,,
4366,Naked,Louise,,00:24.0,03:23.0,,
4367,Love City Groove,Love City Groove,,00:00:00,03:55.0,,
4368,I Got 5 On It,Luniz,,00:09.5,04:03.6,1995,
4369,Ladykillers,Lush,,00:16.6,03:11.2,1996,
4370,Best Things In Life Are Free,Luther Vandross & Janet Jackson,,00:00:00,04:22.5,1992,
4371,Ain't That Just The Way,Lutricia McNeal,,00:10.3,03:01.5,,
4372,Stranded,Lutricia McNeal,,00:00:00,03:25.6,,
4373,Sexy Cinderella,Lynden David Hall,,00:02.7,03:41.3,,
4374,Summer Girls,Lyte Funky Ones,,00:00:00,04:16.1,,
4375,Incredible,M Beat Feat. General Levy,,00:00.7,03:56.4,,
4376,Just For You,M People,Break Piece Spice Tracks,00:00:00,03:59.5,,
4377,Moving on Up,M People,,00:22.2,03:27.2,1993,
4378,One Night In Heaven,M People,,00:00:00,03:43.7,,
4379,Search For The Hero,M People,,00:13.5,04:04.7,1995,
4380,Sight For Sore Eyes,M People,,00:00:00,03:54.5,,
4381,I Try,Macy Gray,,00:00.7,03:36.0,,
4382,Dont Call me Baby,Madison Avenue,,00:16.7,03:44.8,,
4383,Frozen,Madonna,,00:00:00,05:07.3,1998,
4384,Ray Of Light,Madonna,,00:37.9,05:10.5,1998,
4385,Secret,Madonna,,00:00:00,04:27.2,,
4386,Take A Bow,Madonna,,00:32.5,05:12.9,,
4387,Vogue,Madonna,,00:50.7,05:10.9,1990,
4388,Stripper Vicar,Mansun,,00:00.7,04:02.5,,
4389,Wide Open Space,Mansun,,00:06.8,03:53.7,1996,
4390,King of the Beats,Mantonix,,00:08.6,05:52.3,,
4391,Got To Have Your Love,Mantronix,,00:36.2,03:55.4,,
4392,Walking in Memphis,Marc Cohn,,00:07.8,04:06.2,1991,
4393,Show Me Heaven,Maria McKee,,00:12.4,03:35.8,,
4394,When You Believe,Mariah Carey & Whitney Houston,,00:00:00,04:26.7,1998,
4395,Always Be My Baby,Mariah Carey,,00:06.2,03:11.8,1996,Fade
4396,Dreamlover,Mariah Carey,,00:03.7,03:51.2,,
4397,Emotions,Mariah Carey,,00:01:10,04:08.9,1991,
4398,Fantasy,Mariah Carey,,00:00:00,04:01.9,1995,
4399,Heartbreaker (Remix),Mariah Carey,,00:00.2,04:11.2,2003,
4400,Hero,Mariah Carey,,00:15.1,04:14.3,1993,
4401,Honey,Mariah Carey,,00:00.8,04:52.1,,
4402,Return of the Mack,Mark Morrison,,00:09.7,03:20.5,1996,
4403,Clementine,Mark Owen,,00:00:00,03:46.1,,
4404,I Am What I Am,Mark Owen,,00:00:00,04:06.1,,
4405,Perfect Moment,Martine McCutcheon,,00:18.4,03:45.4,1999,
4406,Love Is All We Need,Mary J Blige,,00:00:00,04:11.1,,
4407,Teardrop,Massive Attack,,00:00:00,05:25.1,1998,
4408,Unfinished Sympathy,Massive Attack,,00:33.6,04:56.7,,
4409,Protection,Massive Attack Feat. Tracey Thorn,,00:23.8,04:42.1,,
4410,3am,Matchbox 20,,00:18.4,03:40.4,,
4411,If You're Gone,Matchbox Twenty,,00:10.0,04:16.9,,
4412,Dance The Night Away,Mavericks,,00:20.6,04:18.0,1997,
4413,Pray,MC Hammer,,00:00:00,05:13.2,1990,
4414,U Can't Touch This,MC Hammer,,00:00:00,04:16.0,1990,
4415,I'd Do Anything For Love (But,Meat Loaf,,00:00:00,04:32.8,1993,
4416,I'd Lie For You (And That's Th,Meat Loaf,,00:00:00,05:24.4,,
4417,Ga Ga,Melanie C,,00:09.2,03:48.4,,
4418,Northern Star,Melanie C,,00:00:00,04:02.4,1999,
4419,Bitch,Meredith Brooks,,00:15.1,03:55.6,,
4420,Enter Sandman,Metallica,,01:10.7,05:12.4,,
4421,Nothing Else Matters,Metallica,,00:00:00,06:30.6,1992,
4422,How Am I Supposed To Live Without You,Michael Bolton,,00:00:00,04:14.8,,
4423,How Can We Be Lovers,Michael Bolton,,00:00:00,03:53.0,,
4424,Black or White,Michael Jackson,,00:19.6,03:13.8,,
4425,Blood On The Dance Floor,Michael Jackson,,00:35.4,04:01.5,,
4426,Earth Song,Michael Jackson,,00:00:00,06:14.9,1995,
4427,Give To Me,Michael Jackson,,00:00:00,05:28.4,,
4428,Heal The World,Michael Jackson,,00:00:00,06:20.5,,
4429,They Don't Care About Us,Michael Jackson,,00:00:00,04:22.7,1996,
4431,Sweetness,Michelle Gayle,,00:10.8,03:34.4,1994,
4432,Over My Shoulder,Mike And The Mechanics,,00:09.5,03:27.3,,
4433,I've Got A Little Something For You,MN8,,00:00:00,03:28.1,,
4434,BodyRock,Moby,,00:00.3,03:29.3,1999,
4435,Why Does My Heart Feel So Bad,Moby,,00:00.1,03:54.9,1999,
4436,Can You Dig It,Mock Turtles,,00:26.1,03:47.3,1991,
4437,What Do You Want From Me,Monaco,,00:05.6,03:45.2,1997,
4438,This Is How We Do It,Montell Jordan,,00:01.1,03:33.8,,
4439,Part of The Process,Morcheeba,,00:25.2,04:19.9,2003,
4440,Flat Beat,Mr Oizo,,00:14.7,03:44.8,,
4441,I Want You Back,N Sync,,00:00:00,03:19.2,,
4442,Tearin' Up My Heart,N Sync,,00:00:00,03:28.1,,
4443,N-Trance,Set You Free,Break Piece Spice Tracks,00:06.9,04:03.4,,
4444,Big Mistake,Natalie Imbruglia,,00:21.5,00:04:24,,
4445,Torn,Natalie Imbruglia,,00:11.9,03:55.2,1997,
4446,Rock The Funky Beats,Natural Born Chillers,,00:00.1,03:01.7,,
4447,Woman,Neneh Cherry,,00:27.7,04:03.9,,
4448,Regret,New Order,,00:40.9,04:01.0,,
4449,True Faith '94,New Order,,00:32.5,04:20.4,,
4450,World In Motion,New Order,,00:00:00,04:28.7,1990,
4451,You Get What You Give,New Radicals,,00:21.0,04:45.2,1998,
4452,Don't Speak,No Doubt,,00:06.2,04:12.9,1996,
4453,Just A Girl,No Doubt,,00:08.8,03:20.6,,
4454,Where Do You Go,No Mercy,,00:00.6,04:15.4,,
4455,(I Wanna Give You) Devotion,Nomad,,00:02.3,04:02.8,,
4456,Get Here,Oleta Adams,,00:24.7,04:26.1,,
4457,How Bizarre,OMC,,00:15.2,03:43.4,,
4458,Its A Fine Day,Opus III,,00:00:00,03:34.6,1992,
4459,I Luv U Baby,Original,,00:08.0,03:24.8,1995,
4460,Boom Boom Boom,Outhere Brothers,,00:00.1,03:12.4,,
4461,Don't Stop (Wiggle Wiggle),Outhere Brothers,,00:00:00,03:06.9,,
4462,Set Adrift On Memory Bliss,P.M. Dawn,,00:38.0,03:46.6,,
4463,Baby Come Back,Pato Banton,,00:12.7,03:44.3,,
4464,Young Boy,Paul McCartney,,00:00:00,03:54.1,1997,
4465,Broken Stones,Paul Weller,,00:19.9,03:12.3,1995,
4466,Wild Wood,Paul Weller,,00:13.8,03:15.6,,
4467,You Do Something To Me,Paul Weller,,00:11.9,03:30.9,,
4468,Opposites Attract,Paula Abdul With The Wild Pair,,00:16.6,04:07.6,,
4469,Where Have All The Cowboys Gone,Paula Cole,,00:18.6,03:41.0,1996,
4470,Can You Forgive Her,Pet Shop Boys,,00:37.0,03:48.6,,
4471,Go West,Pet Shop Boys,,00:00:00,04:11.5,1992,
4472,I Wouldnt Normally Do this Kind of thing,Pet Shop Boys,,00:15.5,03:01.7,,
4473,Se A Vida E (That's The Way Life Is),Pet Shop Boys,,00:26.1,03:47.0,1996,
4474,Flava,Peter Andre,,00:00:00,03:52.8,,
4475,Mysterious Girl,Peter Andre,,00:04.4,03:31.1,1995,
4476,Steam,Peter Gabriel,,00:09.7,05:00.3,1992,
4477,Choose Life,PF Project Feat. Ewan McGregor,,00:01.5,03:46.4,,
4478,Let's Get Ready To Rhumble,Pj And Duncan,,00:00.3,03:57.3,,
4479,Every You Every Me,Placebo,,00:15.1,03:29.2,,
4480,All Mine,Portishead,,00:00:00,04:02.4,1997,
4481,Glory Box,Portishead,,00:00:00,03:34.9,1994,
4482,Sour Times,Portishead,,00:00:00,03:24.6,,
4483,Ghetto Superstar (That Is What You Are),Pras Michel,,00:01.1,04:16.1,1998,
4484,I'll Stand By You,Pretenders,,00:08.7,03:45.5,1994,
4485,Cream,Prince,,00:24.6,03:51.1,1991,
4486,No Good (Start The Dance),Prodigy,,00:06.8,03:55.3,,
4487,Out Of Space,Prodigy,,00:25.0,03:40.6,,
4488,History Repeating,Propellarheads,,00:13.8,03:53.3,,
4489,Come With Me (Radio Edit),Puff Daddy & Jimmy Page,,00:04.4,04:21.4,1998,
4490,I'll Be Missing You,Puff Daddy And Faith Evans,,00:16.9,04:52.8,1997,
4491,Help The Aged,Pulp,,00:00:00,04:30.3,1997,
4495,Another Night,Real McCoy,,00:22.0,03:52.9,,
4496,Compliments On Your Kiss,Red Dragon Feat. Brian & Tony Gold,,00:00.9,03:19.6,,
4497,Cotton Eye Joe,Rednex,,00:00:00,03:12.4,1994,
4498,I Like to Move It,Reel 2 Real,,00:00.3,03:42.9,1993,
4499,Daysleeper,REM,,00:08.4,03:17.9,,
4500,Everybody Hurts,REM,,00:16.5,05:08.7,,
4501,Sidewinder Sleeps Tonight,REM,,00:04.8,04:00.6,,
4502,The One I Love,REM,,00:16.1,03:10.8,,
4503,I'll Be There For You,Rembrants,,00:10.2,02:58.9,,
4504,Livin' La Vida Loca,Ricky Martin,,00:10.7,03:59.1,1999,
4505,Deeply Dippy,Right Said Fred,,00:00:00,03:09.9,,
4506,I'm Too Sexy,Right Said Fred,,00:00:00,02:52.0,1991,
4507,Angels,Robbie Williams,,00:05.3,04:20.4,,
4508,It's Only Us,Robbie Williams,,00:00:00,02:52.4,,
4509,Lazy Days,Robbie Williams,Break Piece Spice Tracks,00:00:00,03:48.2,1997,
4510,Let Me Entertain You,Robbie Williams,,00:15.4,03:36.4,1998,
4511,Millennium,Robbie Williams,,00:08.7,03:48.7,,
4512,No Regrets,Robbie Williams,,00:19.7,05:09.2,,
4513,Old Before I Die,Robbie Williams,,00:16.3,00:03:41,,
4514,She's The One,Robbie Williams,,00:00:00,04:18.1,,
4515,Strong,Robbie Williams,,00:22.3,04:24.6,1999,
4516,Show Me Love,Robyn,,00:00.2,03:24.2,1997,
4517,When You Say Nothing At All,Ronan Keating,,00:11.5,04:02.7,1999,
4518,Closer Than Close,Rosie Gaines,,00:15.2,03:42.6,1995,
4519,I Wish I Could Fly,Roxette,,00:04.8,04:37.1,1999,
4520,It Must Have Been Love,Roxette,,00:13.5,03:38.1,1990,
4521,Joyride,Roxette,,00:00:00,03:57.8,,
4522,Everybody's Free (To Feel Good),Rozalla,,00:06.2,03:27.2,,
4523,It's Like That,Run Dmc Vs Jason Nevins,,00:00.2,04:04.3,1997,
4524,Bring It All Back,S Club 7,,00:00:00,03:20.4,1999,
4525,S Club Party,S Club 7,,00:00:00,03:27.4,1999,
4526,Peace,Sabrina Johnson,,00:00.1,03:47.3,,
4527,He's On The Phone,Saint Etienne,,00:06.6,04:00.3,1995,
4528,Only Love Can Break Your Heart,Saint Etienne,,00:27.2,04:27.7,,
4529,Let's Talk About Sex,Salt 'n' Pepa,,00:00:00,03:31.7,,
4530,Smooth,Santana,,00:17.9,04:44.2,1999,
4531,Maria Maria,Santana Feat The Product G&B,,00:05.3,04:11.7,,
4532,Time To Say Goodbye,Sarah Brightman & Andrea Bocelli,,00:00:00,03:45.7,,
4533,Ecuador,Sash,,00:00:00,03:32.1,1997,
4534,Stay,Sash,,00:00:00,03:29.6,,
4535,I Want You,Savage Garden,,00:09.5,03:33.6,1996,
4536,To The Moon & Back,Savage Garden,,00:08.5,04:22.1,1996,
4537,Truly Madly Deeply,Savage Garden,,00:11.5,04:24.4,1997,
4538,Independent Love Song,Scarlet,,00:00:00,03:51.2,,
4539,Scatman,Scatman John,,00:00.6,03:15.7,,
4540,Crazy,Seal,,00:08.8,04:34.8,1990,Fade
4541,Kiss From A Rose,Seal,,00:00.8,04:42.1,1994,
4542,Closing Time,Semisonic,,00:15.4,03:46.2,1998,
4543,Secret Smile,Semisonic,,00:10.6,03:35.5,,
4544,Mr Loverman,Shabba Ranks,,00:00.4,03:28.1,,
4545,(Mucho Mambo) Sway,Shaft,,00:02.0,03:24.4,,
4546,Boombastic,Shaggy,,00:01.7,03:48.2,1995,
4547,Oh Carolina,Shaggy,,00:00:00,03:05.0,1992,
4548,Stay,Shakespears Sister,,00:08.9,03:37.0,,Fade
4549,Ebeneezer Goode,Shamen,,00:00.2,03:41.3,1992,
4550,Move Any Mountain,Shamen,,00:00:00,03:25.1,,
4551,Trouble,Shampoo,,00:00.2,03:06.7,,
4552,Man! I Feel Like A Woman,Shania Twain,,00:00:00,03:53.2,1998,
4553,That Don't Impress Me Much,Shania Twain,,00:00:00,03:51.2,1998,
4554,You're Still The One,Shania Twain,,00:04.1,03:29.8,,
4555,I Love Your Smile,Shanice,,00:00.2,04:14.5,,
4556,Sweet Like Chocolate,Shanks & Bigfoot,,00:46.8,03:19.4,1999,
4557,A Change Would Do You Go,Sheryl Crow,,00:15.0,03:43.3,,
4558,All I Wanna Do,Sheryl Crow,,00:01.9,04:03.5,,
4559,Everyday Is A Winding Road,Sheryl Crow,,00:00:00,04:16.8,1996,
4560,If It Makes You Happy,Sheryl Crow,,00:18.9,04:22.4,1996,
4561,You Might Need Somebody,Shola Ama,,00:00.6,03:45.9,1997,
4562,You're The One I Love,Shola Ama,,00:04.1,03:29.1,,
4563,Ain't That A Lot Of Love,Simply Red,,00:31.0,03:39.3,,
4564,Angel,Simply Red,,00:00:00,03:59.7,1996,
4565,Fairground,Simply Red,,00:00.5,04:14.9,1995,
4566,For Your Babies,Simply Red,,00:11.4,04:10.1,,
4567,Never Never Love,Simply Red,,00:00:00,04:13.7,,
4568,Something Got Me Started,Simply Red,,00:01.8,03:54.8,1991,
4569,Stars,Simply Red,,00:19.2,04:01.4,1991,
4570,Nothing Compares 2 u,Sinead O'Conner,,00:09.1,04:50.9,,
4571,Kiss Me,Sixpence None The Richer,,00:19.1,03:21.2,1998,
4572,I Wish,Skee Lo,,00:11.3,04:00.4,1995,
4573,On A Ragga Tip,SL2,,00:20.5,03:34.2,1992,
4574,There Is A Light That Never Goes Out,Smiths,,00:00:00,04:02.9,1987,
4575,Underwater Love,Smoke City,,00:14.5,03:50.1,,
4576,Rhythm Is A Dancer,Snap,,00:00:00,03:37.3,,
4577,The Power,Snap,,00:03.6,03:35.9,1990,
4578,6 Underground,Sneaker Pimps,,00:11.1,03:42.6,,
4579,"Who Am I, What's My Name (Clean)",Snoop Dogg,,00:05.4,04:04.2,,
4580,Informer,Snow,,00:01.6,04:21.9,,
4581,Better The Devil You Know,Sonia,,00:00:00,02:34.2,1993,
4582,Right Beside You,Sophie B Hawkins,,00:00:00,04:45.1,1994,
4583,Runaway Train,Soul Asylum,,00:09.0,04:12.0,,
4584,Neighbourhood,Space,,00:21.2,03:24.7,,
4585,Ballad of Tom Jones,Space With Cerys,,00:17.9,04:05.7,,
4586,2 Become 1,Spice Girls,,00:14.0,03:48.2,1996,
4587,Goodbye,Spice Girls,,00:00:00,04:18.2,,
4588,Mama,Spice Girls,,00:00:00,03:40.0,1997,
4589,Say You'll Be There,Spice Girls,,00:00:00,03:55.8,1996,
4590,Spice Up Your Life,Spice Girls,,00:05.9,02:48.2,1997,
4591,Stop,Spice Girls,,00:16.7,03:21.0,1997,
4592,Too Much,Spice Girls,,00:00:00,04:24.2,,
4593,Viva Forever,Spice Girls,,00:39.5,04:07.5,1998,
4594,Wannabe,Spice Girls,,00:00:00,02:44.2,1996,
4595,Who Do You Think You Are,Spice Girls,,00:24.5,03:56.3,1997,
4596,Two Princes,Spin Doctors,,00:19.3,04:08.0,,
4597,Here We Go,Stakka Bo,,00:09.2,03:48.6,,
4598,Better Best Forgotten,Steps,,00:00:00,03:38.9,1999,
4599,Last Thing On My Mind,Steps,,00:00:00,03:03.4,,
4600,Love's Got A Hold On My Heart,Steps,,00:00:00,03:21.5,,
4601,One For Sorrow,Steps,,00:00:00,04:14.3,,
4602,Tragedy,Steps,,00:00:00,04:25.7,,
4603,Inside,Stiltskin,,00:17.8,03:53.7,,
4604,Englishman In New York,Sting,,00:19.1,04:15.1,1988,
4605,Epilogue (Nothing About Me),Sting,,00:30.1,03:11.3,,
4606,Fields Of Gold,Sting,,00:17.8,03:31.1,1993,
4607,If I Ever Lose My Faith In You,Sting,,00:20.4,04:18.1,1993,
4608,Shape Of My Heart,Sting,,00:22.7,04:29.6,,
4609,U Sure Do,Strike,,00:00.5,03:40.6,1994,
4610,Ain't No Love,Sub Sub Feat. Melanie Williams,,00:18.8,02:42.3,,
4611,Every Morning,Sugar Ray,,00:08.6,03:28.3,,
4612,Here's Where the Story Ends,Sundays,,00:09.0,03:45.1,1990,
4613,Day Before Yesterday's Man,Supernaturals,,00:00:00,02:33.1,,
4614,Smile,Supernaturals,,00:11.5,03:38.9,1996,
4615,Everything's Gonna Be Alright,Sweetbox,,00:00.5,03:08.5,,
4616,Right Here,SWV,,00:02.6,03:31.6,1992,
4617,The Love I Lost,Sybil Feat. West End,,00:15.6,03:18.0,,
4618,A Million Love Songs,Take That,,00:11.2,03:31.7,1992,
4619,Back For Good,Take That,,00:00:16,03:53.9,1995,
4620,Could It Be Magic,Take That,,00:07.6,03:22.5,,
4621,Everything Changes,Take That,,00:12.6,03:26.5,,
4622,How Deep Is Your Love,Take That,,00:00:00,03:39.9,,
4623,It Only Takes A Minute,Take That,,00:00.4,03:41.4,1992,
4624,Never Forget,Take That,,00:08.9,05:25.7,2005,
4625,Pray,Take That,,00:00:00,03:40.9,,
4626,Relight My Fire,Take That Feat. Lulu,,00:23.3,03:57.4,2019,
4627,Feel It,Tamperer Feat. Maya,,01:00.1,03:06.3,,
4628,Sleeping Satellite,Tasmin Archer,,00:05.2,04:21.0,,
4629,Get Up,Technotronic,,00:15.7,03:21.5,1990,
4630,This Beat Is Technotronic,Technotronic,,00:08.8,03:34.2,,
4631,Tequila,Terrorvison,,00:00.2,04:03.2,,
4632,I Dont Want A Lover,Texas,,00:00:00,04:22.7,,
4633,In Our Lifetime,Texas,,00:10.3,03:43.7,,
4634,Summer Son,Texas,,00:19.7,03:53.8,1999,
4635,Semi Charmed Life,Third eye Blind,,00:10.7,04:24.2,1997,
4636,Chains,Tina Arena,,00:00.1,04:09.9,,
4637,Never Gonna Let You Go,Tina Moore,,00:00.3,04:05.4,1997,
4638,Goldeneye,TINA TURNER,,00:00:00,03:27.2,1995,
4639,I Dont Wanna Fight,TINA TURNER,,00:00:00,04:23.2,,
4640,Creep,TLC,,00:03.9,04:15.4,1994,
4641,No Scrubs,TLC,,00:10.2,03:28.1,1999,
4642,Waterfalls,TLC,,00:34.3,03:49.5,1995,
4643,Something Goin' On,Todd Terry,,00:19.1,03:28.6,1997,
4644,Keep On Jumpin',Todd Terry Feat. Jocelyn Brown,,00:00:00,03:21.8,,
4645,UnBreak My Heart,Toni Braxton,,00:20.0,04:17.9,,Fade
4646,The Real Thing,Tony Di Bart,,00:00.2,03:44.1,1994,
4647,Cornflake Girl,Tori Amos,,00:20.6,05:00.8,1994,
4648,Would You,Touch & Go,,00:00.3,03:07.6,,
4649,Westside,TQ,,00:02.7,03:46.9,1998,
4650,Drops of Jupiter,Train,,00:11.3,04:12.7,2001,
4651,Driftwood,Travis,,00:10.9,03:29.1,,
4652,Tied to the 90s,Travis,,00:00:00,03:04.9,,
4653,Turn,Travis,,00:13.1,04:14.2,,
4654,Why Does It Always Rain On Me,Travis,,00:19.2,04:11.1,1999,
4655,Writing to Reach You,Travis,,00:11.8,03:34.4,1999,
4656,Can I Kick It,Tribe Called Quest,,00:29.3,04:09.1,1990,
4657,California Love,Tupac,,00:00.4,03:58.7,,
4658,Changes,Tupac,,00:04.0,04:26.8,,
4659,Get Ready For This,Two Unlimited,,00:00:00,03:41.8,,
4660,No Limit,Two Unlimited,,00:00:00,03:16.9,,
4661,Sounds Of The Wickedness,Tzant,,00:00.3,03:10.9,,
4662,Discotheque,U2,,00:00:00,04:56.0,1997,
4663,Even Better Than The Real Thing,U2,,00:25.8,03:35.9,,
4664,"Hold Me, Thrill Me, Kiss Me, Kill Me",U2,,00:00:00,04:44.2,,
4665,Mysterious Ways,U2,,00:19.1,03:48.6,,
4666,One,U2,,00:11.7,04:27.6,1992,
4667,Staring at the Sun,U2,,00:00:00,04:34.6,1997,
4668,Sweetest Thing,U2,,00:17.7,02:54.0,1998,
4669,Kingston Town,UB40,,00:18.1,03:33.2,,
4670,Everything About You,Ugly Kid Joe,,00:31.9,04:03.3,,
4671,Free,Ultra Nate,,00:16.1,03:46.3,,
4672,Cantaloop,US3,,00:00.1,04:31.5,,
4673,You Make Me Wanna,Usher,,00:04.3,03:31.5,1997,
4674,Something Good,Utah Saints,,00:15.3,03:29.9,,
4675,Ice Ice Baby,Vanilla Ice,,00:05.1,04:19.9,1990,
4676,Boom Boom Boom Boom,Vengaboys,,00:00:00,03:22.4,,
4677,Up & Down,Vengaboys,,00:00:00,03:58.8,,
4678,Dizzy,Vic Reeves & The Wonder Stuff,,00:12.4,03:11.6,1991,
4679,You And Me Song,Wannadies,,00:01.5,02:44.1,,
4680,Regulate,Warren G,,00:03.9,04:02.7,,
4681,Shake Your Head,Was (Not Was),,00:24.2,03:50.8,,
4682,Flying Without Wings,Westlife,,00:00:00,03:34.4,,
4683,If I Let You Go,Westlife,,00:00:00,03:39.2,,
4684,Goodnight Girl,Wet Wet Wet,,00:00.1,03:35.1,,Fade
4685,If I Never See You Again,Wet Wet Wet,,00:07.0,03:46.7,1997,
4686,Love Is All Around,Wet Wet Wet,,00:11.0,03:46.0,1994,
4687,Saturday Night,Whigfield,,00:02.7,03:23.4,1994,
4688,Your Woman,White Town,,00:12.1,04:15.7,,
4689,Heartbreak Hotel,Whitney Houston,,00:00:00,04:35.3,1999,
4690,I Have Nothing,Whitney Houston,,00:20.6,04:44.0,,
4691,I Will Always Love You,Whitney Houston,,00:00:00,04:27.7,2012,End
4692,I'm Your Baby Tonight,Whitney Houston,,00:06.2,04:47.6,1990,
4693,Its Not Right But its OK,Whitney Houston,,00:08.8,04:38.5,,
4694,My Love Is Your Love,Whitney Houston,,00:13.5,04:09.2,,
4695,Queen Of The Night,Whitney Houston,,00:00.2,03:34.4,1993,
4696,Renegade Master,Wildchild,,00:03.9,03:45.7,1995,
4697,Gettin' Jiggy Wit It,Will Smith,,00:01.0,03:42.3,1998,
4698,Men In Black,Will Smith,,00:16.3,03:41.1,1997,
4699,Miami,Will Smith,,00:00:00,03:19.9,1997,
4700,Wild Wild West,Will Smith Featuring Dru Hill,,00:00:00,04:07.2,,
4701,Hold On,Wilson Phillips,Break Piece Spice Tracks,00:00:00,04:10.2,1990,
4702,Gone Till November,Wyclef Jean,,00:01.2,03:04.2,,
4703,Apparently Nothin',Young Disciples,,00:09.3,03:39.9,1991,
4704,7 Seconds,"Youssou N'Dour, Neneh Cherry",,00:26.5,04:50.6,,
4705,Sunshine On A Rainy Day,Zoe,,00:01.2,03:53.4,,
4706,Hip Hop Hooray,Naughty By Nature,,00:00:00,04:12.9,1992,
4707,Na Na Hey Hey Kiss Him Goodbye,Steam,,00:08.0,03:59.2,1969,Fade
4708,Nightswimming,REM,,00:09.3,04:04.9,,Fade
4709,I Need You,3T,,00:00:00,03:37.4,,
4710,Why,3T Featuring Michael Jackson,,00:00:00,04:10.6,,
4711,Be The First To Believe,A1,,00:00:00,03:19.1,1999,
4712,Adiemus,Adiemus,,00:00:00,03:49.7,,
4713,Making Love Out Of Nothing At All,Air Supply,,00:00:00,05:00.8,,
4714,Real Good Time,Alda,,00:00:00,03:41.5,,
4715,All True Man,Alexander O'Neal,,00:00:00,05:04.4,,
4716,Uh La La La,Alexia,,00:00:00,03:42.1,,
4717,The Incidentals,Alisha's Attic,,00:00:00,03:04.1,1998,
4718,Make It On My Own,Alison Limerick,,00:00:00,05:09.5,,
4719,Walk Like A Panther,All Seeing I feat Tony Christie,,00:00:00,04:18.9,,
4720,Canto Della Terra,Andrea Bocelli,,00:00:00,04:00.0,,
4721,The Prayer,Andrea Bocelli And Celine Dion,,00:00:00,04:28.0,,
4722,A Rose Is Still A Rose,Aretha Franklin,,00:00:00,03:44.0,,
4723,Sometimes,Ash,,00:00:00,04:07.9,,
4724,A Life Less Ordinary,Ash,,00:00:00,04:14.4,,
4725,Goldfinger,Ash,,00:00:00,04:31.7,,
4726,We've Got It Goin' On,Backstreet Boys,,00:00:00,03:40.5,1995,
4727,Bamboogie,Bamboo,,00:07.5,03:11.0,,
4728,Jump N' Shout,Basement Jaxx,,00:00:00,03:35.6,,
4729,Samba De Janeiro,Bellini,,00:00:00,02:49.1,1997,
4730,Holding On,Beverley Craven,,00:00:00,03:45.8,1990,
4731,She Wants You,Billie,,00:00:00,03:19.4,,
4732,Best Days,Blur,,00:00:00,04:49.1,,
4733,We've Got Tonight,Bob Seger And The Silver Bullet Band,,00:00:00,04:36.8,1981,
4734,Shake Your Bon,Bon,,00:00:00,03:10.5,,
4735,These Days,Bon Jovi,,00:00:00,04:31.3,1995,
4736,In The Still Of The Nite (I'll Remember),Boyz II Men,,00:00:00,02:49.0,1992,
4737,Isn't It A Wonder,Boyzone,,00:00:00,03:47.4,,
4738,You've Got A Friend,Brand New Heavies,,00:00:00,03:09.9,1997,
4739,Jump Jive & Wail,Brian Setzer Orchestra,,00:00:00,02:53.6,,
4740,Sometimes,Britney Spears,,00:00:00,03:52.0,1999,
4741,If You Love Me,Brownstone,,00:00:00,03:41.7,,
4742,Please Forgive Me,Bryan Adams,,00:00:00,05:54.2,,
4743,Livin' In The Light,Caron Wheeler,,00:00:00,04:34.2,,
4744,Walkaway,Cast,,00:00:00,03:33.7,1996,
4745,Flying,Cast,,00:00:00,03:54.7,,
4746,Youve Got a Lot to Answer for,Catatonia,,00:00:00,03:12.1,,
4747,Falling Into You,Celine Dion,,00:00:00,04:14.6,,
4748,It's All Coming Back To Me Now,Celine Dion,,00:00:00,07:36.0,1996,
4749,Would I Lie To You,Charles And Eddie,,00:00:00,03:37.3,1992,
4750,Love Can Build A Bridge,"Cher, Chrissie Hynde & Neneh Cherry With Eric Clap",,00:00:00,04:16.9,,
4751,My Father's Son,Conner Reeves,,00:00.2,04:01.8,,
4752,Earthbound,Conner Reeves,,00:00:00,04:02.5,,
4753,Distant Sun,Crowded House,,00:00:00,03:48.2,1993,
4754,You're All That Matters To Me,Curtis Stigers,,00:00:00,04:33.2,,
4755,I Wonder Why,Curtis Stigers,,00:00:00,04:25.6,,
4756,Diva,Dana International,,00:00:00,02:53.7,1998,
4757,I Just Want To Dance With You,Daniel O'Donnell,,00:00:00,02:49.1,,
4758,All I Wanna Do,Dannii Minogue,,00:00:00,04:28.1,1997,
4759,Carnival De Paris,Dario G,,00:00:00,03:55.2,1998,
4760,Groove Is In The Heart,Deee,,00:07.1,03:37.7,1990,
4761,When Love And Hate Collide,Def Leppard,,00:00:00,04:18.3,,
4762,Bug A Boo,Destiny's Child,,00:00:00,03:29.6,,
4763,When You Tell Me That You Love Me,Diana Ross,,00:00:00,04:10.3,,
4764,The Perfect Year,Dina Carroll,,00:00:00,03:46.0,,
4765,Don't Be A Stranger,Dina Carroll,,00:00:00,04:42.5,,
4766,Escaping,Dina Carroll,,00:00:00,04:35.1,,
4767,Everybody Knows (Except You),Divine Comedy,,00:00:00,03:48.9,,
4768,I Love You Always Forever,Donna Lewis,,00:00:00,03:56.8,,
4769,Doop,Doop,,00:05.4,03:22.7,1993,
4770,Thunder,East 17,,00:00:00,04:13.5,1995,
4771,Saturday,East 57th Street,,00:00:01,03:44.3,,
4772,As Time Goes By,Elizabeth Carling,,00:00:00,03:59.3,,
4773,Healing Hands,Elton John,,00:00:00,04:16.7,,
4774,Live Like Horses,Elton John,,00:00:00,05:02.8,,
4775,She,Elvis Costello,,00:00:00,02:57.8,1999,
4776,Bad Love,Eric Clapton,,00:00:00,05:04.4,1989,
4777,(Take A Little) Piece Of My Heart,Erma Franklin,,00:00:00,02:32.1,1992,
4778,I Am Blessed,Eternal,,00:00:00,04:22.6,1995,
4779,Oh Baby I...,Eternal,,00:00:00,04:33.1,,
4780,Someday,Eternal,,00:00:00,04:20.0,1996,
4781,I Saved The World Today,Eurythmics,,00:00:00,04:50.4,1999,
4782,If Ya Gettin' Down,Five,,00:00:00,02:56.5,,
4783,No Way,Freak Power,,00:00:00,03:59.1,,
4784,Forever Love,Gary Barlow,,00:00:00,04:34.8,,
4785,Secret Love,George Michael,,00:00:00,02:35.5,,
4786,The Strangest Thing,George Michael,,00:00:00,03:59.3,,
4787,Brother Can You Spare A Dime,George Michael,,00:00:00,04:20.2,2006,
4788,Star People,George Michael,,00:00:00,05:06.4,,
4789,Older,George Michael,,00:00:00,05:14.6,,
4790,You Have Been Loved,George Michael,,00:00:00,05:28.8,1997,
4791,Spinning The Wheel,George Michael,,00:00:00,05:57.0,,
4792,Jesus To A Child,George Michael,,00:00:00,06:48.0,1995,
4793,Lift Me Up,Geri Halliwell,,00:00:00,03:50.8,,
4794,Pony,Ginuwine,,00:00:00,05:04.3,,
4795,When I Come Around,Green Day,,00:00:00,02:57.3,1994,
4796,Live and Let Die,Guns ‘n’ Roses,,00:00:00,03:00.3,1991,
4797,Blue Light Red Light (Someone's There),Harry Connick Jnr,,00:00:00,03:27.3,,
4798,It Had To Be You,Harry Connick Jr,,00:00:00,02:39.6,,
4799,All I Wanna Do Is Make Love To You,Heart,,00:00:00,04:56.8,1990,
4800,Love Of A Lifetime,Honeyz,,00:00:00,03:32.8,,
4801,Step Into My World,Hurricane #1,,00:00:00,04:03.6,1997,
4802,Somewhere Over The Rainbow,Israel Kamakawiwo'ole,,00:00:00,03:23.3,,
4803,Laid,James,,00:00:00,02:36.0,,
4804,Grease Megamix,John Travolta And Olivia Newton,,00:00:00,04:49.6,,
4805,Saltwater,Julian Lennon,,00:00:00,04:07.1,1991,
4806,You're OK,KD Lang,,00:00:00,03:05.0,,
4807,Swing Low Sweet Chariot,Ladysmith Black Mambazo Featuring China Black,,00:00:00,03:49.3,1995,
4808,Goodbye Heartbreak,Lighthouse Family,,00:00:00,04:03.9,,
4809,Loving Every Minute,Lighthouse Family,,00:00:00,04:06.9,1996,
4810,Sugar Coated Iceberg,Lightning Seeds,,00:00:00,03:51.7,1997,
4811,My Destiny,Lionel Richie,,00:00:00,04:48.3,,
4812,Someday (I'm Coming Back),Lisa Stansfield,,00:00:00,04:27.5,,
4813,Change,Lisa Stansfield,,00:00:00,04:14.8,,
4814,All Woman,Lisa Stansfield,,00:00:00,04:46.8,,
4815,Light Of My Life,Louise,,00:00:00,04:15.7,,
4816,Someone Loves You Honey,Lutricia McNeal,,00:00:00,02:50.3,1998,
4817,Angel Street,M People,,00:00:00,04:14.0,,
4818,Lovestruck,Madness,,00:00:00,03:52.6,1999,
4819,You'll See,Madonna,,00:00:00,04:18.3,1995,
4820,Australia,Manic Street Preachers,,00:00:00,03:52.9,1996,
4821,The Everlasting,Manic Street Preachers,,00:00:00,06:09.4,1998,
4822,Without You,Mariah Carey,,00:00:00,02:51.8,1994,
4823,My All,Mariah Carey,,00:00:00,03:31.3,,
4824,Vision Of Love,Mariah Carey,,00:00:00,03:29.2,1990,
4825,Anytime You Need A Friend,Mariah Carey,,00:00:00,04:14.1,,
4826,One Sweet Day,Mariah Carey And Boyz II Men,,00:00:00,04:39.2,,
4827,No More Drama,Mary J Blige,,00:00:00,05:26.6,2001,
4828,Close To You,Maxi Priest,,00:00:00,05:29.6,1990,
4829,Addam's Groove,MC Hammer,,00:00:00,03:53.4,,
4830,Rock And Roll Dreams Come Through,Meat Loaf,,00:00:00,05:49.0,,
4831,All 'Bout Money,Meja,,00:03.5,02:45.8,1998,
4832,Can I Touch You... There,Michael Bolton,,00:00:00,05:15.9,,
4833,Remember The Time,Michael Jackson,,00:00:00,03:57.0,1991,
4834,Will You Be There,Michael Jackson,,00:00:00,03:40.4,1993,
4835,Stranger in Moscow,Michael Jackson,,00:00:00,04:03.6,1996,
4836,Give In To Me,Michael Jackson,,00:00:00,05:29.4,,
4837,Scream,Michael Jackson And Janet Jackson,,00:00:00,04:03.0,1995,
4838,Cold Cold Heart,Midge Ure,,00:00:00,04:05.4,1991,
4839,All I Need Is A Miracle,Mike And The Mechanics,,00:00:00,03:45.8,,
4840,Wonderwall,Mike Flowers Pops,,00:00.5,02:36.9,1995,
4841,Always Look On The Bright Side Of Life,Monty Python,,00:00:00,03:31.4,1979,
4842,Wishing I Was There,Natalie Imbruglia,,00:00:00,04:26.5,,
4843,Mo Money Mo Problems,Notorious BIG,,00:00:00,04:16.2,,
4844,D'You Know What I Mean,Oasis,,00:00:00,07:22.5,,
4845,Why Dont You Get a Job,Offspring,,00:00:00,02:48.0,,
4846,Walking On The Milky Way,Orchestral Manoeuvres In The Dark,,00:00:00,04:03.0,1996,
4847,I'm Doing Fine Now,Pasadenas,,00:00:00,03:31.9,1991,
4848,Rush Rush,Paula Abdul,,00:00:00,04:54.4,,
4849,Marooned,Pink Floyd,,00:05.9,05:10.4,2020,
4850,The Show Must Go On,Queen,,00:00:00,03:57.4,1991,
4851,Too Much Love Will Kill You,Queen,,00:00:00,03:54.2,,
4852,Headlong,Queen,,00:00:00,04:36.9,,
4853,Heaven For Everyone,Queen,,00:00:00,04:40.2,,
4854,I’m the Urban Spaceman,The Bonzo Dog Doo-Dah Band,,00:10.0,02:19.8,2019,
4855,Love Rollercoaster,Red Hot Chilli Peppers,,00:00:00,04:35.4,,
4856,A Whole New World,Regina Belle And Peabo Bryson,,00:00:00,04:03.9,1992,
4857,Drop Dead Gorgeous,Republica,,00:02.3,03:28.3,1997,
4858,Now And Forever,Richard Marx,,00:00:00,03:14.7,,
4859,Hazard,Richard Marx,,00:00:00,04:36.9,,
4860,Maria,Ricky Martin,,00:00:00,03:59.8,1996,
4861,South of the Border,Robbie Williams,,00:00:00,03:47.7,,
4862,Fable,Robert Miles,,00:00:00,05:58.5,,
4863,One And One,Robert Miles Featuring Maria Nayler,,00:00:00,03:49.0,1996,
4864,I'll Be Your Baby Tonight,Robert Palmer And UB40,,00:00:00,03:23.6,1990,
4865,Have I Told You Lately,Rod Stewart,,00:00:00,03:53.4,,
4866,Two In A Million,S Club 7,,00:00:00,03:28.5,1999,
4867,Shoop,Salt & Pepa,,00:00:00,04:04.8,,
4868,Adia,Sarah McLachlan,,00:00:00,04:02.7,,
4869,Scatman,Scatman John,,00:00:00,03:33.5,,
4870,Wind Of Change,Scorpians,,00:00:00,05:09.6,,
4871,Fly Like An Eagle,Seal,,00:00:00,03:55.5,1996,
4872,In The Summertime,Shaggy Featuring Rayvon,,00:00:00,03:38.9,1995,
4873,Lullaby,Shawn Mullins,,00:00:00,04:32.0,1998,
4874,Tomorrow Never Dies,Sheryl Crow,,00:00:00,04:22.8,1997,
4875,Thrill Me,Simply Red,,00:00:00,05:02.8,,
4876,Nice Guy Eddie,Sleeper,,00:00:00,03:05.9,,
4877,Statuesque,Sleeper,,00:00:00,03:20.5,1996,
4878,What Do I Do Know,Sleeper,,00:00:00,03:36.7,,
4879,She's A Good Girl,Sleeper,,00:00:00,03:46.8,,
4880,"5, 6, 7, 8",Steps,,00:00:00,03:24.1,1997,
4881,Heartbeat,Steps,,00:00:00,04:21.5,,
4882,Traffic,Stereophonic,,00:00:00,04:15.3,,
4883,Because I Love You (The Postman Song),Stevie B,,00:00:00,05:01.0,,
4884,Let Your Soul Be Your Pilot,Sting,,00:00:00,04:40.6,,
4885,When We Dance,Sting,,00:00:00,05:29.6,1994,
4886,She Bangs The Drums,Stone Roses,,00:00:00,03:45.3,1989,
4887,Made of Stone,Stone Roses,,00:00:00,04:15.4,1989,
4888,Pop Singers Fear of The Pollen Count,The Divine Comedy,,00:00:00,03:52.0,,
4889,Here's Where the Story Ends,Tin Tin Out & Shelly Nelson,,00:00:00,03:49.7,,
4890,Whistle Down The Wind,Tina Arena,,00:00:00,03:52.8,1998,
4891,I Want You Near Me,TINA TURNER,,00:00:00,03:52.2,,
4892,Unpretty,TLC,,00:00:00,04:39.2,,
4893,Nobody Knows,Tony Rich Project,,00:00:00,02:53.4,,
4894,If God Will Send His Angels,U2,,00:00:00,04:35.7,,
4895,Cats In The Cradle,Ugly Kid Joe,,00:00:00,03:56.0,,
4896,Rescue Me,Ultra,,00:00:00,03:45.8,,
4897,Found A Cure,Ultra Nate,,00:00:00,02:33.2,,
4898,Sunshine,Umboza,,00:00:00,03:49.0,1996,
4899,Girl You'll Be a Woman Soon,Urge Overkill,,00:00:00,03:09.2,,
4900,Save The Best For Last,Vanessa Williams,,00:00:00,03:39.0,1991,
4901,Perfect Day,Various Artists,,00:00:00,03:44.7,,
4902,We're Going To Ibiza,Vengaboys,,00:00:00,03:39.7,1999,
4903,The Eve Of The War,War Of The Worlds,,00:00:00,04:42.3,1999,
4904,Come In Out Of The Rain,Wendy Moten,,00:00:00,04:14.9,,
4905,Run To You,Whitney Houston,,00:00:00,04:20.7,1993,
4906,I'm Every Woman,Whitney Houston,,00:00:00,04:45.9,1993,
4907,What Is Love All About,World Party,,00:00:00,04:03.9,,
4908,Is It Like Today,World Party,,00:00:00,05:12.9,1993,
4909,Just Like Jesse James,Cher,,00:14.2,03:57.8,1989,
4910,Black Magic Woman,Fleetwood Mac,,00:06.2,02:47.8,2019,Fade
4911,Early Morning,Barclay James Harvest,,00:25.3,02:27.9,2019,
4950,15 Minutes,Yeah You's,,00:00:00,03:23.6,,
4951,All About Us,Tatu,,00:00:00,02:56.5,,
4952,All Summer Long,Kid Rock,,00:00:00,04:50.2,,
4953,All This Time,Michelle,,00:00:00,04:16.8,1994,
4954,Amazed,Lonestar,,00:00:00,03:49.4,1999,
4955,American Boy,Estelle Featuring Kanye West,,00:00:00,03:47.3,,
4956,An Easier Affair,George Michael,,00:00:00,04:03.6,,
4957,Angel,Shaggy Featuring Rayvon,,00:00:00,03:53.0,2001,
4958,Any One Of Us (Stupid Mistake),Gareth Gates,,00:00:00,03:43.5,,
4959,Anything Is Possible,Will Young,,00:00:00,03:33.6,2002,
4960,Be The One,Ting Tings,,00:00:00,02:46.2,2008,
4961,Big Yellow Taxi,Counting Crows Featuring Vanes,,00:00:00,03:45.3,,
4962,Black Suits Comin' (Nod Ya Hea,Will Smith,,00:00:00,03:24.7,,
4963,Boys,Britney Spears Featuring P Wil,,00:00:00,03:26.3,,
4964,Breathe In,Lucie Silvas,,00:00:00,03:43.0,2004,
4965,Chasing Pirates,Norah Jones,,00:00:00,02:35.8,,
4966,Come What May,Nicole Kidman And Ewan Mcgrego,,00:00:00,04:42.2,,
4967,Confusion Girl (Shame Shame Sh,Frankmusik,,00:00:00,02:53.7,,
4968,Daydreamin',Lupe Fiasco Featuring Jill Sco,,00:00:00,03:46.0,,
4969,Diamonds Are A Girls Best Frie,Nicole Kidman,,00:00:00,02:31.4,,
4970,Evergreen,Will Young,,00:00:00,04:00.5,,
4971,Flawless (Go To The City),George Michael,,00:00:00,04:34.9,2004,
4972,Gimme More,Britney Spears,,00:00:00,03:51.1,,
4973,Home And Dry,Pet Shop Boys,,00:00:00,03:44.0,,
4974,I Believe In You,Kylie Minogue,,00:00:00,03:04.0,2004,
4975,I Can Sing A Rainbow,Delta Goodrem,,00:00:00,00:56.8,,
4976,I Dreamed a Dream,Susan Boyle,,00:00:00,02:32.8,,
4977,I Know What You Want,Busta Rhymes And Mariah Carey,,00:00:00,04:41.4,,
4978,I Wanna Love You Forever,Jessica Simpson,,00:00:00,03:50.9,,
4979,"Irish Blood, English Heart",Morrissey,,00:00:00,02:29.5,,
4980,Lady Marmalade,"Christina Aguilera, Lil' Kim,",,00:00:00,04:18.9,2001,
4981,Land Of A Thousand Words,Scissor Sisters,,00:00:00,03:46.1,2006,
4982,Last Goodbye,Atomic Kitten,,00:00:00,03:05.4,2002,
4983,Love,Pet Shop Boys,,00:00:00,03:22.6,,
4984,Lovegame,Lady Gaga,,00:00:00,03:30.4,2009,
4985,Maria Maria,Santana Feat The Product G&B,,00:00:00,04:11.8,,
4986,Mistress Mable,Fratellis,,00:00:00,03:35.8,,
4987,My Prerogative,Britney Spears,,00:00:00,03:30.1,,
4988,New York,Paloma Faith,,00:00:00,03:32.1,2009,
4989,Nine In The Afternoon,Panic at The Disco,,00:00:00,03:05.5,2008,
4990,One More Chance,Michael Jackson,,00:00:00,03:39.3,,
4991,Paparazzi,Lady Gaga,,00:00:00,03:21.0,2009,
4992,Real Things,Javine,,00:00:00,03:20.7,,
4993,Release Me,Agnes,,00:00:00,03:01.7,,
4994,Ride It,Geri Halliwell,,00:00:00,03:41.0,,
4995,S.O.S,Jonas Brothers,,00:00:00,02:25.8,2008,
4996,Scandalous,Mis-teeq,,00:00:00,03:46.9,,
4997,Shark In The Water,V.V Brown,,00:00:00,02:59.5,,
4998,She Bangs,Ricky Martin,,00:00:00,03:46.6,2000,
4999,Something To Talk About,Badly Drawn Boy,,00:00:00,03:31.1,2002,
5000,Ghetto Gospel,2Pac Feat. Elton John,,00:04.1,03:46.1,,
5001,So Confused,2Play Feat. Raghav & Jucxi,,00:00:00,03:12.4,,
5002,Baby Cakes,3 Of A Kind,,00:00.1,02:28.8,2003,
5003,In Da Club,50 Cent,,00:01.4,03:35.9,2002,Fade
5004,21 Questions,50 Cent Feat. Nate Dogg,,00:02.8,03:36.4,,
5005,Jai Ho,A.R Rahman Featuring The Pussycat Dolls,,00:06.3,03:37.6,,End
5006,More Than A Woman,Aaliyah,,00:22.1,03:04.5,2001,
5007,Rock The Boat,Aaliyah,,00:00:00,04:35.9,2001,
5008,Try Again,Aaliyah,,00:00.4,04:35.0,2000,
5009,Chasing Pavements,Adele,,00:05.7,03:26.8,2008,End
5010,Cold Shoulder,Adele,,00:17.1,03:06.6,,
5011,Make You Feel My Love,Adele,,00:23.5,03:24.4,2008,
5012,Jaded,Aerosmith,,00:19.9,03:28.6,,
5013,Because I Got High,Afroman,,00:00:00,03:18.7,,
5014,Lonely,Akon,,00:00:00,03:36.1,2004,
5015,Belly Dancer,Akon,,00:09.3,03:12.3,2003,
5016,Locked Up,Akon,,00:21.4,03:50.7,2003,
5017,Smack That,Akon Feat. Eminem,,00:00:00,02:44.8,2006,
5018,Breathe Slow,Alesha Dixon,,00:15.7,03:26.7,2006,
5019,Lets Get Excited,Alesha Dixon,,00:01.3,03:07.3,2009,
5020,The Boy Does Nothing,Alesha Dixon,,00:00.2,03:21.9,,
5021,Shake It,Alex Cartana Feat Lee Cabrera,,00:06.9,03:25.1,,
5022,Will I Ever,Alice Deejay,,00:00:00,03:15.9,,
5023,Fallin',Alicia Keys,,00:00.3,03:25.4,2001,
5024,If I Aint Got You,Alicia Keys,,00:07.2,03:41.4,,
5025,No One,Alicia Keys,,00:11.8,04:04.7,2007,
5026,You Dont Know My Name,Alicia Keys,,00:01.4,05:31.1,,
5027,Smooth Criminal,Alien Ant Farm,,00:00.9,03:24.3,2001,
5028,Dirty Little Secret,All American Rejects,,00:15.6,03:11.5,,
5029,Gives You Hell,All American Rejects,,00:13.9,03:26.7,,
5030,Swing Swing,All American Rejects,,00:00:00,03:51.2,,
5031,Black Coffee,All Saints,,00:00:00,04:45.6,2000,
5032,Pure Shores,All Saints,,00:19.3,04:13.8,2000,
5033,Rock Steady,All Saints,,00:00:00,02:48.0,,
5034,"10,000 Nights",Alphabeat,,00:03.1,04:21.7,,
5035,Fascination,Alphabeat,,00:04.8,02:58.0,,
5036,1 Thing,Amerie,,00:19.0,03:47.2,2005,
5037,Gotta Work,Amerie,,00:09.6,03:07.8,2007,
5038,Mr. Rock & Roll,Amy MacDonald,,00:26.0,03:29.8,2007,
5039,This is the Life,Amy MacDonald,,00:00:00,03:06.0,2007,
5040,Just A Little Girl,Amy Studt,,00:00:00,03:40.2,,
5041,Back To Black,Amy Winehouse,,00:00:00,03:59.9,2006,
5042,Rehab,Amy Winehouse,,00:00.3,03:30.2,2006,
5043,Tears Dry On Their Own,Amy Winehouse,,00:00.5,03:02.4,2007,
5044,You Know I'm No Good,Amy Winehouse,,00:00:00,03:36.8,2006,
5045,I'm Outta Love,Anastacia,,00:15.9,03:54.4,1999,
5046,Left Outside Alone,Anastacia,,00:02.6,03:38.9,,
5047,Not That Kind,Anastacia,,00:00:00,03:20.2,,
5048,One Day In Your Life,Anastacia,,00:00:00,03:26.4,2002,
5049,Love Me Right (Oh Sheila),Angel City Feat. Lara McAllen,,00:14.7,03:08.2,,
5050,It's My Turn,Angelic,,00:00.9,03:01.1,,
5051,Strange And Beautiful,Aqualung,,00:19.8,03:39.6,,
5052,Body Groove,Architechs Feat. Nana,,00:03.0,05:11.9,2000,
5053,Movin' Too Fast,Artful Dodger & Romina Johnson,,00:30.5,03:50.8,,
5054,Think About Me,Artful Dodger Feat. Michelle Escoffery,,00:00:00,03:47.0,2001,
5055,Foolish,Ashanti,,00:11.6,03:23.1,2002,
5056,Only U,Ashanti,,00:10.1,03:01.7,2004,
5057,Rock Wit U (Awww Baby),Ashanti,,00:00:00,03:31.4,2003,
5058,Eternal Flame,Atomic Kitten,,00:00:00,03:11.1,,
5059,If You Come To Me,Atomic Kitten,,00:00:00,03:44.9,2003,
5060,RIGHT NOW,Atomic Kitten,,00:00:00,03:25.2,,
5061,The Tide Is High,Atomic Kitten,,00:00:00,03:24.0,2002,
5062,Whole Again,Atomic Kitten,,00:00:00,03:01.2,2001,End
5063,Monster,Automatic,,00:13.6,03:36.6,2006,
5064,Frontier Psychiatrists,Avalanches,,00:04.1,04:48.1,2000,
5065,Since I Left You,Avalanches,,00:34.0,04:05.0,,
5066,Complicated,Avril Lavigne,,00:04.6,03:59.0,2002,
5067,Girlfriend,Avril Lavigne,,00:00:00,03:33.6,2007,
5068,My Happy Ending lib 00s,Avril Lavigne,,00:00:00,04:01.2,2004,
5069,Skater Boy,Avril Lavigne,,00:13.7,03:21.8,,
5070,When You're Gone,Avril Lavigne,,00:00:00,04:00.9,,
5071,I Found U,Axwell Feat. Max'c,,00:15.8,02:46.9,,
5072,Dooms Night,Azzido Da Bass,,00:29.5,03:37.2,,
5073,Girls Like Us,B15 Project Feat. Crissy D. & Lady G.,,00:06.3,02:58.2,,
5074,Shape Of My Heart,Backstreet Boys,,00:00:00,03:49.5,2000,
5075,Show Me The Meaning Of Being Lonely,Backstreet Boys,,00:00:00,03:55.3,,
5076,Who Let The Dogs Out,Baha Men,,00:00:00,03:17.0,2000,
5077,Bingo Bango,Basement Jaxx,,00:14.8,03:37.2,,
5078,Good Luck,Basement Jaxx,,00:00:00,03:30.0,2003,
5079,Hush Boy,Basement Jaxx,,00:00:00,03:40.1,,
5080,Plug It In,Basement Jaxx,,00:00:00,03:16.3,,
5081,Romeo,Basement Jaxx,,00:11.3,03:22.0,,
5082,Where's Your Head At,Basement Jaxx,,00:00.1,04:40.8,,
5083,Somebody's Watching Me,BeatFreakz,,00:09.6,02:40.7,,
5084,Dude,Beenie Man Feat. Ms Thing,,00:05.2,03:29.9,,
5085,Come As You Are,Beverley Knight,,00:00:00,03:44.5,,
5086,Greatest Day,Beverley Knight,,00:13.6,04:25.8,1999,
5087,Shoulda Woulda Coulda,Beverley Knight,,00:13.8,03:27.2,,
5088,Keep This Fire Burning,Beverley Knight,,00:00:00,03:55.9,2005,
5089,Crazy In Love,Beyonce Feat Jay Z,,00:01.5,04:01.7,,
5090,Deja Vu,Beyoncé,,00:00.5,03:21.8,,
5091,Halo,Beyonce,,00:13.5,04:07.0,,End
5092,If I Were A Boy,Beyonce,,00:01.2,04:05.8,,
5093,Irreplaceable,Beyoncé,,00:00:00,03:47.8,,
5094,Naughty Girl,Beyonce,,00:00:00,03:21.5,,
5095,Single Ladies (Put A Ring On It),Beyonce,,00:01.5,03:09.3,,
5096,Beautiful Liar,Beyonce & Shakira,,00:00:00,03:26.8,,
5097,Standing In The Way Of Control,Gossip,,00:00:00,03:19.9,,
5098,Husan,Bhangra Knights,,00:00:00,02:43.0,,
5099,Favourite Things,Big Brovaz,,00:01.1,03:31.9,2003,
5100,Nu Flow,Big Brovaz,,00:00:00,03:18.7,,
5101,Day And Night,Billie Piper,,00:00:00,03:16.4,,
5102,Don't Lie,Black Eyed Peas,,00:10.8,03:38.5,2005,
5103,Don't Phunk With My Heart,Black Eyed Peas,,00:00:00,04:03.7,,
5104,Hey Mama,Black Eyed Peas,,00:11.1,03:44.4,2004,End
5105,Let's Get It Started,Black Eyed Peas,,00:00:00,03:38.4,2004,
5106,My Humps,Black Eyed Peas,,00:08.5,03:35.7,,
5107,Pump It,Black Eyed Peas,,00:00:00,03:33.2,2005,
5108,Shut Up,Black Eyed Peas,,00:02.0,03:37.9,,
5109,Where Is The Love,Black Eyed Peas,,00:10.1,03:43.8,2003,
5110,Mas Que Nada,Black Eyed Peas Feat. Sergio Mendes,,00:00:00,03:34.0,,
5111,You See The Trouble With Me,Black Legend,,00:12.0,04:50.6,2000,
5112,The Bad Touch,Bloodhound Gang,,00:15.8,03:32.2,,
5113,Breathe,Blu Cantrell Featuring Sean Paul,,00:00.3,03:45.3,2003,
5114,All Rise,Blue,,00:00:00,03:43.2,2001,
5115,Fly By II,Blue,,00:00:00,03:49.6,2002,
5116,Guilty,Blue,,00:00:00,03:42.5,,
5117,If You Come Back,Blue,,00:00:00,03:13.4,,
5118,One Love,Blue,,00:03.0,03:21.8,2002,
5119,U Make Me Wanna,Blue,,00:00:00,03:40.8,,
5120,Rock This Party (Everybody Dance Now),Bob Sinclar,,00:00:00,03:17.7,,
5121,Freestyler,Bomfunk MC's,,00:02.5,02:45.2,,
5122,It's My Life,Bon Jovi,,00:07.8,03:42.2,2000,
5123,Say it isn't So,Bon Jovi,,00:00:00,03:33.2,,
5124,Don't Mess With My Man,Booty Luv,,00:00.9,02:46.1,,
5125,Shine,Booty Luv,,00:08.3,03:18.2,,
5126,Never Enough,Boris D'Lugosch Feat. Roisin,,00:00:00,03:52.7,,
5127,1985,Bowling For Soup,,00:00:00,03:15.8,,
5128,Girl All The Bad Guys Want,Bowling For Soup,,00:11.3,03:15.0,2002,
5129,Every Day I Love You,Boyzone,,00:11.1,03:21.8,,
5130,Full Moon,Brandy,,00:18.1,03:37.7,,
5131,What About Us,Brandy,,00:04.4,04:08.3,,
5132,Honest Mistake (Clean),Bravery,,00:00:41,03:35.4,,
5133,Born To Make You Happy,Britney Spears,,00:00:00,03:36.3,,
5134,Circus,Britney Spears,,00:07.5,03:06.1,,
5135,Don't Let Me Be The Last To Know,Britney Spears,,00:00:00,03:50.7,,
5136,Everytime,Britney Spears,,00:00:00,03:51.9,2003,
5137,I Love Rock N Roll,Britney Spears,,00:00:00,03:01.8,,
5138,If You Seek Amy,Britney Spears,,00:07.2,03:30.6,,
5139,I'm A Slave 4 U,Britney Spears,,00:00:00,03:24.2,,
5140,"I'm Not A Girl, Not Yet A Woman",Britney Spears,,00:00:00,03:50.1,,
5141,Lucky,Britney Spears,,00:00:00,03:24.4,2000,
5142,Oops!...I Did It Again,Britney Spears,,00:00:00,03:32.4,,
5143,Overprotected,Britney Spears,,00:00:00,03:19.2,,
5144,Stronger,Britney Spears,,00:00:00,03:23.7,,
5145,Toxic,Britney Spears,,00:13.8,03:17.6,2004,
5146,Womanizer,Britney Spears,,00:00:00,03:44.9,2008,
5147,Air Hostess,Busted,,00:00:00,03:25.1,2004,
5148,Crashed The Wedding,Busted,,00:00:00,02:38.5,2003,
5149,Sleeping With The Light On,Busted,,00:00:00,03:18.0,,
5150,What I Go To School For,Busted,,00:00:00,03:29.8,2002,
5151,Who's David,Busted,,00:00:00,03:29.2,,
5152,Year 3000,Busted,,00:17.7,03:15.4,,
5153,Wherever You Will Go,The Calling,,00:08.6,03:20.8,,
5154,I'm Not Alone,Calvin Harris,,00:00.2,03:23.6,2009,
5155,The Girls,Calvin Harris,,00:00:00,03:53.7,2007,
5156,Dance With Me,Calvin Harris & Dizzie Rascal,,00:16.3,03:21.7,,
5157,Hey Ma,Cam'ron,,00:05.1,03:42.1,,
5158,Evacuate The Dancefloor,Cascada,,00:07.3,03:24.3,,
5159,Hero,Chad Kroeger Feat. Josey Scott,,00:00:00,03:18.5,,
5160,Ridin`,Chamillionaire Feat. Krayzie Bone,,00:00.3,03:38.9,,
5161,Call My Name,Charlotte Church,,00:00:00,02:56.7,,
5162,Crazy Chick,Charlotte Church,,00:14.3,03:00.9,,
5163,Galvanize,Chemical Brothers,,00:16.1,04:26.3,2005,
5164,Star Guitar,Chemical Brothers,,00:00:00,04:00.5,,
5165,Fight For This Love,Cheryl Cole,,00:07.5,03:36.7,,
5166,Parachute,Cheryl Cole,,00:00:00,03:37.5,,
5167,Don't Give Up,Chicane Feat. Bryan Adams,,00:00.2,03:34.4,2000,
5168,I Wanna Be U,Chocolate Puma,,00:14.2,03:21.5,2001,
5169,Forever,Chris Brown,,00:00:00,04:38.4,2008,
5170,With You,Chris Brown,,00:01.3,04:09.4,2007,
5171,Ain`t No Other Man,Christina Aguilera,,00:07.9,03:42.8,,
5172,Beautiful,Christina Aguilera,,00:05.4,03:53.7,2002,
5173,Candyman,Christina Aguilera,,00:00.2,03:11.4,,
5174,Fighter,Christina Aguilera,,00:10.5,04:04.1,,
5175,The Voice Within,Christina Aguilera,,00:07.1,04:17.1,,
5176,Dirrty,"Christina Aguilera, Redman",,00:00:00,04:44.0,2002,
5177,AM To PM,Christina Milian,,00:00:00,03:52.0,,
5178,Dip It Low,Christina Milian,,00:04.6,03:13.1,,
5179,Goodies,Ciara,,00:00.8,03:42.0,,
5180,1 2 Step,Ciara Feat. Missy Elliot,,00:00.1,03:10.5,,
5181,What Would You Do,City High,,00:00:00,02:54.6,,
5182,Don't Panic,Coldplay,,00:07.3,02:11.9,2001,
5183,Fix You,Coldplay,,00:00.7,04:25.3,,
5184,Trouble,Coldplay,,00:00:00,04:29.8,,
5185,Put Your Records On,Corinne Bailey Rae,,00:07.1,03:27.9,,
5186,Trouble Sleeping,Corinne Bailey Rae,,00:05.7,03:18.5,2006,
5187,Breathless,Corrs,,00:00:00,03:23.6,2000,
5188,7 Days,Craig David,,00:23.8,03:43.9,2000,
5189,Fill Me In,Craig David,,00:06.7,03:43.6,2000,
5190,Rendezvous,Craig David,,00:00:00,03:46.7,2001,
5191,Walking Away,Craig David,,00:21.9,03:11.4,2000,
5192,Rise And Fall,Craig David Featuring Sting,,00:00:00,03:56.1,,
5193,Butterfly,Crazy Town,,00:08.6,03:26.7,,
5194,With Arms Wide Open,Creed,,00:00:00,03:40.1,,
5195,Purple Hills,D12,,00:03.0,04:14.1,,
5196,Gasolina,Daddy Yankee,,00:01.7,03:11.5,2005,
5197,Aerodynamic,Daft Punk,,00:00:00,03:27.8,2001,
5198,Robot Rock,Daft Punk,,00:00:00,03:03.2,2005,
5199,Technologic,Daft Punk,,00:00.1,02:45.7,2005,
5200,Still Be Lovin' You,Damage,,00:00:00,03:49.9,,
5201,Cannonball,Damien Rice,,00:26.4,05:04.0,,
5202,Gotta Get Thru This,Daniel Bedingfield,,00:13.7,02:37.4,2002,
5203,I Can't Read You,Daniel Bedingfield,,00:00:00,04:05.0,,
5204,If You're Not The One,Daniel Bedingfield,,00:00:00,03:41.1,,
5205,James Dean (I Wanna Know),Daniel Bedingfield,,00:00:00,03:26.6,2002,
5206,Red,Daniel Merriweather,,00:00:00,03:52.8,2009,
5207,Change,Daniel Merrywether,,00:09.6,03:18.3,,
5208,Bad Day,Daniel Powter,,00:07.5,03:42.8,2005,
5209,Don't Wanna Lose This Feeling,Dannii Minogue,,00:00:00,03:35.9,,
5210,Put The Needle On It,Dannii Minogue,,00:00:00,03:22.0,,
5211,You Won't Forget About Me,Dannii Minogue Vs. Flower Power,,00:00:00,03:43.9,,
5212,Colourblind,Darius,,00:17.0,03:26.6,2002,Fade
5213,I Believe In A Thing Called Love,Darkness,,00:15.3,03:32.4,,
5214,Babylon,David Gray,,00:17.1,03:25.4,1999,
5215,Please Forgive Me,David Gray,,00:00:00,03:26.2,1999,
5216,The One I Love,David Gray,,00:00.1,03:20.9,,
5217,This Years Love,David Gray,,00:18.1,03:55.9,,
5218,Sail Away,David Gray,,00:16.6,03:34.3,,
5219,Love Is Gone,David Guetta,,00:00:00,03:21.3,,
5220,When Love Takes Over,David Guetta Feat. Kelly Rowlands,,00:07.5,03:22.6,,
5221,Sun Goes Down,David Jordan,,00:00.5,03:15.4,,
5222,Point Of View,DB Boulevard,,00:22.6,03:44.8,2001,
5223,Flashdance,Deep Dish,,00:00:00,03:15.4,,
5224,Say Hello [Radio Edit],Deep Dish,,00:16.9,03:01.7,,
5225,Silence,Delerium,,00:00:00,03:48.9,,
5226,Born To Try,Delta Goodrem,,00:00:00,04:11.0,,
5227,Innocent Eyes,Delta Goodrem,,00:00.3,03:44.0,,
5228,Lost Without You,Delta Goodrem,,00:12.6,03:58.5,,
5229,La La Land,Demi Lovato,,00:02.7,03:08.1,2009,
5230,Bootylicious,Destiny's Child,,00:09.1,03:25.3,,
5231,Independent Women Part 1,Destiny's Child,,00:00:00,03:39.9,,
5232,Lose My Breath,Destiny's Child,,00:00.3,03:28.6,2004,
5233,Survivor,Destiny's Child,,00:00:00,04:00.7,2001,
5234,All I Want,Dido,,00:00.1,03:49.1,2001,Sust
5235,Here With Me,Dido,,00:12.1,04:02.3,2001,
5236,Hunter,Dido,,00:00.4,03:50.9,,
5237,Thank You,Dido,,00:35.7,03:29.6,,
5238,White Flag,Dido,,00:22.3,03:44.2,2003,
5239,When The World Is Running Down (You Can't Go Wrong,Different Gear Vs The Police,,00:00:00,03:24.1,,
5240,Bang Bang You're Dead,Dirty Pretty Things,,00:31.3,03:28.4,,
5241,Perfect Lovesong 1,Divine Comedy,,00:00:00,03:12.3,,
5242,Dirtee Cash,Dizzee Rascal,,00:00.2,03:11.6,2009,
5243,Fix Up Look Sharp (Clean),Dizzee Rascal,,00:00.2,03:08.8,,
5244,Holiday,Dizzee Rascal,,00:00:00,03:38.4,2009,
5245,Cha Cha Slide,DJ Casper,,00:02.2,03:37.6,,
5246,A Little Bit Of Luck,DJ Luck & MC Neat,,00:00.5,03:37.2,,
5247,Masterblaster 2000,DJ Luck & MC Neat,,00:00:00,03:31.8,2000,
5248,Hey Baby,DJ Ötzi,,00:01.8,03:31.4,,
5249,Do You Really Like It,DJ Pied Piper & The Masters Of Ceremonies,,00:02.3,03:18.2,2000,
5250,Heaven,DJ Sammy & Yanou,,00:01.0,03:34.1,,
5251,Catch The Sun,Doves,,00:00:00,04:46.4,,
5252,Pounding,Doves,,00:22.2,03:55.5,,
5253,The Man Who Told Everything,Doves,,00:00:00,05:43.4,,
5254,There Goes The Fear,Doves,,00:05.0,04:46.2,,
5255,The Next Episode,Dr. Dre,,00:10.0,02:36.0,1999,
5256,Mercy,Duffy,,00:07.1,03:33.4,2007,
5257,Rain On Your Parade,Duffy,,00:00:00,03:25.9,,
5258,Stepping Stone,Duffy,,00:00:00,03:28.0,,
5259,Warwick Avenue,Duffy,,00:10.0,03:39.9,,
5260,I Don't Want You Back,Eamon,,00:00:00,03:46.5,,
5261,Smokers Outside The Hospital Doors,Editors,,00:07.6,04:47.6,2007,
5262,Danger High Voltage,Electric Six,,00:11.7,03:26.9,2002,
5263,Gay Bar,Electric Six,,00:00:00,02:20.5,,
5264,I Want Love,Elton John,,00:19.8,04:25.0,2001,
5265,This Train Dont Stop Here,Elton John,,00:18.5,04:28.4,,
5266,A Little Less Conversation,Elvis Vs JXL,,00:24.9,03:29.7,,
5267,Gravity,Embrace,,00:00:00,04:33.1,2004,
5268,Wonder,Embrace,,00:00:00,02:34.1,,
5269,The Real Slim Shady,Eminem,,00:03.0,04:37.0,2000,
5270,Without Me,Eminem,,00:00.6,04:15.7,,
5271,Forgot About Dre,Eminem & Dr Dre,,00:14.1,03:41.8,2000,
5272,Maybe,Emma Bunton,,00:00:00,03:40.0,,
5273,What Took You So Long,Emma Bunton,,00:16.5,03:40.5,,
5274,Do You Know (The Ping Pong Song),Enrique Iglesias,,00:07.5,03:35.2,2007,
5275,Escape,Enrique Iglesias,,00:11.3,03:25.6,,
5276,Hero,Enrique Iglesias,,00:03.6,04:05.0,2001,
5277,Love To See You Cry,Enrique Iglesias,,00:00:00,04:05.3,,
5278,Not In Love,Enrique Iglesias Feat. Kelis,,00:00.8,03:34.6,,
5279,1980,Estelle,,00:11.8,03:38.4,,
5280,Stay the Night,Ghosts,,00:00:00,03:38.3,,
5281,Bring Me To Life,Evanescence,,00:00:00,03:55.9,,
5282,Going Under,Evanescence,,00:00:00,03:30.8,,
5283,My Immortal,Evanescence,,00:00:00,04:12.7,,
5284,Who's That Girl,Eve,,00:02.7,03:24.3,2001,
5285,Let Me Blow Ya Mind,Eve Feat. Gwen Stefani,,00:02.8,03:30.4,2001,
5286,Am Radio,Everclear,,00:00:00,03:56.2,,
5287,Again,Faith Evans,,00:00:00,03:24.8,,
5288,"Dance, Dance",Fall Out Boy,,00:00:00,03:01.2,2006,
5289,I Dont Care,Fall Out Boy,,00:15.7,03:33.8,,
5290,"Sugar, We're Goin Down 1",Fall Out Boy,,00:25.6,03:35.3,,
5291,This Aint A Scene,Fall Out Boy,,00:10.0,03:27.5,,
5292,Thnks Fr Th Mmrs,Fall Out Boy,,00:00:00,03:23.9,,
5293,Weapon Of Choice,Fatboy Slim,,00:00.1,05:35.4,,
5294,Ya Mama,Fatboy Slim,,00:00:00,05:35.8,,
5295,Be Faithful,Fatman Scoop,,00:01.7,02:37.9,2003,
5296,It Takes Scoop,Fatman Scoop,,00:00:00,02:52.0,,
5297,Come Back Around,Feeder,,00:10.5,03:10.8,,
5298,Just A Day,Feeder,,00:00.1,03:34.9,,
5299,Tumble and Fall,Feeder,,00:00:00,04:19.7,,
5300,Join with Us,Feeling,,00:00:00,04:22.0,,
5301,Sun is Shining,Feeling,,00:07.6,02:56.4,,
5302,1234,Feist,,00:09.0,02:58.5,,
5303,Big Girls Don't Cry,Fergie,,00:00:00,04:29.2,2007,
5304,London Bridge,Fergie,,00:00.5,03:21.2,,
5305,Glamorous,Fergie Feat. Ludacris,,00:00:00,03:19.4,2007,
5306,Rock Your Body Rock,Ferry Corsten,,00:08.0,02:59.4,,
5307,Sweet Love 2K,Fierce,,00:00:00,03:17.4,,
5308,Let's Dance,Five,,00:16.0,03:32.3,,
5309,Low,Flo Rida,,00:05.1,03:45.9,2007,
5310,Right Round,Flo Rida,,00:00:00,03:17.9,,
5311,The Pretender,Foo Fighters,,00:10.7,04:25.4,2007,
5312,Hey Julie,Fountains Of Wayne,,00:00:00,02:34.0,,
5313,Stacy's Mum,Fountains Of Wayne,,00:07.8,03:15.3,,
5314,Everytime You Need Me,Fragma Feat. Maria Rubia,,00:08.9,03:25.5,,
5315,F.U.R.B.(F U Right Back),Frankee,,00:00:00,03:19.9,,
5316,So Much Love To Give,Freeloaders Feat. The Real Thing,,00:24.1,03:05.9,,
5317,Uninvited,Freemasons Feat. Bailey Tzuke,,00:07.5,02:56.5,2007,
5318,Loco,Fun Lovin' Criminals,,00:00:00,03:50.6,2001,
5319,Annie Let's Not Wait,Fyfe Dangerfield,,00:00.2,03:35.8,,
5320,She Needs Me,Fyfe Dangerfield,,00:16.9,04:44.1,,
5321,She's Always A Woman,Fyfe Dangerfield,,00:07.4,03:07.1,,
5322,Sweet About Me,Gabriella Cilmi,,00:00.2,03:16.1,,
5323,Out Of Reach,Gabrielle,,00:09.8,03:12.1,2001,
5324,Rise,Gabrielle,,00:00:00,03:39.1,1999,
5325,When A Woman,Gabrielle,,00:00.4,02:57.3,,
5326,Amazing,George Michael,,00:00:00,04:23.4,2004,
5327,Freeek!,George Michael,,00:00:00,04:07.6,2002,
5328,Biology,Girls Aloud,,00:05.9,03:31.1,2005,
5329,Cant Speak French,Girls Aloud,,00:00:00,03:18.0,,
5330,Jump,Girls Aloud,,00:00:00,03:35.5,2003,
5331,Life Got Cold,Girls Aloud,,00:00:00,03:52.9,,
5332,Love Machine,Girls Aloud,,00:12.2,03:18.8,2004,
5333,No Good Advice,Girls Aloud,,00:08.2,03:43.0,2003,
5334,See The Day,Girls Aloud,,00:00:00,04:04.4,2005,
5335,Something Kinda Ooooh,Girls Aloud,,00:00:00,03:19.7,2006,
5336,Sound Of The Underground,Girls Aloud,,00:08.9,03:36.9,2003,
5337,The Loving Kind,Girls Aloud,,00:00:00,03:50.6,2008,
5338,The Promise,Girls Aloud,,00:05.3,03:38.9,2008,
5339,The Show,Girls Aloud,,00:03.4,03:27.6,2004,
5340,Wake Me Up,Girls Aloud,,00:00:00,03:27.8,,
5341,Crazy,Gnarls Barkley,,00:02.2,02:54.5,,
5342,Smiley Faces,Gnarls Barkley,,00:00:00,03:06.5,,
5343,Ooh La La,Goldfrapp,,00:00:00,03:24.5,,
5344,Girls And Boys,Good Charlotte,,00:00:00,02:59.1,,
5345,Lifestyles Of The Rich And Famous,Good Charlotte,,00:00:00,03:07.8,2002,
5346,19-2000 (Soulchild Remix),Gorillaz,,00:00.8,03:21.1,,
5347,Clint Eastwood,Gorillaz,,00:00:00,03:40.4,2001,
5348,Dare,Gorillaz,,00:00.7,04:02.2,2005,
5349,Dirty Harry,Gorillaz,,00:00:00,03:50.3,,
5350,Feel Good Inc,Gorillaz,,00:05.2,03:39.4,2005,
5351,Song 4 Mutya (Out Of Control),Groove Armada,,00:15.5,03:53.8,2007,
5352,Superstylin',Groove Armada,,00:14.3,03:38.3,,
5353,Cool,Gwen Stefani,,00:16.8,02:57.3,,
5354,Hollaback Girl,Gwen Stefani,,00:00.2,03:16.8,,
5355,What You Waiting For,Gwen Stefani,,00:00.3,03:14.3,,
5356,The Sweet Escape,Gwen Stefani Feat. Akon,,00:00:00,03:56.8,,
5357,Rich Girl,Gwen Stefani Feat. Eve,,00:00:00,03:54.9,,
5358,Cupids Chokehold,Gym Class Heroes,,00:00.6,03:49.2,2007,
5359,Pure & Simple,Hear'Say,,00:00:00,03:46.1,,
5360,Proud,Heather Small,,00:19.9,04:14.8,,
5361,Here (In Your Arms),Hellogoodbye,,00:05.3,03:32.6,,
5362,Kiss Kiss,Holly Valance,,00:00.5,03:23.1,2002,
5363,Won't Take It Lying Down,Honeyz,,00:00:00,03:32.6,,
5364,The Reason,Hoobastank,,00:00:00,03:53.9,2003,
5365,Bumpy Ride,Hoosiers,,00:01.0,03:44.3,,
5366,Choices,Hoosiers,,00:00:00,02:46.5,2010,
5367,Cops And Robbers,Hoosiers,,00:00:00,03:54.5,,
5368,Goodbye Mr A,Hoosiers,,00:03.7,03:23.8,2007,
5369,Worried About Ray,Hoosiers,,00:14.5,02:43.6,,
5370,Over and Over,Hot Chip,,00:24.6,03:42.2,,
5371,Ready For the Floor,Hot Chip,,00:00.1,03:50.2,,
5372,Daydream in Blue,I Monster,,00:18.7,03:38.1,2001,
5373,Castles In The Sky,Ian Van Dahl,,00:21.4,03:07.3,2001,
5374,You Can Do It,Ice Cube Feat. Mack 10,,00:02.2,04:15.2,,
5375,Let Me Think About It,Ida Corr Vs. Fedde Le Grand,,00:07.5,02:29.9,,
5376,I like you Some Much Better When Your Naked,Ida Maria,,00:00:00,03:06.5,,
5377,In This City,Iglu & Hartly,,00:08.8,03:47.4,,
5378,Nasty Girl,Inaya Day,,00:05.8,02:47.7,2004,
5379,Video,India Arie,,00:03.0,03:51.2,,
5380,Tiny Dancer,Ironik (Feat. Chipmunk),,00:00:00,03:22.8,,
5381,Livin' It Up,Ja Rule,,00:02.5,04:10.0,2001,
5382,Always On Time,Ja Rule Feat. Ashanti,,00:01.4,03:58.9,2002,
5383,Better Together,Jack Johnson,,00:08.4,03:20.5,2005,
5384,Good People,Jack Johnson,,00:13.2,03:20.7,,
5385,Upside Down,Jack Johnson,,00:28.2,03:24.2,2006,
5386,Torn on the Platform,Jack Penate,,00:00.4,03:44.8,,
5387,American Dream,Jakatta,,00:00:00,03:18.6,,
5388,Beware Of The Dog,Jamelia,,00:08.2,03:05.1,2006,
5389,See It In A Boy's Eyes,Jamelia,,00:00:00,03:53.1,,
5390,Something About You,Jamelia,,00:00:00,03:22.1,,
5391,Stop,Jamelia,,00:12.6,03:29.4,,
5392,Superstar,Jamelia,,00:17.7,03:29.8,2003,
5393,Thank You,Jamelia,,00:04.4,02:58.3,2003,
5394,'1973',James Blunt,,00:15.4,03:52.2,,
5395,Goodbye My Lover,James Blunt,,00:20.1,04:11.1,,
5396,You're Beautiful,James Blunt,,00:12.8,03:12.8,2005,Sust
5397,Wonderful World,James Morrison,,00:01.3,03:18.4,,
5398,You Give Me Something,James Morrison,,00:09.7,03:27.7,,
5399,Broken Strings,James Morrison Feat. Nelly Furtado,,00:02.7,04:04.6,2009,
5400,All At Sea,Jamie Cullum,,00:11.1,04:26.3,,
5401,Get Your Way,Jamie Cullum,,00:00:00,03:57.5,,
5402,Signing In the Rain,Jamie Cullum,,00:00:00,04:04.2,,
5403,These Are The Days,Jamie Cullum,,00:00:00,03:18.3,,
5404,Calm Down Dearest,Jamie T,,00:00:00,03:35.5,,
5405,Sheila,Jamie T,,00:00.5,03:27.5,,
5406,Feels Just Like It Should,Jamiroquai,,00:00:00,04:31.5,,
5407,Little L,Jamiroquai,,00:00:00,03:57.5,,
5408,Love Foolosophy,Jamiroquai,,00:14.6,03:04.7,,
5409,Seven Days in Sunny June,Jamiroquai,,00:18.1,03:54.2,,
5410,All for you,janet jackson,,00:00:00,04:22.4,,
5411,Dont Let Him Waste Your Time,Jarvis Cocker,,00:22.9,04:03.2,,
5412,Whatcha Say,jason derulo,,00:00.4,03:38.5,2009,
5413,I'm Yours,Jason Mraz,,00:11.9,03:53.1,2008,Fade
5414,Im In Heaven,Jason Nevins & UKNY,,00:00:00,03:08.5,,
5415,Ride It,Jay Sean,,00:00:00,03:09.4,2008,
5416,Stolen,Jay Sean,,00:00:00,03:37.3,2004,
5417,Do You Remember,Jay Sean Feat. Sean Paul,,00:00.9,03:26.1,,
5418,Eyes On You,Jay Sean Feat. The Rishi Rich Project,,00:00:00,03:13.0,2004,
5419,Down,Jay Sean Featuring Lil Wayne,,00:04.2,03:25.6,,
5420,99 Problems (Clean),Jay Z,,00:00.2,03:53.4,,
5421,Izzo (Clean),Jay Z,,00:00.2,03:44.2,,
5422,Empire State Of Mind,Jay Z Feat. Alicia Keys,,00:09.1,04:31.6,2009,
5423,Bonnie And Clyde 03',Jay Z Feat. Beyoncé,,00:02.7,03:23.4,2002,
5424,2 People,Jean Jacques Smoothie,,00:00.1,02:44.8,,
5425,They,Jem,,00:00:00,03:15.7,,
5426,Wish I,Jem,,00:00:00,03:58.7,,
5427,Spotlight,Jennifer Hudson,,00:02.7,04:02.4,2008,
5428,Ain't It Funny,Jennifer Lopez,,00:00:00,03:44.4,,
5429,Baby I Love You,Jennifer Lopez,,00:00:00,04:13.0,,
5430,Do It Well,Jennifer Lopez,,00:00.2,03:03.5,,
5431,Get Right,Jennifer Lopez,,00:00:00,03:45.2,,
5432,Jenny From The Block,Jennifer Lopez,,00:00.2,03:06.8,2002,
5433,Love Don't Cost A Thing,Jennifer Lopez,,00:12.5,03:39.5,,
5434,All I Have,Jennifer Lopez Featuring Ll Cool J,,00:00.5,04:12.4,,
5435,Beat Again,JLS,,00:07.9,03:12.9,2009,
5436,Everybody In Love,JLS,,00:05.3,03:12.2,2009,
5437,Ride Wit U,Joe,,00:16.7,03:20.2,2003,
5438,Stutter,Joe,,00:00:00,03:50.2,,
5439,Pump It Up,Joe Budden,,00:00.6,03:55.9,,
5440,Ordinary People (Remix),John Legend,,00:02.7,03:22.4,2005,
5441,No Such Thing,John Mayer,,00:16.2,03:45.2,,
5442,Hurt,Johnny Cash,,00:12.8,03:32.7,,
5443,Leave (Get Out),JoJo,,00:00:00,03:59.8,,
5444,"Too Little, Too Late",JoJo,,00:00:00,03:40.9,,
5445,Battlefield,Jordin Sparks,,00:06.3,03:49.8,2009,
5446,No Air,Jordin Sparks & Chris Brown,,00:00.1,04:17.7,2008,
5447,Heartbeats,José González,,00:21.8,02:35.7,,
5448,Don't Cha Wanna Ride,Joss stone,,00:00:00,03:32.0,2005,
5449,Fell In Love with a Boy,Joss stone,,00:00:00,03:36.0,,
5450,Super Duper Love,Joss stone,,00:11.0,03:45.6,2004,
5451,You Had Me,Joss stone,,00:00.8,03:55.8,2004,
5452,Starz In Their Eyes,Just Jack,,00:23.3,03:02.1,,
5453,The Day I Died,Just Jack,,00:00:00,03:29.3,,
5454,D.a.n.c.e,Justice,,00:00.1,02:21.7,,
5456,I'm Lovin' It,Justin Timberlake,,00:00:00,03:34.2,2003,
5457,Like I Love You,Justin Timberlake,,00:01.3,04:36.6,2002,
5458,Love Stoned,Justin Timberlake,,00:00:00,03:45.2,,
5459,Rock Your Body,Justin Timberlake,,00:09.4,04:21.6,2003,
5460,Senorita,Justin Timberlake,,00:00:00,04:54.3,2003,
5461,SexyBack,Justin Timberlake,,00:15.5,03:53.2,,
5462,What Goes Around...Comes Around,Justin Timberlake,,00:00:00,05:13.9,,
5463,Love Sex Magic,Justin Timberlake & Ciara,,00:03.7,03:38.6,,
5464,Never Miss a Beat,Kaiser Chiefs,,00:18.3,03:05.2,,
5465,The Modern Way,Kaiser Chiefs,,00:06.7,03:26.8,,
5466,Diamonds From Sierra Leone,Kanye West,,00:00.3,03:56.0,2005,
5467,Gold Digger,Kanye West,,00:00.5,03:25.5,2005,
5468,Stronger,Kanye West,,00:00.6,04:05.6,2007,
5469,Through The Wire,Kanye West,,00:00.8,03:36.2,2003,
5470,Do Wah Do,Kate Nash,,00:06.0,02:30.4,,
5471,Foundations,Kate Nash,,00:11.4,03:25.8,2007,
5472,Pumpkin Soup,Kate Nash,,00:00:00,02:47.7,,
5473,Nine Million Bicycles,Katie Melua,,00:17.7,03:07.4,2005,
5474,The Closest Thing To Crazy,Katie Melua,,00:14.8,04:06.8,2003,
5475,Hot & Cold,Katy Perry,,00:03.4,03:34.6,2008,
5476,I Kissed A Girl,Katy Perry,,00:03.9,02:57.4,,
5477,Waking Up In Vegas,Katy Perry,,00:00:00,03:18.4,2009,
5478,Bedshaped,Keane,,00:00:00,04:36.2,2004,
5479,This Is The Last Time,Keane,,00:01.0,03:17.2,2003,
5480,Caught Out There,Kelis,,00:00.9,03:36.4,,
5481,Lil Star,Kelis,,00:40.6,04:45.8,,
5482,Milkshake,Kelis,,00:01.6,02:54.7,2003,
5483,Trick Me,Kelis,,00:01.0,03:16.2,,
5484,Millionaire,Kelis Feat. André 3000,,00:00:00,03:45.3,,
5485,A Moment Like This,Kelly Clarkson,,00:07.5,03:40.8,2002,
5486,Because Of You,Kelly Clarkson,,00:15.1,03:32.4,2005,
5487,Miss Independent,Kelly Clarkson,,00:00:00,03:35.1,,
5488,My Life would Suck without You,Kelly Clarkson,,00:13.1,03:29.1,2009,
5489,Since U Been Gone,Kelly Clarkson,,00:03.8,03:05.1,,
5490,Tell It To My Heart,Kelly Llorenna,,00:00:00,03:35.8,,
5491,Work,Kelly Rowland,,00:02.5,03:15.4,2008,
5492,My Neck My Back (Clean),Khia,,00:00:00,03:02.9,,
5493,Day 'n' Nite,Kid Cudi vs. Crookers,,00:07.5,02:41.8,2009,
5494,Read My Mind,Killers,,00:14.6,04:01.1,,
5495,It's Not Over Yet,Klaxons,,00:00:00,03:26.5,,
5496,Black Horse & The Cherry Tree,KT Tunstall,,00:00.4,02:46.4,,
5497,Hold On,KT Tunstall,,00:20.8,02:54.1,,
5498,Other Side Of The World,KT Tunstall,,00:12.3,03:27.0,,
5499,Suddenly I See,KT Tunstall,,00:13.9,03:13.0,,
5500,2 Hearts,Kylie Minogue,,00:09.0,02:47.8,,
5501,Can't Get You Out Of My Head,Kylie Minogue,,00:15.5,03:43.2,2001,
5502,Come Into My World,Kylie Minogue,,00:00:00,04:03.8,,
5503,In Your Eyes,Kylie Minogue,,00:07.8,03:12.0,,
5504,Love At First Sight,Kylie Minogue,,00:23.2,03:52.2,2002,
5505,On A Night Like This,Kylie Minogue,,00:00:00,03:21.8,,Fade
5506,Please Stay,Kylie Minogue,,00:00:00,04:04.3,,
5507,Red Blooded Woman,Kylie Minogue,,00:02.2,04:16.9,2004,
5508,Slow,Kylie Minogue,,00:00:00,03:12.2,,
5509,Spinning Around,Kylie Minogue,,00:02.1,03:22.5,2000,
5510,Kids,Kylie Minogue & Robbie Williams,,00:20.9,04:05.4,,
5511,Bulletproof,La Roux,,00:15.4,03:24.5,2009,
5512,In For The Kill,La Roux,,00:15.1,04:06.5,2009,
5513,Bad Romance,Lady Gaga,,00:00.2,04:51.1,2009,
5514,Just Dance,Lady Gaga,,00:05.7,03:56.4,2008,
5515,Pokerface,Lady Gaga,,00:00:00,03:56.9,,
5516,The Ketchup Song (Asereje),Las Ketchup,,00:00:00,03:32.1,2002,
5517,Can't Fight The Moonlight,LeAnn Rimes,,00:08.3,03:30.8,2000,
5518,Sunrise,Simply Red,,00:00:00,03:10.3,,
5519,Dance (With U),Lemar,,00:00:00,03:09.8,2003,
5520,If There's Any Justice,Lemar,,00:02.2,03:21.4,,
5521,Its Not That Easy,Lemar,,00:12.4,00:03:17,,
5522,Nice Weather for Ducks,Lemonjelly,,00:00:00,03:59.3,,
5523,Sitting Down Here,Lene Marlin,,00:01.0,03:38.9,1999,
5524,The Show,Lenka,,00:00:00,03:56.8,,
5525,A Moment Like This,Leona Lewis,,00:00:00,04:18.7,2006,
5526,Better In Time,Leona Lewis,,00:23.7,03:45.0,2008,
5527,Bleeding Love,Leona Lewis,,00:19.3,04:18.4,2007,
5528,Jumpin',Liberty X,,00:00:00,03:36.9,,
5529,Just A Little,Liberty X,,00:00:00,03:53.2,,
5530,Being Nobody,Liberty X Vs Richard X,,00:00:00,03:37.9,,
5531,22,Lily Allen,,00:04.5,03:00.2,2009,
5532,LDN,Lily Allen,,00:09.5,03:03.6,2006,
5533,Not Fair,Lily Allen,,00:00:00,03:19.6,,
5534,Smile,Lily Allen,,00:20.1,03:11.1,2006,
5535,The Fear,Lily Allen,,00:07.4,03:20.3,,
5536,New In Town,Little Boots,,00:09.6,03:14.2,,
5537,Remedy,Little Boots,,00:07.3,03:13.1,2009,
5538,The World Revolves Around Me,Little Jackie,,00:02.4,02:52.8,2008,
5539,Hush,LL Cool J,,00:01.6,03:31.8,,
5540,Take Me To The Clouds Above,LMC & U2,,00:00:00,02:49.8,,
5541,Summer Of Love,Lonyo & Comme Ci Comme Ca,,00:00:00,03:53.3,2000,
5542,Shine,Lovefreekz,,00:16.1,03:10.6,2004,
5543,Never Leave You,Lumidee,,00:09.7,02:55.2,2003,
5544,Superstar,Lupe Fiasco Featuring Matthew Santos,,00:10.7,03:49.4,,
5545,Dance With My Father,Luther Vandross,,00:14.8,04:12.2,2003,
5546,Salsoul Nugget (If U Wanna),M&S Presents The Girl Next Door,,00:08.6,03:23.6,,
5548,"Roc Ya Body Mic Check 1, 2",M.V.P.,,00:00.7,03:30.1,,
5549,Beggin',Madcon,,00:09.4,03:33.5,,
5550,Don't Call Me Baby,Madison Avenue,,00:31.6,03:44.8,1999,
5551,Fat Lip,Sum 41,,00:19.9,02:57.8,,
5552,4 Minutes,Madonna,,00:07.8,03:05.9,2008,
5553,Beautiful Stranger,Madonna,,00:14.5,04:10.4,1999,
5554,Die Another Day,Madonna,,00:15.7,04:23.0,,
5555,Don't Tell Me,Madonna,,00:00:00,04:11.1,,
5556,Give It 2 Me,Madonna,,00:00:00,04:40.0,2008,
5557,Hollywood,Madonna,,00:00:00,04:17.1,,
5558,Hung Up,Madonna,,00:00.4,03:10.4,2005,
5559,Music,Madonna,,00:07.7,03:31.4,,
5560,Sorry,Madonna,,00:02.2,03:54.9,,
5561,Forever Lost,Magic Numbers,,00:00:00,04:01.7,,
5562,Love Me Like You,Magic Numbers,,00:12.5,04:47.8,,
5563,"Its Not War, Just the End of Love",Manic Street Preachers,,00:34.5,03:24.2,,
5564,So Why So Sad,Manic Street Preachers,,00:00:00,03:54.3,,
5565,Your Love Alone Is Not Enough,Manic Street Preachers,,00:00.8,03:49.6,2007,
5566,I Need Your Lovin' (Like The Sunshine),Marc & Claude,,00:00:00,03:43.3,2000,
5567,It's Like That,Mariah Carey,,00:00:00,03:23.4,,
5568,Touch My Body,Mariah Carey,,00:00:00,03:26.0,,
5569,We Belong Together,Mariah Carey,,00:00:00,03:22.7,2005,
5570,Let Me Love You,Mario,,00:01.6,03:59.5,2005,
5571,Ooh Wee,Mark Ronson & Nate Dogg,,00:00.2,03:25.2,,
5572,The Bike Song,Mark Ronson & The Business Intl,,00:00:00,04:05.8,2010,
5573,Sunshine,Gareth Gates,,00:00:00,03:25.9,,
5574,Stop Me,Mark Ronson Feat. Daniel Merriweather,,00:00.4,03:25.3,2007,
5575,Valerie,Mark Ronson Featuring Amy Winehouse,,00:08.2,03:32.9,2007,
5576,Harder To Breathe,Maroon 5,,00:01.8,02:48.6,2003,
5577,Makes Me Wonder,Maroon 5,,00:17.1,03:28.7,,End
5578,She Will Be Loved,Maroon 5,,00:00:10,04:17.7,2004,
5579,Sunday Morning,Maroon 5,,00:08.2,03:54.4,,
5580,This Love,Maroon 5,,00:20.4,03:29.1,2004,
5581,Won't Go Home Without You,Maroon 5,,00:00.5,03:45.6,2007,
5582,Dance For Me,Mary J. Blige,,00:00:00,03:24.9,,
5583,Family Affair,Mary J. Blige,,00:10.9,03:15.5,2000,
5584,No More Drama,Mary J. Blige,,00:06.6,03:59.1,2001,
5585,Shackles (Praise You),Mary Mary,,00:02.4,03:01.0,1999,
5587,All About You,McFly,,00:17.7,03:01.2,,
5588,Five Colours In Her Hair,McFly,,00:10.0,02:49.2,,
5589,I'll Be OK,McFly,,00:00:00,03:28.3,,
5590,Obviously,McFly,,00:07.1,03:08.5,,
5591,Star Girl,McFly,,00:01.9,03:25.1,,
5592,Thunder In My Heart Again,Meck Feat. Leo Sayer,,00:14.9,02:55.9,,
5593,Here It Comes Again,Melanie C,,00:00:00,04:06.2,,
5594,I Turn to You,Melanie C,,00:00:00,04:08.2,,
5595,Never Be The Same Again,Melanie C Feat. Lisa Left Eye Lopes,,00:01.3,04:10.3,2000,
5596,Shake It,Metro Station,,00:05.8,02:55.8,,
5597,Mad World,Michael Andrews Feat. Gary Jules,,00:12.0,02:56.3,2003,
5598,Everything,Michael Buble,,00:14.1,03:23.0,,
5599,Feeling Good,Michael Buble,,00:00:00,03:55.9,,
5600,Haven't Met You Yet,Michael Buble,,00:16.2,03:57.4,,
5601,Home,Michael Buble,,00:15.4,03:35.3,,
5602,Lost,Michael Buble,,00:14.3,03:31.5,,
5603,Everywhere,Michelle Branch,,00:00:00,03:32.2,2001,
5604,Big Girl (You Are Beautiful),Mika,,00:04.1,03:08.3,2007,
5605,Blame It On The Girls,Mika,,00:00:00,03:16.9,2010,
5606,Good Gone Girl,Mika,,00:00:00,02:57.7,,
5607,Grace Kelly,Mika,,00:00.4,02:55.6,2006,
5608,Happy Endings,Mika,,00:00.5,04:29.7,2007,
5609,Love Today,Mika,,00:00.4,03:20.5,,
5610,Relax Take It Easy,Mika,,00:00:00,03:41.2,2006,
5611,We Are Golden,Mika,,00:00.2,03:50.8,,
5612,7 Things,Miley Cyrus,,00:00:00,03:30.0,,
5613,Party In The USA,Miley Cyrus,,00:00:00,03:23.6,,
5614,I Left My Heart In Tokyo,Mini Viva,,00:00:00,03:45.9,2008,
5615,Dont Faulter,Mint Royale,,00:22.2,04:03.2,,
5616,Singing In the Rain,Mint Royale,,00:00.2,01:57.4,,
5617,Get Your Freak On,Missy Elliot,,00:00.3,03:22.7,,
5618,Gossip Folks,Missy Elliott Feat. Ludacris,,00:07.7,03:26.1,2003,
5619,Mis-Teeq,All I Want,,00:00:00,03:28.3,,
5620,Mis-Teeq,One Night Stand,,00:00:00,03:24.7,,
5621,Mis-Teeq,Scandalous,,00:00.7,03:54.8,,
5622,Mis-Teeq,Why,,00:00:00,03:21.5,,
5623,Crazy Love,MJ Cole,,00:07.4,03:18.0,2000,
5624,Honey,Moby,,00:00:00,03:27.0,,
5625,Natural Blues,Moby,,00:00.6,02:57.5,2000,
5626,Porcelain,Moby,,00:20.3,03:27.1,2000,
5627,Chillin',Modjo,,00:07.9,03:40.7,2001,
5628,Lady (Hear Me Tonight),Modjo,,00:23.0,03:30.5,2000,
5629,The Time Is Now,Moloko,,00:15.5,04:11.1,1999,
5630,Rome was'nt Built in A Day,Morcheeba,,00:00.2,03:26.1,,
5631,First Of The Gang To Die,Morrissey,,00:00:00,03:37.8,,
5632,Is It 'Cos I'm Cool,Mousse T. & Emma Lanford,,00:00.4,03:43.3,,
5633,Sex Bomb,Mousse T. & Tom Jones,,00:01.0,03:45.3,,
5634,Horny As A Dandy,Mousse T. Vs. The Dandy Warhols,,00:00:00,03:18.9,,
5635,Supernova,Mr Hudson feat Kayne West,,00:01.4,03:11.1,,
5636,Dy-na-mi-tee,Ms. Dynamite,,00:17.3,03:32.4,2002,
5637,It Takes More,Ms. Dynamite,,00:00:00,04:37.2,,
5638,Hysteria,Muse,,00:00:00,03:45.3,2003,
5639,Knights of Cydonia,Muse,,00:29.8,05:36.6,,
5640,New Born,Muse,,00:26.4,05:53.1,,
5641,Real Girl,Mutya Buena,,00:00:00,03:29.2,,
5642,Helena,My Chemical Romance,,00:00:00,03:23.1,2005,
5643,Welcome To The Black Parade,My Chemical Romance,,00:12.6,05:05.3,2006,
5644,Case Of The Ex - SWEARING,Mya - NO NOT PLAY,,00:03.1,03:55.6,,
5645,Two Doors Down,Mystery Jets,,00:06.4,03:35.0,2008,
5646,Bye Bye Bye,N Sync,,00:00:00,03:21.1,,
5647,Girlfriend,N Sync,,00:00:00,04:14.2,,
5648,It's Gonna Be Me,N Sync,,00:00:00,03:11.0,,
5649,Pop,N Sync,,00:00:00,03:57.7,,
5650,I Like It,Narcotic Thrust,,00:04.1,02:53.5,,
5651,Shiver,Natalie Imbruglia,,00:10.1,03:34.8,2005,
5652,Single,Natasha Bedingfield,,00:01.0,03:52.7,2004,
5653,These Words,Natasha Bedingfield,,00:01.8,03:33.7,2004,
5654,Unwritten,Natasha Bedingfield,,00:00:00,04:14.0,2004,
5655,Strong Again,N-Dubz,,00:00:00,03:14.0,,
5656,Playing With Fire,N-Dubz Feat Mr Hudson,,00:00:00,03:14.4,,
5657,Because Of You,Ne Yo,,00:00:00,04:27.1,,
5658,Closer,Ne Yo,,00:07.4,03:50.8,,
5659,Miss Independent,Ne Yo,,00:00:00,03:50.0,2008,
5660,Sexy Love,Ne Yo,,00:00:00,03:40.8,,
5661,So Sick,Ne Yo,,00:00:00,03:28.0,,
5662,Country Grammar,Nelly,,00:01.0,03:44.5,2000,
5663,Hot In Herre,Nelly,,00:02.0,03:47.3,2002,
5664,My Place,Nelly,,00:00:00,04:31.8,2004,
5665,N Dey Say,Nelly,,00:00:00,03:28.6,,
5666,Ride Wit Me,Nelly,,00:04.9,04:03.3,2000,
5667,Work It,Nelly,,00:00:00,04:03.1,,
5668,Dilemma,Nelly Feat. Kelly Rowland,,00:11.6,03:50.0,2002,
5669,Over and Over,Nelly Feat. Tim McGraw,,00:00:00,04:11.7,,
5670,I'm Like A Bird,Nelly Furtado,,00:21.2,03:52.0,,
5671,Maneater,Nelly Furtado,,00:00.7,03:09.2,2006,
5672,Say It Right,Nelly Furtado,,00:00:00,03:35.8,2006,
5673,Turn Off The Light,Nelly Furtado,,00:00:00,04:38.2,,
5674,Promiscuous,Nelly Furtado Feat. Timbaland,,00:00.9,03:38.5,2006,
5675,Dream Catch Me,Newton Faulkner,,00:07.0,03:51.9,2007,
5676,How You Remind Me,Nickelback,,00:00.7,03:35.7,2001,
5677,Rockstar,Nickelback,,00:00.5,04:07.7,2007,
5678,Someday,Nickelback,,00:00.5,03:19.6,2003,
5679,Baby Love,Nicole Scherzinger Feat. will.i.am,,00:00:00,03:34.5,,
5680,Follow Da Leader,Nigel & Marvin,,00:00:00,02:46.8,,
5681,Move Ya Body,Nina Sky Feat. Jabba,,00:01.0,03:35.6,2004,
5682,JCB Song,Nizlopi,,00:00:00,03:48.8,,
5683,Bathwater,No Doubt,,00:00:00,03:09.3,,
5684,Hella Good,No Doubt,,00:16.5,04:00.7,,
5685,Hey Baby,No Doubt,,00:01.8,03:25.1,,
5686,It's My Life,No Doubt,,00:00:00,03:48.3,,
5687,New,No Doubt,,00:00.6,04:07.0,,
5688,Underneath It All,No Doubt,,00:00:00,04:43.1,,
5689,5 Years Time,Noah & The Whale,,00:15.4,03:09.3,2007,
5690,Don't Upset The Rhythm (Go Baby Go),Noisettes,,00:01.6,03:07.5,2009,
5691,Never Forget You,Noisettes,,00:00:00,03:09.5,2009,
5692,Come Away With Me,Norah Jones,,00:21.0,03:03.3,,
5693,Don't Know Why,Norah Jones,,00:09.7,02:58.4,2002,
5694,Sunrise,Norah Jones,,00:00:00,03:18.4,,
5695,In Your Arms (Rescue Me),Nu Generation,,00:00.1,02:17.4,,
5696,Half The World Away,Oasis,,00:00:00,04:22.0,,
5697,Songbird,Oasis,,00:00:00,02:07.9,2002,
5698,Sunday Morning Call,Oasis,,00:06.9,05:09.1,,
5699,The Hindu Times,Oasis,,00:00:00,03:52.5,,
5700,Stop and Stare,OneRepublic,,00:11.4,03:34.7,2008,
5701,Apologize,OneRepublic & Timberland,,00:16.0,03:00.5,,End
5702,Heaven Is A Halfpipe,OPM,,00:09.9,03:54.9,,
5703,Boys Will Be Boys,Ordinary Boys,,00:02.1,02:35.7,,
5704,I Luv U,Ordinary Boys,,00:00:00,03:15.1,,
5705,Aint No Party,Orson,,00:14.6,03:11.5,,
5706,Bright Idea,Orson,,00:19.8,04:05.1,,
5707,No Tomorrow,Orson,,00:17.6,02:46.9,2005,
5708,Ms. Jackson,Outcast,,00:03.1,03:31.5,,
5709,Hey Ya!,Outkast,,00:00.5,03:41.2,2003,
5710,Sweet Dreams,Beyonce,,00:00:00,03:15.2,,
5711,The Way You Move,Outkast,,00:16.0,03:38.3,,
5712,No Good 4 Me,Oxide & Neutrino,,00:00:00,03:15.7,,
5713,Dragostea Din Tei,O-Zone,,00:00:00,03:36.5,,
5714,Changes,Ozzy And Kelly Osbourne,,00:08.8,04:02.5,2003,
5715,Bad Boy For Life,P.Diddy,,00:02.3,04:07.9,,
5716,Mundian To Bach Ke,Panjabi MC,,00:00:00,03:21.4,2002,
5717,Jenny Dont Be Hasty,Paolo Nutini,,00:21.9,00:03:22,,
5718,Last Request,Paolo Nutini,,00:12.3,03:35.7,2006,
5719,New Shoes,Paolo Nutini,,00:06.4,03:16.8,2006,
5720,Pencil Full of Lead,Paolo Nutini,,00:04.4,02:20.8,,
5721,Last Resort,Papa Roach,,00:00.4,03:17.3,,
5722,Dance Tonight,Paul McCartney,,00:00:00,02:54.7,,
5723,Ever Present Past,Paul McCartney,,00:11.4,02:49.7,2007,
5724,Starry Eyed Surprise,Paul Oakenfold,,00:02.2,02:52.4,,
5725,Propane Nightmares,Pendulum,,00:00:00,05:12.4,,
5726,Young Folks,Peter Bjorn & John,,00:01.5,03:57.6,,
5727,Frontin',Pharrell & Jay Z,,00:03.0,03:47.9,,
5728,Can I Have It Like That,Pharrell Williams Feat. Gwen Stefani,,00:00:00,03:57.8,2005,
5729,Dont Le Me Get Me,Pink,,00:00:00,03:30.0,,
5730,Get The Party Started,Pink,,00:08.8,02:30.3,,
5731,God Is A DJ,Pink,,00:04.2,03:43.2,,
5732,Just Like a Pill wav,Pink,,00:10.4,03:49.5,,Fade
5733,Please Don't Leave Me,Pink,,00:00:00,03:50.1,,
5734,So What,Pink,,00:03.7,03:32.7,,
5735,There You Go,Pink,,00:00:00,03:22.9,1970,
5736,Trouble,Pink,,00:00:00,03:11.1,,
5737,U + Ur Hand,Pink,,00:00:00,03:33.4,,
5738,Who Knew,Pink,,00:06.9,03:22.1,,
5739,You Make Me Sick,Pink,,00:00:00,04:04.4,,
5740,I Know You Want Me,Pitbull,,00:00:00,03:55.1,2009,
5741,Cry Me Out,Pixie Lott,,00:15.9,03:55.1,,
5742,Girls & Boys,Pixie Lott,,00:07.3,02:59.2,2009,
5743,Mama Do,Pixie Lott,,00:00.5,03:13.8,,
5744,Hey There Delilah,Plain White T's,,00:09.4,03:47.3,,
5745,Chase The Sun,Planet Funk,,00:07.8,03:33.9,2000,
5746,Oi,Platinum 45 Feat. More Fire Crew,,00:00:00,04:32.0,,
5747,ResuRection,PPK,,00:27.8,03:11.4,,
5748,You Make Me Wanna Die,Pretty Reckless,,00:30.7,03:46.3,,
5749,Bad Babysitter,Princess Superstar Feat High & Mighty,,00:00:00,03:33.8,,
5750,Blurry,Puddle Of Mudd,,00:00:00,04:20.0,,
5751,She Hates Me,Puddle Of Mudd,,00:09.3,03:24.0,,
5752,Addicted To Bass,Puretone,,00:00.4,03:50.8,2001,
5753,Don't Cha,Pussycat Dolls,,00:00.8,03:34.2,2005,
5754,I Don`t Need A Man,Pussycat Dolls,,00:00:00,03:40.2,,
5755,Stickwitu,Pussycat Dolls,,00:12.3,03:23.8,,
5756,When I Grow Up,Pussycat Dolls,,00:00.8,03:51.6,2008,
5757,Buttonz,Pussycat Dolls Feat. Snoop Dogg,,00:00.8,03:41.8,,
5758,Beep,Pussycat Dolls Feat. will.i.am,,00:05.0,03:47.3,,
5761,I Said Never Again (But Here We Are),Rachel Stevens,,00:00:00,03:22.3,,
5762,So Good,Rachel Stevens,,00:00:00,03:14.6,,
5763,Some Girls,Rachel Stevens,,00:00:00,03:35.8,2004,
5764,Sweet Dreams My LA Ex,Rachel Stevens,,00:15.0,03:25.3,,
5765,Optimistic,Radiohead,,00:00:00,04:51.9,,
5766,In The Shadows,Rasmus,,00:12.3,03:57.2,,
5767,Fascinated,Raven Maize,,00:00:00,03:20.1,,
5768,Imitation of Life,REM,,00:16.7,03:50.7,,
5769,A Song For The Lovers,Richard Ashcroft,,00:00:00,04:17.1,2000,
5770,Science Of Silence,Richard Ashcroft,,00:00:00,03:50.0,,
5771,Distrurbia,Rihanna,,00:00:00,03:56.0,,
5772,Don't Stop The Music,Rihanna,,00:00.4,04:19.9,2007,
5773,Pon De Replay,Rihanna,,00:09.4,03:28.6,,
5774,Shut Up And Drive,Rihanna,,00:14.2,03:29.2,,
5775,SOS,Rihanna,,00:00.3,03:57.8,,
5776,Take A Bow,Rihanna,,00:02.3,03:41.0,2008,
5777,Unfaithful,Rihanna,,00:13.3,03:41.5,2006,
5778,Hate That I Love You,Rihanna & NeYo,,00:00:00,03:37.8,,
5779,Umbrella,Rihanna Feat. Jay Z,,00:00.9,04:00.9,2007,
5780,Lonely No More,Rob Thomas,,00:00:00,03:40.8,2005,
5781,Advertising Space 1,Robbie Williams,,00:00:00,04:37.2,,
5782,Come Undone,Robbie Williams,,00:00:00,03:54.8,,
5783,Eternity,Robbie Williams,,00:12.5,04:15.5,,
5784,Feel,Robbie Williams,,00:08.3,04:16.5,2002,
5785,It's Only Us,Robbie Williams,,00:00:00,02:50.2,,
5786,Let Love Be Your Energy,Robbie Williams,,00:04.1,03:53.5,,
5787,Lovelight,Robbie Williams,,00:00:00,03:40.1,,
5788,Radio,Robbie Williams,,00:02.6,03:48.5,,
5789,Rock DJ,Robbie Williams,,00:09.3,04:05.7,2000,
5790,Sexed Up,Robbie Williams,,00:00:00,04:21.7,,
5791,Sin Sin Sin,Robbie Williams,,00:00:00,04:06.7,,
5792,Something Beautiful,Robbie Williams,,00:02.8,03:57.1,,
5793,Supreme,Robbie Williams,,00:09.8,03:57.0,2000,
5794,Tripping,Robbie Williams,,00:00:00,04:05.1,,
5795,You Know Me,Robbie Williams,,00:14.0,04:09.7,,
5796,Somethin' Stupid,Robbie Williams & Nicole Kidman,,00:00:00,02:49.9,2001,
5797,She's Madonna,Robbie Williams & Pet Shop Boys,,00:00:00,04:18.0,2007,
5798,Lost Without U,Robin Thicke,,00:21.2,04:04.1,,
5799,Be Mine,Robyn,,00:00.1,03:21.8,,
5800,With Every Heartbeat,Robyn & Kleerup,,00:00:00,04:10.1,,
5801,The Avenue,Roll Deep,,00:15.2,03:29.3,,
5802,I Love It When We Do,Ronan Keating,,00:00:00,03:51.1,,
5803,If Tomorrow Never Comes,Ronan Keating,,00:00.6,03:28.4,2002,
5804,Life Is A Rollercoaster,Ronan Keating,,00:03.2,03:41.5,,
5805,Lovin' Each Day,Ronan Keating,,00:00.2,03:20.0,,
5806,The Way You Make Me Feel,Ronan Keating,,00:09.6,03:30.5,2000,
5807,Dirty Beats,Roni Size Reprazent,,00:00:00,03:13.0,,
5808,Come Get Some,Rooster,,00:10.9,03:02.6,,
5809,Eple,Röyksopp,,00:20.9,03:31.1,,
5810,Happy Up Here,Royksopp,,00:00:00,02:41.3,,
5811,So Easy,Royksopp,,00:00:00,03:44.1,,
5812,Don't Stop Movin',S Club 7,,00:00.4,03:47.0,2001,
5813,Have You Ever,S Club 7,,00:00:00,03:21.8,,
5814,Natural,S Club 7,,00:00:00,03:12.8,,
5815,Never Had A Dream Come True,S Club 7,,00:07.2,03:51.1,,
5816,Reach,S Club 7,,00:00:00,04:02.3,2000,
5817,You're My Number One,S Club 7,,00:00:00,03:23.7,1999,
5818,Played A Live,Safri Duo,,00:00:00,02:59.0,2000,
5819,Black And Gold,Sam Sparro,,00:48.5,04:29.0,,
5820,Gotta Tell You,Samantha Mumba,,00:00:00,03:20.9,,
5821,I Wish I Was A Punk Rocker,Sandi Thom,,00:00.3,02:27.6,,
5822,Love Song,Sara Bareilles,,00:08.1,04:09.7,2007,
5823,Issues,Saturdays,,00:03.3,03:27.3,,Fade
5824,Up,Saturdays,,00:16.2,03:20.9,,
5825,Work,Saturdays,,00:19.4,03:08.4,,
5826,Affirmation,Savage Garden,,00:00:00,04:34.7,,
5827,Comfortably Numb,Scissor Sisters,,00:00:00,04:23.5,,
5828,Filfthygorgeous,Scissor Sisters,,00:00:00,03:48.8,,
5829,I Don`t Feel Like Dancing,Scissor Sisters,,00:08.8,04:06.3,,
5830,Laura,Scissor Sisters,,00:16.1,03:05.4,,
5831,Mary,Scissor Sisters,,00:14.2,04:23.6,,
5832,She's My Man,Scissor Sisters,,00:00:00,04:03.8,,
5833,Take Your Mama,Scissor Sisters,,00:11.9,03:26.2,,
5834,Elvis Aint Dead,Scouting for Girls,,00:00:00,03:43.7,,
5835,She's So Lovely,Scouting for Girls,,00:11.6,03:35.4,,
5836,The Man Who Can't Be Moved,Script,,00:09.2,03:55.5,2008,
5837,Beautiful Girls,Sean Kingston,,00:00:00,04:02.2,2007,
5838,Im Still In love With You,Sean Paul,,00:00:00,04:31.0,,
5839,Temperature,Sean Paul,,00:01.3,03:34.4,2005,
5840,We Be Burnin',Sean Paul,,00:02.3,03:27.6,2005,
5841,Chemistry,Semisonic,,00:00:00,03:52.6,,
5842,Closing Time,Semisonic,,00:15.8,03:46.0,,
5843,It Wasn't Me,Shaggy Feat. Ricardo,,00:01.9,03:42.9,2001,
5844,At Night,Shakedown,,00:22.8,03:02.4,2002,
5845,Underneath Your Clothes,Shakira,,00:00:00,03:41.9,,
5846,Whenever Wherever,Shakira,,00:07.6,03:12.1,,
5847,Hips Dont Lie,Shakira Feat. Wyclef Jean,,00:00:00,03:38.2,,
5848,Man! I Feel Like A Woman!,Shania Twain,,00:02.8,03:52.9,1998,
5849,That's My Goal,Shayne Ward,,00:00:00,03:38.7,2005,
5850,T-Shirt,Shontelle,,00:02.7,03:41.0,2008,
5851,Shake UR Body,Shy FX & T Power Feat. Di,,00:00:00,03:19.7,,
5852,We Are Your Friends,Simian feat. Justice,,00:03.2,00:02:37,,
5853,Coming Around Again,Simon Webbe,,00:04.9,03:31.7,,
5854,Lay Your Hands,Simon Webbe,,00:00:00,04:25.5,,
5855,No Worries,Simon Webbe,,00:01.1,03:22.9,,
5856,Dance For Me,Sisqó,,00:00:00,04:05.5,,
5857,Thong Song,Sisqó,,00:00:00,03:29.5,2000,
5858,Unleash The Dragon,Sisqó,,00:00:00,03:22.8,1999,
5859,Sensual Seduction,Snoop Dogg,,00:00:00,04:02.4,,
5860,Beautiful,Snoop Dogg & Pharrell,,00:00.1,04:32.0,2003,
5861,Just Say Yes,Snow Patrol,,00:00:00,04:34.4,2009,
5862,Open Your Eyes,Snow Patrol,,00:00:00,05:39.1,,
5863,You're All I Have,Snow Patrol,,00:00:00,04:32.5,,
5864,21 Seconds,So Solid Crew,,00:00:00,02:43.2,2001,
5865,It Feels So Good,Sonique,,00:06.6,03:40.3,1998,
5866,Sky,Sonique,,00:00:00,04:00.8,,
5867,Cant Stop Moving,Sonny J,,00:00:00,03:02.0,,
5868,Handfree (If You hold my Hand),Sonny J,,00:12.4,03:01.7,,
5869,Get Over You,Sophie Ellis Bextor,,00:00:00,03:14.6,2002,
5870,Heartbreak (Freemasons Remix),Sophie Ellis Bextor,,00:00:00,03:23.4,,
5871,I Won't Change You,Sophie Ellis Bextor,,00:00:00,03:39.2,,
5872,Murder On The Dancefloor,Sophie Ellis Bextor,,00:08.3,03:39.2,2001,
5873,Music Gets The Best Of Me,Sophie Ellis Bextor,,00:00:00,03:27.4,2002,
5874,Take Me Home,Sophie Ellis Bextor,,00:01.0,03:07.6,,
5875,Crank That,Soulja Boy,,00:00.3,03:41.0,,
5876,I Would Die 4 U,Space Cowboy,,00:13.9,02:32.8,,
5877,Holler,Spice Girls,,00:00:00,03:55.9,,
5878,Karma Hotel,Spooks,,00:00.7,00:03:41,,
5879,Things I've Seen,Spooks,,00:05.5,03:10.3,,
5880,Stuck,Stacie Orrico,,00:00:00,03:44.8,,
5881,Alcoholic,Starsailor,,00:00:00,03:32.1,2001,
5882,Fever,Starsailor,,00:00:00,04:01.3,,
5883,Poor Misguided Fool,Starsailor,,00:00:00,03:49.7,2002,
5884,Good Soul,Starsailor,,00:00:00,03:40.0,,
5885,Deeper Shade Of Blue,Steps,,00:00:00,03:36.4,,
5886,It's The Way You Make Me Feel,Steps,,00:00:00,03:18.3,,
5887,Say You'll Be Mine,Steps,,00:00:00,03:32.0,,
5888,Handbags and Gladrags,Stereophonics,,00:21.9,04:27.9,,
5889,Maybe Tomorrow,Stereophonics,,00:24.0,04:28.2,,
5890,Desert Rose,Sting,,00:11.1,04:38.2,1999,
5891,Dry Your Eyes,Streets,,00:02.4,03:07.8,,
5892,Fit But You Know It,Streets,,00:05.6,03:04.4,2004,
5893,Alors on Dance,Stromae,,00:07.0,03:23.0,2022,
5894,The Ladyboy Is Mine,Stuntmasterz,,00:00:00,03:10.7,,
5895,About You Now,Sugababes,,00:02.4,03:07.4,2007,
5896,Freak Like Me,Sugababes,,00:00:00,03:11.4,2002,
5897,Girls,Sugababes,,00:04.2,03:07.0,,
5898,Hole In The Head,Sugababes,,00:00.8,03:28.9,,
5899,In The Middle,Sugababes,,00:00:00,03:38.1,2004,
5900,Overload,Sugababes,,00:00:00,04:36.2,,
5901,Push The Button,Sugababes,,00:02.1,03:29.1,2005,
5902,Round Round,Sugababes,,00:07.5,03:49.6,2002,
5903,Stronger,Sugababes,,00:07.2,03:53.3,,
5904,Too Lost In You,Sugababes,,00:00.3,03:53.5,,
5905,Ugly,Sugababes,,00:00:00,03:50.9,2005,
5906,In Too Deep,Sum 41,,00:08.5,03:25.1,,
5907,Juxtapozed With U,Super Furry Animals,,00:13.6,03:08.2,,
5908,Grace,Supergrass,,00:20.4,02:25.3,,
5909,All The Things She Said,T.A.T.U.,,00:00:00,03:24.2,,
5910,Break Your Heart,Taio Cruz,,00:00:00,03:20.7,,
5911,Come On Girl,Taio Cruz,,00:00.5,03:29.0,,
5912,Greatest Day,Take That,,00:18.1,03:50.2,2008,
5913,Patience,Take That,,00:04.4,03:14.6,2006,
5914,Rule The World,Take That,,00:00.3,03:50.1,2007,
5915,Said It All,Take That,,00:00:00,04:08.3,,
5916,Shine,Take That,,00:05.4,03:27.0,,
5917,Up All Night,Take That,,00:04.6,03:14.9,,Fade
5918,Love Story,Taylor Swift,,00:15.7,03:49.7,2008,
5919,In Demand,Texas,,00:00:00,03:49.5,2000,
5920,Inner Smile,Texas,,00:06.6,03:40.2,,
5921,How To Save A Life,The Fray,,00:07.3,04:19.6,,
5922,Over My Head (Cable Car),The Fray,,00:00:00,03:56.0,,
5923,Flawless,The Ones,,00:00:00,03:09.2,,
5924,Give It To Me,Timbaland Feat. Justin Timberlake & Nelly Furtado,,00:00.5,03:23.7,2007,
5925,The Way I Are,Timbaland Feat. Keri Hilson,,00:13.1,03:29.8,,
5926,Scream,"Timberland, Keri Hilson & Nicole Scherzinger",,00:09.6,03:38.3,,
5927,Never Leave You,Tinchy Stryder & Amelle,,00:00:00,03:28.0,2009,
5928,Take Me Back,Tinchy Stryder Feat Taio Cruz,,00:00.3,03:28.7,2008,
5929,Number 1,Tinchy Stryder Featuring N Dubz,,00:00.3,03:28.6,,
5930,Burning Down the House,Tom Jones & Cardigans,,00:04.4,03:26.9,,
5931,Mama Told Me Not To Come,Tom Jones & Stereophonics,,00:09.2,02:54.5,2000,
5932,Loneliness,Tomcraft,,00:07.3,03:34.7,,
5933,Achilles Heel,Toploader,,00:00:00,04:18.5,1999,
5934,Dancing In The Moonlight,Toploader,,00:14.3,03:38.9,1999,
5935,Only For A While,Toploader,,00:00:00,04:08.0,,
5936,Some Kind of Wonderful,Toploader,,00:00:00,03:14.0,,
5937,Time of My life,Toploader,,00:00:00,03:27.9,,
5938,Drops of Jupiter,Train,,00:11.7,04:12.9,,
5939,Coming Around,Travis,,00:00:00,03:09.3,,
5940,Flowers In The Window,Travis,,00:19.9,03:22.0,,
5941,Side,Travis,,00:15.4,03:37.7,,
5942,Sing,Travis,,00:32.3,03:38.9,2001,
5943,Walking In The Sun,Travis,,00:00:00,03:02.5,2004,
5944,Out Of Your Mind,Truesteppers & Dane Bowers,,00:00:00,03:23.3,,
5945,Pain Killer,Turin Brakes,,00:18.9,03:36.4,2003,
5946,Underdog (Save Me),Turin Brakes,,00:00:00,03:35.0,,
5947,Either Way,Twang,,00:25.5,03:32.1,,
5948,Beautiful Day,U2,,00:13.0,03:54.8,2000,
5949,Electrical Storm,U2,,00:00:00,04:26.8,,
5950,Elevation,U2,,00:06.7,03:30.7,,
5951,Get On Your Boots,U2,,00:13.3,00:03:22,,
5952,Sometimes You Can't Make It On Your Own,U2,,00:20.1,04:36.6,,
5953,Stuck In A Moment You Can't Get Out Of,U2,,00:12.8,04:27.9,,
5954,Vertigo,U2,,00:03.5,03:05.8,,
5955,Pretty Green Eyes,Ultrabeat,,00:03.0,03:18.5,,
5956,Follow Me,Uncle Cracker,,00:09.2,03:30.7,,
5957,Caught Up,Usher,,00:01.2,03:41.7,,
5958,Confessions Part II,Usher,,00:00:00,03:30.4,2004,
5959,Love In This Club,Usher,,00:01.3,04:14.4,,
5960,Pop Ya Collar,Usher,,00:00:00,03:36.3,2000,
5961,Yeah,Usher,,00:00.5,04:08.2,,
5962,A Thousand Miles,Vanessa Carlton,,00:10.6,03:53.7,2002,
5963,Dont Play Nice,Verbalicious,,00:00:00,02:45.7,,
5964,Untouched,Veronicas,,00:00:00,04:13.2,,
5965,Not Such An Innocent Girl,Victoria Beckham,,00:00:00,03:17.9,,
5966,Same Jeans,View,,00:06.6,03:30.9,,
5967,No Letting Go,Wayne Wonder,,00:07.1,03:16.3,2002,
5968,Hash Pipe,Weezer,,00:08.5,03:04.5,2001,
5969,Amazing,Westlife,,00:00:00,02:49.6,,
5970,Uptown Girl,Westlife,,00:00.6,02:57.4,,Fade
5971,World Of Our Own,Westlife,,00:00:00,03:27.8,,
5972,You Raise Me Up,Westlife,,00:06.3,03:54.4,,
5973,A Little Respect,Wheatus,,00:00:00,03:27.3,,
5974,Teenage Dirtbag,Wheatus,,00:15.0,03:50.6,2000,
5975,I Learned From The Best,Whitney Houston,,00:00:00,03:55.6,,
5976,If I Told You That,Whitney Houston,,00:17.9,04:20.9,,
5977,Million Dollar Bill,Whitney Houston,,00:09.0,03:20.3,2009,
5978,Wearing My Rolex,Wiley,,00:07.1,02:47.2,,
5980,Switch,Will Smith,,00:00:00,03:18.0,2005,
5981,All Time Love,Will Young,,00:12.1,03:42.8,2006,
5982,Changes,Will Young,,00:06.2,03:07.3,,
5983,Grace,Will Young,,00:02.1,04:27.8,2006,
5984,Leave Right Now,Will Young,,00:11.4,03:24.6,2003,
5985,Switch It On,Will Young,,00:00:00,03:47.2,,
5986,Who Am I,Will Young,,00:05.4,04:21.4,,
5987,Heartbreaker,Will.i.am Feat. Cheryl Cole,,00:15.5,03:44.1,,
5988,Backfire at The Disco,Wombats,,00:07.3,03:07.0,2007,
5989,Wu Tang Clan,Gravel Pit,,00:00.2,03:36.9,,
5990,Perfect Gentleman,Wyclef Jean,,00:00:00,03:17.2,,
5991,911,Wyclef Jean Feat. Mary J. Blige,,00:00:00,04:21.2,,
5992,Lazy,X Press 2 Feat. David Byrne,,00:22.1,04:07.2,,
5993,New Soul,Yael Naim,,00:00:00,03:40.1,,
5994,Drop It Like Its Hot (Clean),Snoop Dogg Feat. Pharell,,00:02.6,04:19.1,,
5995,Shock of The Lightning,Oasis,,00:28.0,04:36.8,,
5996,Naked In The Rain,Blue Pearl,,00:00:29,00:03:44,,Fade
5997,The Last Of The Famous Interna,Morrissey,,00:00:00,03:27.7,,
5998,The Music's No Good Without Yo,Cher,,00:00:00,03:45.3,,
5999,Tropic Island Hum,Paul McCartney,,00:00:00,03:09.2,,
6000,Starstrukk (Clean),3OH!3,,00:13.3,03:19.5,,
6001,Rumour Has it,Adele,,00:12.2,03:39.0,2011,
6002,Skyfall,Adele,,00:31.5,04:42.3,2012,End
6003,Someone Like You,Adele,,00:13.3,04:39.3,2011,
6004,Hang Loose,Alabama Shakes,,00:17.3,02:19.5,,
6005,Hold On,Alabama Shakes,,00:27.6,03:43.0,,
6006,Too Close,Alex Clare,,00:30.6,04:09.2,2011,
6007,Broken Heels,Alexandra Burke,,00:06.5,03:33.3,,
6008,Mr Saxobeat,Alexandra Stan,,00:16.8,02:29.7,,
6009,Good Girl,Alexis Jordan,,00:14.3,03:49.4,,
6010,Happiness,Alexis Jordon,,00:15.9,03:59.6,,
6011,Empire State Of Mind (Part II),Alicia Keys,,00:05.7,03:31.5,2010,
6012,Girl On Fire,Alicia Keys,,00:00.4,03:39.9,2012,
6013,Beekeepers Daughter,All American Rejects,,00:07.2,03:32.8,2012,
6014,I Need A Dollar,Aloe Black,,00:10.5,03:59.9,,
6015,Alone Again,Alysssa Reid,,00:00.9,03:41.8,,
6016,You Bring Me Joy,Amelia Lily,,00:15.0,03:42.0,,
6017,Levels,Avicii,,00:07.5,03:12.8,2011,
6018,I Could Be the one,Avicii Feat Nicky Romero,,00:09.1,03:27.3,,
6019,212 (Clean),Azealia Banks,,00:15.6,03:22.0,,
6020,Nothing On You,B.o.B,,00:02.0,04:21.2,,
6021,So Good,B.o.B,,00:11.2,03:27.4,,
6022,Airplanes Pt.2,B.O.B Feat. Hayley Williams,,00:09.3,04:02.1,,
6023,Only Love,Ben Howard,,00:11.7,04:05.7,,
6024,Cinema,Benny Benassi,,00:16.7,02:59.1,2011,
6025,Best Thing I Never Had,Beyonce,,00:00.5,04:09.2,,
6026,Love On Top,Beyonce,,00:09.0,04:22.1,,
6027,Walk Idiot Walk,Hives,,00:00:00,03:30.2,2004,
6028,We Made You,Eminem,,00:00:00,04:14.3,2009,
6029,Whatcha Think About That,Pussycat Dolls,,00:00:00,03:45.0,,
6030,Whatchulookinat,Whitney Houston,,00:00:00,03:29.4,,
6031,Whenever You Call,Mariah Carey & Brian McKnight,,00:00:00,04:16.8,2015,
6032,I Gotta Feeling,Black Eyed Peas,,00:28.7,04:48.1,2009,
6033,Just Can't Get Enough,Black Eyed Peas,,00:00.7,03:38.9,,
6034,The Time (Dirty Bit),Black Eyed Peas,,00:17.3,04:53.0,,
6035,Im Not gonna teach your boyfriend,Black Kids,,00:29.7,03:38.4,,
6036,Grenade,Bruno Mars,,00:02.1,03:35.9,2010,
6037,Just The Way You Are,Bruno Mars,,00:17.3,03:33.6,,
6038,Locked Out Of Heaven,Bruno Mars,,00:01.3,03:47.6,2012,
6039,Marry You,Bruno Mars,,00:12.4,03:46.3,2018,
6040,The Lazy Song,Bruno Mars,,00:00.5,03:07.3,2011,
6041,Down The Road,C2C,,00:07.5,03:23.8,2012,
6042,Happy,C2C,,00:00.2,03:49.7,,
6043,Feel So Close,Calvin Harris,,00:00.8,03:21.9,,
6044,Ready For The Weekend,Calvin Harris,,00:03.0,03:35.7,2009,
6045,We'll Be Coming Back,Calvin Harris,,00:01.1,03:44.3,,
6046,Lets Go,Calvin Harris Feat. NeYo,,00:14.3,03:46.9,,
6047,Sweet Nothing,Calvin Harris Feat. Florence & The Machine,,00:01.8,03:25.3,,
6048,Bounce,"Calvin Harris, Kelis",,00:03.0,03:35.2,2011,
6049,Call Me Maybe,Carly Rae Jepsen,,00:03.9,03:10.1,,
6050,Bright Lights Bigger City,Cee Lo Green,,00:34.6,03:36.8,2011,
6051,Forget You,Cee Lo Green,,00:07.5,03:39.7,2010,
6052,It's OK,Cee Lo Green,,00:16.6,03:40.9,,
6053,Wherever You Will Go,Charlene Soraia,,00:00.6,03:11.8,2011,
6054,Blind Faith,Chase & Status,,00:13.1,03:46.6,,
6055,Want U Back,Cher Llyod,,00:00.4,03:32.1,,
6056,With Ur Love,Cher Llyod,,00:00.1,03:45.0,,
6057,Call My Name,Cheryl,,00:19.5,03:24.7,,
6058,Under The Sun,Cheryl,,00:20.1,03:28.3,1999,
6059,Ray Charles,Chiddy Bang,,00:01.2,03:39.8,2012,
6060,Champion,Chipmunk,,00:00.2,03:53.1,2011,
6061,Diamond Rings,Chipmunk,,00:07.5,02:59.3,,
6064,Jar of Hearts,Christina Perri,,00:00.7,04:02.2,2010,
6065,Princess of China,Coldplay Feat. Rihanna,,00:33.4,03:51.8,,
6067,Turn Around,Conor Maynard,,00:15.2,03:49.6,,
6068,Vegas Girl,Conor Maynard,,00:10.9,02:43.7,,
6069,Explode,Cover Drive Feat. Dappy,,00:01.4,03:20.9,,
6070,No Regrets,Dappy,,00:02.0,03:57.7,,
6071,Rockstar,Dappy Feat. Brain May,,00:00.5,03:35.4,,
6072,She Wolf,David Guetta,,00:08.0,03:42.0,,
6073,Titanium,David Guetta,,00:15.1,03:52.5,2011,
6074,Gettin' Over You,David Guetta Feat Fergie,,00:03.5,03:03.9,2010,
6075,Without You,David Guetta Feat. Usher,,00:14.9,03:26.0,,
6076,Channel 42,Deadmau5,,00:15.1,04:47.1,,
6077,Bass Down Low (Clean),DEV,,00:00.5,03:28.6,,
6078,Watchtower,Devlin Feat Ed Sheeran,,00:01.2,03:37.1,2012,
6079,Coming Home,Diddy & Dirty Money,,00:00.6,03:57.8,2010,
6080,Louder,DJ Fresh & Sian Evans,,00:09.3,03:23.3,,
6081,Hot Right Now,DJ Fresh,,00:11.3,02:56.4,2012,
6082,Default,Django Django,,00:41.3,03:03.0,2011,
6083,Barbara Streisand,Duck Sauce,,00:06.5,02:19.4,,
6084,Lego House,Ed Sheeran,,00:06.8,03:00.5,2011,
6085,The A Team,Ed Sheeran,,00:11.9,04:16.5,,
6086,"You Need Me, I Dont Need You (Clean)",Ed Sheeran,,00:11.4,03:37.8,,
6087,Pack Up,Eliza Doolite,,00:13.7,03:06.5,,
6088,Anything Could Happen,Ellie Goulding,,00:09.3,04:41.4,2012,
6089,Figure 8,Ellie Goulding,,00:14.3,03:31.6,,
6090,Starry Eyed,Ellie Goulding,,00:02.2,02:54.7,,
6091,The Writer,Ellie Goulding,,00:20.1,03:54.2,2009,
6092,You My Everything,Ellie Goulding,,00:11.9,03:24.8,,
6093,Your Song,Ellie Goulding,,00:03.8,03:02.3,,
6094,Clown,Emeli Sande,,00:01.1,03:33.3,,
6095,Next to Me,Emeli Sande,,00:00:10,03:12.4,,
6096,Read All About it (Pt III),Emeli Sande,,00:18.1,04:38.3,,
6097,Not Afraid (Clean),Eminem,,00:00.3,04:08.0,,
6098,Love The Way You Lie,Eminem Feat Rihanna,,00:00.6,04:21.0,2010,
6099,All the Wrong Places,Example,,00:14.0,03:20.4,2013,
6100,Change the Way you Kiss Me,Example,,00:07.8,03:11.2,2011,
6101,Kickstarts,Example,,00:15.2,02:59.3,,
6102,Stay Awake,Example,,00:16.1,03:20.2,2011,
6103,Wont Go Quietly,Example,,00:14.6,04:00.6,,
6104,Like a G6,Far East Movement,,00:00.1,03:35.8,2010,
6105,Good Feeling,Flo Rida,,00:07.3,04:05.3,2011,
6106,Whistle,Flo Rida,,00:08.2,03:41.5,,
6107,Shake It Out,Florence & The Machine,,00:01.1,04:28.3,,
6108,Spectrum (Calvin Harris Remix),Florence & The Machine,,00:00.9,03:31.3,,
6109,Superbad,Flux Pavillion,,00:04.8,03:38.6,,
6110,Call It What You Want,Foster The People,,00:33.6,03:58.0,,End
6111,Dont Stop (Colour the Walls),Foster The People,,00:14.3,02:52.1,,
6112,Pumped Up Kicks,Foster The People,,00:33.4,03:51.9,,
6113,The Way I Tend to Be,Frank Turner,,00:21.0,03:38.3,,
6114,Wessex Boy,Frank Turner,,00:00.1,03:26.8,,
6115,We Are Young,Fun.,,00:08.1,04:05.8,,
6116,Somebody That I Used to Know,Gotye,,00:18.3,04:02.1,2011,
6117,Stereo Hearts,Gym Class Heroes (Feat. Adam Levine),,00:00.5,03:29.7,,
6118,Tonight Tonight,Hot Chelle Rae,,00:00.1,03:12.2,,
6119,Wonderful life,Hurtz,,00:14.9,04:10.3,,
6120,Mayhem,Imelda May,,00:16.3,02:42.9,,
6121,Replay,Iyaz,,00:00.6,03:00.5,2009,
6122,Solo,Iyaz,,00:00.4,03:12.1,2010,
6123,Im Shakin',Jack White,,00:18.4,02:55.2,,
6124,Sixtee Saltines,Jack White,,00:08.6,02:31.9,,
6125,Lightning Bolt,Jake Bugg,,00:08.3,02:20.1,,
6126,Taste It,Jake Bugg,,00:08.3,02:19.7,,
6127,I Wont Let You Go,James Morrison,,00:07.9,03:46.5,,
6128,In My Head,jason derulo,,00:03.4,03:15.8,2009,
6129,No Church In The World (Clean),Jay Z & Kanye West,,00:11.2,04:06.1,,
6130,Paris,Jay-Z & Kayne West,,00:13.6,03:31.4,,
6131,On The Floor,Jennifer Lopez Feat. Pitbull,,00:05.0,03:47.2,2011,
6132,Do It like A Dude (Clean),Jessie J,,00:12.2,03:12.1,,
6133,Domino,Jessie J,,00:05.8,03:47.5,2011,
6134,Laserlight,Jessie J,,00:07.1,03:25.3,,
6135,One Shot,JLS,,00:06.9,03:37.7,,
6136,She Makes Me Wanna,JLS,,00:01.3,03:36.9,,End
6137,Eyes Wide Shut,JLS Feat. Tinie Tempah,,00:00.2,03:47.6,2011,
6138,Baby,Justin Bieber,,00:02.1,03:27.8,2010,
6139,Boyfriend,Justin Bieber,,00:09.2,02:49.4,,
6140,Take Back the Night,Justin Timberlake,,00:24.2,05:53.4,,
6141,Brokenhearted,Karmin,,00:15.8,03:44.2,,
6142,Broken Record,Katy B,,00:05.4,03:14.9,,
6143,Katy on a Mission,Katy B,,00:27.4,04:04.3,2010,
6144,Lights On,Katy B,,00:03.1,03:22.3,,
6145,E.T. (Feat. Kayne West),Katy Perry,,00:06.2,03:48.8,,
6146,Firework,Katy Perry,,00:07.6,03:45.1,2010,
6147,Last Friday Night,Katy Perry,,00:07.1,03:49.5,2010,
6148,Part of Me,Katy Perry,,00:01.7,03:29.3,,
6149,Teenage Dream,Katy Perry,,00:04.0,03:45.1,,
6150,Wide Awake,Katy Perry,,00:00.1,03:37.6,,
6151,California Gurls,Katy Perry Feat. Snoop Dogg,,00:07.3,03:50.8,2010,
6152,Acapella,Kelis,,00:29.2,04:07.0,,
6153,Mr Know It All,Kelly Clarkson,,00:09.7,03:48.3,2011,
6154,Stronger,Kelly Clarkson,,00:08.4,03:38.1,,
6155,Die Young,Kesha,,00:06.7,03:30.7,,
6156,Tik Tok - Do not play,Kesha,,00:00.1,03:17.6,,
6157,We Are Who We Are,Kesha,,00:06.8,03:24.1,,
6158,2 Bit Blues,Kid Koala,,00:19.7,03:21.8,,
6159,Radioactive,Kings Of Leon,,00:22.1,03:24.5,2010,
6160,Beneath Your Beautiful,Labrinth & Emeli Sande,,00:10.7,04:23.4,,
6161,Express Yourself,Labrinth,,00:02.2,03:47.4,2012,
6162,Last Time,Labrinth,,00:00.2,04:08.8,,
6163,Earthquake,Labrinth Feat. Tinie Tempah,,00:12.2,03:33.1,2011,
6164,Telephone,Lady Gaga & Beyonce,,00:07.6,03:39.2,,
6165,Judas,Lady Gaga,,00:01.0,04:05.8,,
6166,The Edge of Glory,Lady Gaga,,00:07.2,05:05.6,2011,
6167,You & I,Lady Gaga,,00:11.1,04:58.2,,
6168,Blue Jeans,Lana Del Rey,,00:08.0,03:27.4,2011,
6169,Born To Die,Lana Del Rey,,00:13.1,04:41.9,,
6170,video games,Lana Del Rey,,00:19.4,04:39.6,2011,
6171,DNA,Little Mix,,00:16.9,03:55.2,2012,
6172,Wings,Little Mix,,00:03.2,03:36.9,2012,
6173,Dedication to My Ex,Llyod,,00:01.9,03:50.4,,
6174,Party Rock Anthem,LMFAO,,00:17.8,04:19.8,2011,
6175,Sexy & I Know It,LMFAO,,00:12.5,03:14.3,,
6176,Last Night (Beer Fear),Lucy Spraggan,,00:10.0,02:09.4,2013,
6177,Ho Hey,Lumineers,,00:11.9,02:29.9,,
6178,Midnight City,M83,,00:37.7,03:53.9,,
6179,Finale,Madeon,,00:11.5,03:17.6,,
6180,Iciris,Madeon,,00:37.4,03:30.4,,
6181,Buzzin',Mann Feat 50 Cent,,00:06.0,03:43.6,,
6182,Hollywood,Marina & The Diamonds,,00:00.2,03:19.7,2010,
6183,Power & Control,Marina & The Diamonds,,00:08.0,03:44.0,,
6184,Primaddona Girl,Marina & The Diamonds,,00:00.3,03:36.7,,
6185,Bang Bang Bang,Mark Ronson,,00:00:00,04:02.4,,End
6186,One More Night,Maroon 5,,00:09.3,03:37.3,2012,
6187,Payphone,Maroon 5,,00:00.4,03:49.7,2012,
6188,Moves Like Jagger,Maroon 5 Feat. Christina Aguilera,,00:07.1,03:20.2,2011,
6189,Hello,Martin Solvieg,,00:44.8,04:39.1,,
6190,I Need,Maverick Sabre,,00:10.0,03:48.6,,
6191,Let Me Go,Maverick Sabre,,00:13.7,03:26.4,,
6192,These Days,Maverick Sabre,,00:22.5,03:34.4,,
6193,Hollywood,Michael Buble,,00:00.7,04:01.6,,
6194,Its a Beautiful Day,Michael Buble,,00:07.5,03:14.9,,
6195,Home Again,Michael Kiwanuka,,00:05.7,03:26.4,2012,
6196,Paddling Out,Miike Snow,,00:14.7,03:34.8,,
6197,Cooler Than Me,Mike Posner,,00:00.2,03:30.4,,
6198,I Will Wait,Mumford & Sons,,00:16.3,04:32.5,2012,
6199,Lover Of The Light,Mumford & Sons,,00:00.5,05:01.6,,
6200,The Cave,Mumford & Sons,,00:13.3,03:31.4,2009,
6201,Young Blood,Naked & Famous,,00:21.0,03:46.5,,
6202,Wonder,Naughty Boy Feat Emeli Sande,,00:15.0,03:21.3,,
6203,Let Me Love You,Ne Yo,,00:07.2,04:08.6,2012,
6204,Guilt,Nero,,00:12.9,02:54.3,,
6205,Me & You,Nero,,00:33.2,03:49.6,,
6206,Promises,Nero,,00:26.5,04:06.5,,
6207,Girls Fall Like Dominos (Clean),Nicki Minaj,,00:03.7,03:21.5,,
6208,Pound The Alarm (Clean),Nicki Minaj,,00:01.2,03:21.3,,
6209,Starships (Clean),Nicki Minaj,,00:05.8,03:28.6,,
6210,Super Bass (Clean),Nicki Minaj,,00:09.0,03:18.8,,
6211,Boomerang,Nicole Scherzinger,,00:07.4,03:15.1,2013,
6212,Dont Hold Your Breath,Nicole Scherzinger,,00:07.8,03:16.1,,
6213,L.I.F.E.G.O.E.S.O.N,Noah & The Whale,,00:12.1,03:32.4,,
6214,Tonights The Kind of Night,Noah & The Whale,,00:15.6,03:03.7,,
6215,AKA What A Life,Noel Gallagher's High Flying Birds,,00:08.1,04:08.2,2011,
6216,Everybodys On the Run,Noel Gallagher's High Flying Birds,,00:49.8,05:14.6,2012,
6217,Little Talks,Of Monsters And Men,,00:18.5,04:02.5,,
6218,Dance With Me Tonight,Olly Murs,,00:07.0,03:20.7,2011,
6219,Thinking of Me,Olly Murs,,00:17.2,03:23.4,,
6220,Heart Skips A Beat,Olly Murs feat. Rizzle Kicks,,00:02.0,03:19.6,2011,
6221,TroubleMaker,"Olly Murs, Flo Rida",,00:00.1,03:02.1,2012,
6222,Kiss You,One Direction,,00:04.2,03:01.7,2013,
6223,Live While We're Young,One Direction,,00:07.3,03:17.2,2012,
6224,One Thing,One Direction,,00:03.4,03:13.0,,
6225,What Makes you Beautiful,One Direction,,00:07.0,03:16.5,2011,
6226,Fireflies,Owl City,,00:10.3,03:06.2,2009,
6227,Good Time,Owl City feat. Carly Rae Jepson,,00:03.8,03:18.1,,
6228,30 Min Love Affair,Paloma Faith,,00:00.3,03:17.2,,
6229,Never Tear Us Apart,Paloma Faith,,00:15.6,03:01.9,,
6230,New York,Paloma Faith,,00:09.2,03:34.5,,
6231,Picking Up The Pieces,Paloma Faith,,00:12.7,04:00.5,,
6232,Romance Is Dead,Paloma Faith,,00:08.6,03:03.5,,
6233,Stone Cold Sober,Paloma Faith,,00:05.8,02:50.5,,
6234,Upside Down,Paloma Faith,,00:10.8,03:06.2,,
6235,Take A Walk,Passion Pit,,00:43.7,04:13.6,2012,
6236,Watercolour,Pendulum,,00:44.6,04:48.0,,
6237,Blow Me (One Last Kiss),Pink,,00:00:00,04:12.3,,
6238,Raise Your Glass,Pink,,00:07.8,03:20.1,,
6239,All About Tonight,Pixie Lott,,00:14.4,03:00.8,2011,
6240,Gravity,Pixie Lott,,00:00.2,03:34.7,,
6241,Kiss The Stars,Pixie Lott,,00:07.2,03:14.0,,
6242,What Do You Take me For,Pixie Lott,,00:03.1,02:53.7,,
6243,iLL Manors (Clean),Plan B,,00:08.3,03:39.2,,
6244,She Said,Plan B,,00:06.5,03:20.1,,
6245,I Need You Tonight,Professor Green,,00:11.9,03:18.3,,
6246,Read All About It (Clean),Professor Green Feat Emeli Sande,,00:00.0,03:50.5,,
6247,Just Be Good To Green,Professor Green Feat. Lily Allen,,00:00.4,03:10.8,,
6248,Backtrack,Rebecca Ferguson,,00:00.6,03:04.0,,
6249,Nothing's Real But Love,Rebecca Ferguson,,00:14.7,02:48.1,,
6250,California King Bed,Rihanna,,00:11.1,04:09.2,,
6251,Diamonds,Rihanna,,00:00.7,03:40.2,2012,
6252,Only Girl (In The World),Rihanna,,00:00.4,03:51.5,2010,
6253,Rude Boy,Rihanna,,00:10.7,03:41.5,2010,
6254,S&M (Clean),Rihanna,,00:00.2,04:00.9,,
6255,We Found love,Rihanna,,00:07.9,03:31.7,2011,
6256,Where Have You Been,Rihanna,,00:00.4,04:00.6,2012,
6257,Whats My Name,Rihanna Feat. Drake,,00:00.1,04:21.8,,
6258,How We Do (Party),Rita Ora,,00:04.1,04:00.4,2012,
6259,R.I.P,Rita Ora,,00:01.6,03:44.2,2012,
6260,Down with the Trumpets,Rizzle Kicks,,00:09.5,03:03.6,,
6261,Mama Do the Hump,Rizzle Kicks,,00:19.3,03:35.6,2011,
6262,Travellers Chant,Rizzle Kicks,,00:10.7,03:25.2,,
6263,When I Was Youngster,Rizzle Kicks,,00:13.3,02:51.4,,
6264,Shame,Robbie Williams & Gary Barlow,,00:15.1,03:48.7,,
6265,Candy,Robbie Williams,,00:07.0,03:17.2,,Fade
6266,Good Times,Roll Deep,,00:01.6,03:40.9,,
6267,Waiting All Night,Rudimental,,00:00.8,04:52.2,2013,
6268,Not Giving In,Rudimental Feat John Newman & Alex Clare,,00:00.2,03:58.4,,
6269,Feel The Love,Rudimental Feat John Newman,,00:08.7,04:04.4,2012,
6270,Free,Rudimental Feat. Emeli Sande,,00:20.5,03:33.2,,
6271,Bom Bom,Sam & the Womp,,00:00.1,02:51.5,2012,
6272,30 Days,Saturdays,,00:14.3,03:01.4,,
6273,Ego,Saturdays,,00:00.7,02:57.6,2009,
6274,Higher,Saturdays,,00:00.7,03:15.5,,
6275,Fire with Fire,Scissor Sisters,,00:06.6,04:09.8,,
6276,Millionaire,Scouting for Girls,,00:08.0,02:55.4,,
6277,This Ain't A Love Song,Scouting for Girls,,00:10.8,03:06.0,,
6278,Hall of Fame,"Script, Will.I.am",,00:21.5,03:17.9,,
6279,Summer Paradise,Simple Plan,,00:01.5,03:49.5,,
6280,Amnesia,Skepta,,00:13.9,03:53.8,2011,
6281,Bangarang,Skrillex,,00:08.5,03:26.7,,
6282,Sweat,Snoop Dogg Feat. David Guetta,,00:03.0,03:14.4,,
6283,Black Heart,Stooshe,,00:08.7,03:25.4,,
6284,Love Me,Stooshe,,00:03.8,03:03.0,,
6285,My Man Music,Stooshe,,00:00.3,03:26.2,,
6286,She Doesnt Mind,Sean Paul,,00:09.5,03:45.8,,
6287,Antidite,Swedish House Mafia,,00:07.4,02:54.8,,
6288,Don't You Worry,Swedish House Mafia,,00:06.2,03:27.9,2012,
6289,Save The World,Swedish House Mafia,,00:07.5,03:30.4,,
6290,Dynamite,Taio Cruz,,00:07.7,03:18.8,,
6291,Kidz,Take That,,00:33.2,04:35.5,,
6292,The Flood,Take That,,00:07.4,04:36.8,,
6293,Elephant,Tame Impala,,00:03.9,03:28.2,2012,
6294,22,Taylor Swift,,00:04.4,03:46.7,,
6295,I Knew You Were Trouble,Taylor Swift,,00:03.1,03:36.9,2012,
6296,We Are Never Getting Back Together,Taylor Swift,,00:05.3,03:10.6,,
6297,Sweet Disposition,Temper Trap,,00:07.2,03:50.1,2008,
6298,Curse Me Good,The Heavy,,00:16.5,04:53.6,,
6299,How do you like me now,The Heavy,,00:15.7,03:32.5,2009,
6300,For The First Time,The Script,,00:00.3,04:07.2,2010,
6301,If We Ever Meet Again,Timberland feat Katy Perry,,00:09.7,03:57.9,,
6302,Carry Out,Timberland Feat. Justin Timberlake,,00:04.8,03:54.7,,
6303,Bright Lights,Tinchy Stryder Feat. Pixie Lott,,00:00.2,03:22.7,,
6304,Frisky  (Clean ),Tinie Tempah,,00:06.3,03:35.9,,
6305,Pass Out (Clean),Tinie Tempah,,00:02.5,03:55.0,,
6306,Wonderman,Tinie Tempah,,00:01.1,03:33.1,,
6307,Written in the Stars,Tinie Tempah,,00:01.6,03:36.5,2010,
6308,Drive By,Train,,00:03.5,03:11.7,,
6309,Hey Soul Sister,Train,,00:01.5,03:31.4,2009,
6310,Billionaire,Travis McCoy,,00:00.8,03:28.9,2010,
6311,Young,Tulisa,,00:01.9,03:29.6,,
6312,Changing of the Season,Two Door Cinema Club,,00:06.0,03:37.7,,
6313,Sleep Alone,Two Door Cinema Club,,00:12.7,03:52.8,2012,
6314,Scream,Usher,,00:04.4,03:53.8,2012,
6315,OMG,Usher Feat Will.I.am,,00:00.9,04:26.3,,
6316,DJ Got Us Fallin' In Love,Usher Feat. Pitbull,,00:04.0,03:39.3,2010,
6317,No Hope,Vaccines,,00:09.3,04:03.3,,
6318,All Time Low,Wanted,,00:14.3,03:21.9,,
6319,Glad You Came,Wanted,,00:00.9,03:12.0,2011,
6320,Gold Forever,Wanted,,00:00.4,03:52.1,,
6321,I Found You,Wanted,,00:13.3,03:53.9,,
6322,Lightning,Wanted,,00:07.1,03:18.8,,
6324,Scream & Shout,Will.i.Am & Britney,,00:13.8,04:11.0,,
6325,This Is Love,will.i.am,,00:14.5,04:38.2,1990,
6326,Black and Yellow (Clean),Wiz Khalifa,,00:00.5,03:35.6,,
6327,Unorthodox,Wretch 32 Feat Example,,00:01.3,02:59.9,,
6328,We No Speak Americano,Yolanda Be Cool,,00:01.3,02:25.6,2010,
6329,Club Cant Handle Me,Flo Rida,,00:13.8,03:49.6,,
6332,Wild Horses,Susan Boyle,,00:00:00,04:42.2,,
6333,Wires,Athlete,,00:00:00,03:59.3,,
6334,Wonderful,Gary Go,,00:00:00,03:31.8,,
6335,Wow,Kylie Minogue,,00:00:00,03:08.4,2008,
6336,You Raise Me Up,Josh Groban,,00:00:00,04:38.1,,
6337,You Rock My World,Michael Jackson,,00:00:00,05:05.7,2001,
6338,Your Game,Will Young,,00:00:00,04:06.5,2004,
6339,Chandelier,Sia,,00:00:00,03:30.4,2014,
6340,Reaper,Sia,,00:00:00,03:36.3,2016,
6341,Rolling in the deep,Adele,,00:00:00,03:43.9,2010,
6342,Tessalate,Alt-J,,00:00:00,03:12.5,,
6343,Don't Tell Me That It's Over,Amy MacDonald,,00:00:00,03:11.4,,
6344,Keep Holding On,Avril Lavigne,,00:00:00,03:58.7,,
6345,Ready Or Not,Bridgit Mendler,,00:00:00,03:18.9,,
6346,Ain't Good Enough For You,Bruce Springsteen,,00:00:00,03:54.1,,
6347,I Really Like You,Carly Rae Jepsen,,00:00:00,03:20.3,,
6348,I Want You,Cee Lo Green,,00:00:00,03:32.6,,
6349,They Dont Know,Disciples,,00:00:00,05:27.9,,
6350,In The Name of You,Elton John,,00:00:00,04:28.8,,
6351,Perfect Tense,Fallulah,,00:00:00,03:35.5,,
6352,A Hundred Sinners (Come And Ge,Feeling,,00:00:00,03:32.6,,
6353,Wicked Love,Foxes,,00:00:00,03:07.4,,
6354,Face To Face,Gary Barlow Feat. Elton John,,00:00:00,03:19.9,,
6355,Kelly Clarkson,Heartbeat Song,,00:00:00,03:16.0,,
6356,Someone New,Hozier,,00:00:00,03:38.9,,
6357,Where It All Begins,Hunter Hayes & Lady Antebellum,,00:00:00,03:19.7,,
6358,Let It Go (from -Frozen),Idina Menzel,,00:00:00,03:32.5,,
6359,Want You Want Me,jason derulo,,00:00:00,03:24.0,2015,
6360,Proud,JLS,,00:00:00,03:49.8,2012,
6361,Born This Way,Lady Gaga,,00:00:00,04:03.2,2011,
6362,What You Dont Do,Lianne La Havas,,00:00:00,03:34.6,,
6363,Cannonball,Little Mix,,00:00:00,03:18.4,2011,
6364,(It's Not War) Just The End Of,Manic Street Preachers,,00:00:00,03:24.0,2010,
6365,The Bike Song,Mark Ronson & The Business Int,,00:00:00,04:04.1,,
6366,Skips A Beat,Olly Murs,,00:00:00,03:24.0,,
6367,Gotta Be You,One Direction,,00:00:00,03:43.9,2011,
6368,One Way Or Another (Teenage Ki,One Direction,,00:00:00,02:36.1,,
6369,Good Life,OneRepublic,,00:00:00,04:00.0,2010,
6370,Slow,Rumer,,00:00:00,03:24.5,2010,
6371,Chandelier,Sia,,00:00:00,03:30.4,2014,
6372,Reaper,Sia,,00:00:00,03:36.3,2016,
6373,Starlight,Sophie Ellis Bextor,,00:00:00,04:08.0,2011,
6374,VCR,The xx,,00:00:00,02:47.4,,
6375,Come Back To Me,Urban Cone,,00:00:00,03:00.4,,
6376,Jealousy,Will Young,,00:00:00,03:09.3,2011,
6377,I Want You To Know,Zedd & Selena Gomez,,00:00:00,03:58.3,2015,
6500,Attracting Files,AlunaGeorge,,00:09.6,03:06.9,,
6501,You Know You Like It,AlunaGeorge,,00:05.9,03:19.3,,
6502,Best Day of My Life,American Authors,,00:09.4,03:11.0,2013,
6503,Do I Wanna Know,Arctic Monkeys,,00:28.3,04:29.4,2013,
6504,Why'd You Only Call Me,Arctic Monkeys,,00:10.8,02:38.7,2013,
6505,This Is What It Feels Like,Armin Van Buuren,,00:13.2,00:03:20,2013,
6506,Hey Brother,Avicii,,00:03.8,04:10.8,,
6507,Wake Me Up,Avicii,,00:07.8,04:01.1,2013,
6508,You Make Me,Avicii,,00:20.0,03:44.9,,
6509,Laura Palmer,Bastille,,00:17.7,03:00.1,,
6510,Pompeii,Bastille,,00:17.5,03:31.3,,
6511,What I Might Do,Ben Pearce,,00:32.3,03:12.5,,
6512,Black Chandelier,Biffy Clyro,,00:00.2,04:01.0,,
6513,Because We Can,Bon Jovi,,00:00.0,03:55.6,,
6514,King of Everything,Boy George,,00:14.8,04:17.7,,
6515,Treasure,Bruno Mars,,00:02.1,02:49.5,2013,
6516,Under Control,Calvin Harris,,00:00.9,02:59.0,,
6517,Thinking About You,Calvin Harris Feat. Ayah Marar,,00:30.4,04:00.9,2013,
6518,I Need Your Love,Calvin Harris Feat. Ellie Goulding,,00:06.4,03:48.0,2013,
6519,Drinking from the Bottle,"Calvin Harris, Tinie Tempah",,00:13.2,03:50.6,,
6520,Safe & Sound,Capital Cities,,00:17.5,03:09.4,,
6521,Kiss The Sky,Cash Cash,,00:15.8,03:41.7,,
6522,Count on Me,Chase & Status,,00:00.4,03:27.7,,
6523,Lost & Not Found,Chase & Status,,00:29.3,04:08.4,,
6524,I Hope You Find It,Cher,,00:15.0,03:40.9,,
6525,Until You Were Gone,Chipmunk Feat Esmée Denters,,00:17.3,03:25.3,,End
6527,Gun,Chvrches,,00:08.0,03:41.0,,
6528,Miracle Mile,Cold War Kids,,00:06.8,02:58.7,,
6530,Animal,Conor Maynard Feat. Wiley,,00:01.4,03:21.1,,
6531,Get Lucky,Daft Punk Feat. Pharrell Williams,,00:14.9,04:00.5,2013,
6532,Where Them Girls At (Clean),David Guetta Feat. Flo Rida & Nicki Minaj,,00:01.3,03:13.5,,
6533,Play Hard,David Guetta Feat. NeYo,,00:14.7,03:25.0,,
6534,Heart Attack,Demi Lovato,,00:00.1,03:25.9,,
6535,Rewind,Devlin Feat. Diane Birch,,00:10.9,03:39.0,,
6536,Music To Make Boys Cry,Diana Vickers,,00:09.1,03:24.8,,
6537,F For You,Disclosure,,00:30.0,04:25.1,2013,
6538,White Noise,Disclosure,,00:04.4,03:33.8,,
6539,Goin' Crazy,Dizzie Rascal & Robbie Williams,,00:00.1,03:21.3,,
6540,Hold On Were Going Home,"Drake, Majid jordan",,00:18.4,03:33.9,2013,
6541,I See Fire,Ed Sheeran,,00:01.2,04:47.5,2013,End
6542,Let It Rain,Eliza Doolite,,00:00.7,03:44.7,,
6543,Big When I Was Little,Eliza Doolitle,,00:11.1,03:46.4,,
6544,Burn,Ellie Goulding,,00:11.0,03:47.9,2013,
6545,How Long Will I Love You,Ellie Goulding,,00:16.1,02:25.9,2013,
6546,Home Again,Elton John,,00:43.4,04:49.8,,
6547,Berzerk (Clean),Eminem,,00:00.6,03:54.0,,
6548,The Monster,Eminem Featuring Rihanna,,00:00.5,04:08.8,,
6549,Eat Sleep Rave Repeat,Fatboy Slim,,00:08.2,02:46.2,,
6550,Last Forever,Fenech Soler,,00:33.6,04:44.5,,
6551,My Number,FOALS,,00:17.2,03:54.7,2012,
6552,Youth,Foxes,,00:00.5,03:36.2,,
6553,Let Me Go,Gary Barlow,,00:04.0,03:29.3,,Fade
6554,Get Yourself Back Home,Gym Class Heroes,,00:04.4,03:38.5,,
6555,Dont Save Me,Haim,,00:03.9,03:48.0,,
6556,Falling,Haim,,00:08.5,04:17.1,2013,
6557,The Wire,Haim,,00:07.4,04:04.5,2013,
6558,All Night,Icona Pop,,00:07.7,03:03.7,2011,
6559,I Love it (Clean),Icona Pop,,00:07.5,02:32.5,,
6560,Bounce (Clean),Iggy Azalea,,00:07.7,02:44.5,,
6561,Its Time,Imagine Dragons,,00:17.6,03:53.5,,
6562,Radioactive,Imagine Dragons,,00:28.9,03:03.8,2012,
6563,Slumville Sunrise,Jake Bugg,,00:07.9,02:54.4,,
6564,What Doesnt Kill You,Jake Bugg,,00:08.3,02:03.8,,
6565,You're Nobody 'Til Somebody Loves You,James Arthur,,00:12.2,03:18.2,2013,End
6566,Bonfire Heart,James Blunt,,00:04.6,03:52.5,,
6567,It Girl,jason derulo,,00:02.4,03:06.9,,
6569,The Other Side,jason derulo,,00:02.9,03:42.8,,
6570,Holy Grail (Clean),Jay Z feat Justin Timberlake,,00:01.3,05:36.7,,End
6571,Its My Party,Jessie J,,00:06.7,03:34.7,2013,
6572,Wild,Jessie J,,00:07.6,03:46.1,2013,
6573,Cheating,John Newman,,00:15.1,03:29.8,2013,
6574,Losing Sleep,John Newman,,00:07.9,04:23.1,,
6575,Love Me Again,John Newman,,00:08.9,03:48.9,,
6576,Mirrors,Justin Timberlake,,00:24.5,05:27.3,,
6577,Suit & Tie (Clean),Justin Timberlake Feat. Jay Z,,00:00.1,04:24.9,,
6578,Fri-End,Kate Nash,,00:11.2,03:02.3,,
6579,Roar,Katy Perry,,00:05.4,03:41.2,2013,
6580,Unconditionally,Katy Perry,,00:07.3,03:44.4,,
6581,People Like Us,Kelly Clarkson,,00:16.7,04:16.7,,
6582,All I Want,Kodaline,,00:07.7,04:56.7,,
6583,Brand New Day,Kodaline,,00:26.7,03:21.4,,
6584,High Hopes,Kodaline,,00:00.8,03:44.8,,
6585,Applause,Lady Gaga,,00:13.7,03:27.8,,
6586,Summertime Sadness (Remx),Lana Del Rey,,00:06.9,03:32.7,,
6587,Green Garden,Laura Mvula,,00:07.5,04:04.8,,
6588,Thats Alright,Laura Mvula,,00:08.0,03:30.3,,
6589,Juliet,Lawson,,00:06.9,03:11.9,,
6590,Somewhere Only We Know,Lily Allen,,00:16.7,03:26.2,,
6591,Little Me,Little Mix,,00:12.8,03:28.7,,
6592,Move,Little Mix,,00:15.5,03:42.0,2013,
6593,Royals,Lorde,,00:00.3,03:08.0,,
6594,Cany Hold Us,Macklemore & Ryan Lewis,,00:20.2,04:17.0,,
6595,Thrift Shop (Clean),Macklemore & Ryan Lewis,,00:30.3,03:51.5,,
6596,Same Love,Macklemore & Rylan Lewis,,00:42.1,05:16.4,,
6597,Animals,Martin Garrix,,00:09.4,02:42.8,,
6598,We Can't Stop,Miley Cyrus,,00:00.2,03:48.9,,
6599,Wrecking Ball,Miley Cyrus,,00:07.6,03:35.3,2013,
6600,Panic Station (Clean),Muse,,00:09.5,03:01.5,,
6601,La La La,Naughty Boy,,00:15.4,03:36.1,,
6602,Lifted,"Naughty Boy, Emile Sande",,00:04.1,03:12.0,,
6603,Hey Porsche (Super Clean),Nelly,,00:04.0,03:25.8,,
6604,Army of Two,Olly Murs,,00:31.7,04:43.0,,
6605,Right Place Right TIme,Olly Murs,,00:07.9,03:09.2,,
6606,Best Song Ever,One Direction,,00:20.5,03:12.8,,
6607,Story Of My Life,One Direction,,00:15.4,04:00.1,2013,
6608,Counting Stars,OneRepublic,,00:00.2,04:14.0,2013,
6609,Still Into You,Paramore,,00:09.6,03:31.5,2013,
6610,Holes,Passenger,,00:15.2,03:32.8,2013,
6611,Let Her Go,Passenger,,00:25.9,04:04.9,2012,
6612,The Wrong Direction,Passenger,,00:15.8,03:35.1,,
6613,New,Paul McCartney,,00:04.4,02:53.2,,
6614,Just Give Me A Reason,Pink,,00:10.5,03:58.8,,
6615,True Love (Clean),Pink Feat. Lily Allen,,00:09.9,03:49.4,,
6616,Timber,Pitbull,,00:07.9,03:20.5,2013,
6617,I Hope,Rebecca Ferguson,,00:19.6,03:18.6,,
6618,Lost Generation,Rizzle Kicks,,00:06.0,03:33.7,,
6619,Skip To The Good Bit,Rizzle Kicks,,00:09.3,03:14.1,,
6620,Go Gentle,Robbie Williams,,00:00:15,04:27.1,,Fade
6622,Brighton Beach,Rod Stewart,,00:00:20,04:21.2,,End
6623,Turn Me Out,Russ Chimes,,00:52.8,05:28.6,2013,
6624,Brave,Sarah Bareilles,,00:05.6,03:36.0,,
6625,Disco Love,Saturdays,,00:03.2,03:10.8,,
6626,What About Us,Saturdays Feat Sean Paul,,00:00.8,03:38.4,,
6627,Other Side Of Love,Sean Paul,,00:07.0,03:03.9,,
6628,Reload,"Sebastian Ingrosso, Tommy Trash",,00:01.4,03:37.3,,
6629,Come & Get It,Selena Gomez,,00:15.1,03:49.5,,
6630,Look Right Through (MK Vocal Edit),Storm Queen,,00:08.9,02:25.0,,End
6631,Chocolate,The 1975,,00:27.9,03:41.6,,
6632,Another Love,Tom Odell,,00:04.3,03:43.7,2012,
6633,Cant Pretend,Tom Odell,,00:00.2,03:31.6,,
6634,Hold Me,Tom Odell,,00:15.3,03:04.8,,
6635,Melody Calling,Vaccines,,00:06.2,02:56.4,,End
6636,Diane Young,Vampire Weekend,,00:00.1,02:39.9,2013,
6637,Can We Dance,Vamps,,00:00.3,03:08.9,,
6638,The New Kings,Vicetone Vs Popeska,,00:00.2,03:41.0,,
6639,Walks Like Rihanna,Wanted,,00:08.5,03:18.7,2013,
6640,We Own The Night,Wanted,,00:00.1,03:23.1,,
6641,Bang Bang,will.i.am,,00:15.0,04:37.0,,
6642,Skyscraper,Sam Bailey,,00:08.3,03:37.2,,End
6643,Gorilla,Bruno Mars,,00:00:00,03:55.7,,Fade
6644,Tko,Justin Timberlake,,00:00:00,04:46.7,,
6700,Can't Remember to Forget You,Shakira & Rihanna,,00:07.5,03:23.6,,
6701,Goodness Gracious,Ellie Goulding,,00:18.8,03:40.6,,
6702,Heart To Heart,James Blunt,,00:12.2,03:24.9,2013,
6703,Happy,Pharrell Williams,,00:02.0,03:49.8,2013,
6704,Flaws,Bastille,,00:08.8,03:35.6,,
6705,XO,Beyonce,,00:04.6,03:29.0,,
6707,Just Like Fire Would,Bruce Springsteen,,00:31.9,03:49.3,,
6708,Young Girls,Bruno Mars,,00:14.4,03:46.3,,
6709,One Day,Caro Emerald,,00:07.4,00:04:27,,
6710,Rather Be,Clean Bandit Feat. Jess Glynne,,00:08.4,03:44.0,2014,
6712,Demons,Imagine Dragons,,00:00.2,02:53.8,2013,
6713,A Song About Love,Jake Bugg,,00:19.3,03:52.4,,
6714,Trumpets,jason derulo,,00:00.2,03:33.8,,
6715,Crying For No Reason,Katy B,,00:09.5,03:58.6,2014,
6716,Team,Lorde,,00:00.2,03:09.9,2013,
6717,White Walls (Clean),Macklemore & Ryan Lewis,,00:00.1,03:35.7,,
6718,Ready For Your Love,Gorgon City Feat. MNEK,,00:07.9,03:11.5,2014,
6719,If I Lose Myself,OneRepublic Feat Alesso,,00:07.6,03:30.3,,
6721,Settle Down,The 1975,,00:20.4,03:45.9,,
6722,Wild Heart,The Vamps,,00:08.6,03:07.6,2014,
6723,Riptide,Vance Joy,,00:09.8,03:18.3,2013,
6724,Dark Horse (feat. Juicy J),Katy Perry,,00:00:00,03:31.3,,End
6725,Strong,London Grammar,,00:11.1,03:53.4,2013,End
6726,Do What U Want (feat. R. Kelly),Lady Gaga,,00:02.3,03:40.0,,Fade
6727,Stay the Night (feat. Hayley Williams),ZEDD,,00:00:00,03:32.6,,End
6728,Trouble,American Authors,,00:00.0,03:10.9,,
6731,Let Go For Tonight,Foxes,,00:14.0,03:52.4,,
6732,She's Not Gone Yet But She's Leaving,Fratellis,,00:00.3,03:46.3,,
6733,I Cant Describe (The Way I Feel),Jennifer Hudson,,00:01.0,03:43.8,,
6734,One Day,Kodaline,,00:00.7,03:39.4,,
6735,Dance With Me,Le Youth,,00:08.9,02:55.8,,
6736,Invisible,U2,,00:30.5,03:41.2,,
6737,Selfies,Nina Nesbit,,00:11.8,03:25.0,,
6738,Can't Rely On You,Paloma Faith,,00:03.6,03:07.2,,
6739,All That Ive Got,Rebecca Ferguson,,00:05.4,03:37.8,,
6741,Money On My Mind,Sam Smith,,00:06.1,03:10.1,2014,
6742,Slow Down,Selena Gomez,,00:07.8,03:23.4,2013,
6743,Lover Not A Fighter,Tinie Tempah,,00:00.4,03:14.1,,
6744,Red Lights,Tiesto,,00:07.6,04:18.4,,
6745,Magic,Coldplay,,00:19.0,04:33.4,2014,Fade
6746,Air Balloon,Lily Allen,,00:02.2,03:46.1,2014,
6747,All Of Me,John Legend,,00:08.1,04:26.3,2013,End
6748,Arabella,Arctic Monkeys,,00:20.0,03:25.2,,
6749,Mmm Yeah,Austin Mahone & Pitbull,,00:00.1,03:48.7,,
6750,I Got U,Duke Dumount & Jax Jones,,00:08.4,04:43.9,,
6751,Kids Again,Example,,00:08.1,03:09.5,2014,
6754,Stupid Love,jason derulo,,00:12.3,03:30.7,,
6755,Into The Blue,Kylie Minogue,,00:03.9,04:05.4,,
6756,G.U.Y,Lady Gaga,,00:01.1,03:49.4,,
6765,My Love,Route 94 Jess Gylnne,,00:14.0,04:16.6,,
6768,Dark Sunglasses,Chrissie Hynde,,00:10.9,03:00.3,2014,
6769,Coming Home,Kaiser Chiefs,,00:20.5,04:45.0,,
6770,She Looks So Perfect,5 Seconds Of Summer,,00:04.2,03:22.1,,
6771,Summer,Calvin Harris,,00:00.1,03:32.3,2014,
6772,Take Me Home,Cash Cash,,00:15.0,03:20.4,2013,
6773,Waves,Mr Probz,,00:24.6,03:21.2,2014,
6774,Holding On To Heaven,Foxes,,00:00.7,03:08.9,,
6775,Let Me Go,Gary Barlow,,00:04.2,03:33.0,,
6776,Tribal,Imelda May,,00:10.9,02:52.1,,
6777,Messed Up Kids,Jake Bugg,,00:14.7,02:50.7,,
6778,Only Love Can Hurt Like This,Paloma Faith,,00:15.7,03:49.2,,
6779,Birthday,Katy Perry,,00:08.1,03:31.6,2014,
6780,I Was Gonna Cancel,Kylie Minogue,,00:00.9,03:30.1,,
6781,Last Night,The Vamps,,00:02.8,03:05.2,,
6782,Clarity,ZEDD,,00:08.0,04:23.2,2012,
6783,I Will Never Let You Down,Rita Ora,,00:14.9,03:22.7,2014,
6784,Gust Of Wind,Pharrell Williams,,00:21.2,04:27.1,,
6785,Wild Wild Love,Pitbull,,00:00.1,03:20.9,,
6787,Wasted (feat. Matthew Koma),Tiesto,,00:01.3,03:04.1,,End
6788,Ghost,Ella Henderson,,00:00:00,03:31.4,2014,End
6789,salute,Little Mix,,00:00:16,03:52.0,,End
6790,Stay With Me,Sam Smith,,00:00:10,02:48.6,2014,End
6791,A Sky Full of Stars,Coldplay,,00:00:16,04:21.5,2014,Fade
6792,Sing,Ed Sheeran,,00:00:05,03:51.8,2014,End
6793,eez-eh,Kasabian,,00:00:16,00:02:51,2014,End
6794,Extraordinary feat. Sharna Bass,Clean Bandit,,00:28.8,04:09.1,,End
6795,Don't Stop,5 Seconds Of Summer,,00:07.3,02:48.2,,
6797,Snap Out Of It,Arctic Monkeys,,00:03.7,03:08.6,,
6798,Heartbreak Dream,Betty Who,,00:16.6,03:40.1,,
6799,Trillion,Dante,,00:01.4,03:12.0,,
6800,Neon Lights,Demi Lovato,,00:03.4,03:33.1,2013,
6801,Beating Heart,Ellie Goulding,,00:17.0,03:29.8,,
6803,Battles,Hudson Taylor,,00:18.6,03:20.3,,
6804,Fancy (Clean),Iggy Azalea,,00:08.1,03:14.3,,
6806,House of Cards,Janet Devlin,,00:07.9,03:13.8,,
6807,First Love,Jennifer Lopez,,00:19.1,03:31.2,,
6808,Around Town,The Kooks,,00:01.8,04:02.9,2014,
6809,Crystallize,Kylie Minogue,,00:41.7,03:08.4,,
6810,Classic,MKTO,,00:13.1,02:52.1,,
6811,Gecko Overdrive,Oliver Heldens x Becky Hill,,00:16.7,02:44.4,2014,
6812,Lay Me Down,Pixie Lott,,00:06.4,03:24.6,,
6813,Robbers,The 1975,,00:25.2,03:55.1,,
6816,Me & My Brokenheart,Rixton,,00:00.3,03:07.9,,
6817,Boom Clap,Charli XCX,,00:00.2,02:44.4,,
6818,Sirens,Cher Lloyd,,00:08.7,03:45.7,,
6819,Crazy Stupid Love,Cheryl Cole,,00:00.3,03:44.5,2014,
6820,Moulding of A Fool,Jacqui Abbott & Paul Heaton,,00:21.8,03:37.1,,
6821,Louder,Neon Jungle,,00:11.4,03:20.3,2014,
6823,Cool Kid,The Eeries,,00:33.0,04:07.5,,
6824,Everything I Didnt Say,5 Seconds Of Summer,,00:00.1,02:53.8,,
6825,Lay Me Down,Avicii,,00:16.6,04:54.8,,
6826,Way We Are,Kove Feat Melissa Steel,,00:13.2,03:15.7,,
6827,Your Love,Nicole Scherzinger,,00:08.4,03:59.9,,
6828,Dont,Ed Sheeran,,00:00.3,03:34.7,,
6829,If I Go,Ella Eyre,,00:12.5,02:54.7,2014,
6830,It Was Always You,Maroon 5,,00:08.9,03:41.9,,
6831,This is How We Do,Katy Perry,,00:04.7,03:19.7,,
6833,Nobody To Love,Sigma,,00:10.0,03:00.3,,
6834,Im Not The Only One,Sam Smith,,00:23.3,03:51.8,,
6835,Tell Her,Rizzle Kicks,,00:15.3,03:16.8,,
6836,Love Runs Out,OneRepublic,,00:13.8,03:41.1,,
6837,Budapest,George Ezra,,00:00:07,03:19.5,2014,Fade
6838,Rude,MAGIC!,,00:01.0,03:40.4,2013,Fade
6839,My Type,Saint Motel,,00:34.9,03:21.7,,
6840,Shake It Off,Taylor Swift,,00:03.7,03:34.3,2014,End
6841,Bang Bang,"Jessie J, Ariana Grande & Nicki Minaj",,00:00.0,03:14.9,2014,End
6842,Blame (feat. John Newman),Calvin Harris,,00:07.5,03:22.9,,End
6843,Blame It on Me,George Ezra,,00:08.8,03:08.6,,End
6844,Changing [feat. Paloma Faith],Sigma,,00:00:10,03:04.7,,Fade
6845,Maps,Maroon 5,,00:00.1,03:08.4,2014,End
6846,Every Other Freckle,Alt-J,,00:00.3,03:30.6,,End
6847,Take Me to Church,Hozier,,00:00:00,00:03:55,,Slow
6848,Figure It Out,Royal Blood,,00:00:00,03:02.4,,End
6849,Problem (feat. Iggy Azalea),Ariana Grande,,00:00:00,03:10.4,,End
6851,The Days,Avicii,,00:07.5,04:30.3,,
6853,Flashlight,DJ Fresh Feat Ellie Goulding,,00:10.0,03:33.8,2014,
6854,Comeback,Ella Eyre,,00:14.8,03:16.5,,
6855,Glow,Ella Henderson,,00:10.9,03:44.2,2014,
6856,10 Million People,Example,,00:06.9,04:18.7,,
6857,Easy Money,Johnny Marr,,00:20.1,04:02.0,,
6858,Giant In My Heart,Kiesza,,00:00.5,04:25.4,2014,
6859,Prayer In C,Lilly Wood & Robin Schulz,,00:23.7,03:07.0,2014,
6860,All About That Bass,Meghan Trainor (Clean)),,00:00.2,03:05.8,,
6861,Thank You,MKTO,,00:09.9,03:43.0,,
6862,Am I Wrong,Nico & Vinz,,00:08.8,04:00.0,2013,
6863,In The Heat Of The Moment,Noel Gallagher's High Flying Birds,,00:03.8,03:24.2,2014,
6864,Steal My Girl,One Direction,,00:24.5,03:43.8,,
6865,Break Up Song,Pixie Lott,,00:03.5,03:43.2,,
6866,I Know,Shift K3y,,00:15.6,03:08.9,2014,
6867,Ugly Heart,G.R.L,,00:15.3,03:14.2,,
6868,Once More,Spandau Ballet,,00:19.4,03:57.5,2009,Fade
6869,Thinking Out Loud,Ed Sheeran,,00:00.1,04:34.4,,End
6870,A-Track Feat. Andrew Wyatt,Push,,00:14.5,03:25.6,,
6871,So There,Alexa Goddard,,00:21.3,03:41.1,,
6873,Outside,Calvin Harris Feat. Ellie Goulding,,00:07.8,03:41.1,,
6874,I Dont Care,Cheryl,,00:15.5,03:56.8,2022,
6875,Listen To The Man,George Ezra,,00:06.8,02:58.6,,
6876,Tattoo,Hunter Hayes,,00:19.6,03:13.9,,
6877,Imperium,Madeon,,00:02.6,03:14.9,,
6878,Animals,Maroon 5,,00:00.2,03:45.9,2014,
6880,Appreciated,Rixton,,00:22.4,03:49.7,,
6882,Good Girls,5 Seconds Of Summer,,00:00.3,03:18.6,2014,
6884,Mirror Man,Ella Henderson,,00:10.0,03:40.3,,
6885,Hideaway,Kiesza,,00:07.4,04:09.8,,
6886,Losing,Becky Hill,,00:18.2,03:48.8,,
6887,Ready For The Good Life,Paloma Faith,,00:00.4,03:19.6,,
6888,These Days,Take That,,00:00.5,03:44.2,,
6893,Like I Can,Sam Smith,,00:00:00,02:42.5,,
6894,Wrapped Up (feat. Travie McCoy),Olly Murs,,00:00:00,03:02.2,,End
6895,RIGHT NOW,Mary J Blige,,00:00:08,03:46.6,,
6896,You Got It All,Union J,,00:08.3,03:26.6,,End
6897,Uptown Funk (feat. Bruno Mars),Mark Ronson,,00:15.0,04:27.2,,End
6900,Love Me Harder,Ariana Grande & The Weeknd,,00:02.9,03:48.1,2019,End
6901,Desire,Years & Years,,00:00:00,03:20.6,2014,End
6902,Wish You Were Mine,Philip George,,00:00:00,02:52.5,2014,End
6903,Blank Space,Taylor Swift,,00:05.1,03:50.4,2014,End
6904,Jealous,Nick Jonas,,00:12.4,03:38.3,,End
6905,Elastic Heart (feat. The Weeknd & Diplo),Sia,,00:10.9,04:11.6,,End
6906,Up,Olly Murs feat. Demi Lovato,,00:08.6,03:40.1,,End
6907,Night Changes,One Direction,,00:07.7,03:39.7,2014,End
6908,Jealous,Labrinth,,00:20.8,04:41.3,,Fade
6909,Centuries,Fall Out Boy,,00:05.3,03:44.7,2014,End
6910,No Good in Goodbye,The Script,,00:42.5,04:49.5,,Fade
6911,Hold Back The River,James Bay,,00:13.5,03:53.1,,End
6912,Only One [feat. Paul McCartney,Kanye West,,00:03.5,04:38.3,,Fade
6913,Heroes (we could be) [feat. Tove Lo],Alesso,,00:07.1,03:26.9,,End
6914,"Love Me Like You Do (From ""Fifty Shades of Grey)",Ellie Goulding,,00:18.2,04:05.3,,Fade
6915,The Nights,Avicii,,00:00:01,00:02:50,2014,Fade
6916,Outside,Calvin Harris & Ellie Goulding,,00:00:07,03:41.6,,End
6917,Pray To God,Calvin Harris & Haim,,00:03.5,03:48.1,,End
6918,Doing It,Charli XCX & Rita Ora,,00:00:00,03:38.5,,End
6919,Never Been In Love,Cobra Starship & Icona Pop,,00:00:06,03:40.7,,End
6920,Cool Kids,Echosmith,,00:00:17,03:47.1,,Fade
6921,Congregation,Foo Fighters,,00:00:23,05:06.3,,
6922,Fix My Eyes,For King & Country,,00:00:09,03:05.0,,End
6923,Alone In My Home,Jack White,,00:00:20,03:20.0,,End
6925,Man On A Wire,The Script,,00:00:00,03:56.1,,Fade
6927,Earned It,the Weeknd,,00:00:00,03:57.1,,Fade
6929,Go Out,Blur,,00:00:00,04:34.1,,End
6930,Cold Day In Heaven,Delta Rae,,00:00:00,03:06.4,,End
6931,The One,Kodaline,,00:00:11,03:46.1,,Fade
6932,Forbidden Voices,Martin Garrix,,00:00:07,03:42.6,,End
6933,Seasons,Olly Murs,,00:00:00,03:30.0,,
6934,Four Five Seconds,"Rihanna, Kayne West & Paul McCartney",,00:01.0,03:06.5,,End
6935,Lay Me Down,Sam Smith,,00:00:00,03:30.4,,
6936,Burning For No One,The Cribs,,00:00:05,03:09.8,,End
6937,There Are Too Many Of Us,Blur,,00:00:34,04:18.3,,End
6938,C.U.B.A.,Calvin Harris,,00:00:03,04:23.0,,End
6939,Cant Get Out Of Bed,Charlatans,,00:00:00,03:04.1,,End
6940,Hold My Hand,Jess Glynne,,00:00:03,00:03:43,,End
6943,Dear Future Husband,Meghan Trainor,,00:00:00,03:01.5,,End
6944,Believe,Mumford & Sons,,00:00:07,00:03:35,,End
6946,Little Monster,Royal Blood,,00:00:10,03:30.0,2014,End
6947,Big Girls Cry,Sia,,00:00:06,03:27.3,2015,End
6948,Runaways,All Time Low,,00:00:05,03:26.4,,Fade
6949,Marvin Gaye,Charlie Puth & Meghan Trainor,,00:00:00,03:03.7,2015,End
6950,Only Human,Cheryl,,00:00:00,03:20.1,,End
6951,Talking About,Conor Maynard,,00:00:05,03:13.7,,End
6952,Catch Us If You Can,Elle King,,00:00:04,03:13.8,,Sust
6953,Ship to Wreck,Florence & The Machine,,00:00:13,03:50.7,,End
6954,Save Yourself,Greg Holden,,00:00:10,03:07.9,,Fade
6957,Human Again,Kodaline,,00:00:23,03:46.8,,End
6958,Pay No Mind,Madeon Feat Passion Pit,,00:00:18,04:07.9,,End
6959,The Wolf,Mumford & Sons,,00:11.5,03:35.3,,End
6960,Saturns Pattern,Paul Weller,,00:00:11,02:49.4,,Fade
6961,Headlights,Robin Schulz Feat. Ilsey,,00:00:09,00:03:25,,End
6962,Hey Boy,Take That,,00:00:24,03:37.4,,End
6963,I Won't Give Up,Jason Mraz,,00:38.9,05:05.8,,Slow
7000,Bad Blood (feat. Kendrick Lamar),Taylor Swift,,00:00.2,03:15.1,,
7001,I Can Change,Brandon Flowers,,00:15.6,04:10.9,2015,
7002,Did You Hear The Rain,George Ezra,,00:15.0,02:53.1,2013,
7003,Deja Vu,Giorgio Moroder Feat. Sia,,00:09.0,03:16.0,,
7004,Bills,LunchMoney Lewis,,00:14.2,03:20.8,2015,
7005,Ghosttown,Madonna,,00:12.2,04:04.4,2014,
7006,No Way No,MAGIC!,,00:11.8,03:46.5,,
7007,Great Big Storm,Nate Ruess,,00:00:00,03:54.0,2015,
7008,Lean On,Major Lazer (Feat DJ Snake),,00:00:09,02:51.8,2015,End
7009,California Roll,Snoop Dogg & Stevie Wonder,,00:00:01,03:58.9,2015,
7010,See You Again,Wiz Khalifa & Charlie Puth,,00:10.5,03:44.6,2015,
7011,Love Revolution,Will Young,,00:14.6,02:55.1,,End
7012,Emotion,Carly Rae Jepsen,,00:02.4,03:15.3,2015,End
7013,Famous,Charli XCX,,00:09.4,03:48.6,,End
7014,Good Times,Ella Eyre,,00:11.0,03:50.3,2015,End
7015,"I Dont Like It, I Love it",Flo Rida Feat Robin Thicke,,00:00:07,03:40.3,,
7017,Want To Want Me,jason derulo,,00:00:01,03:24.0,2015,
7018,Posion,Rita Ora,,00:00:00,03:19.2,,End
7019,Rumour Mill,Rudimental,,00:00:17,04:00.8,,End
7020,No Letting Go,Tinie Tempah Feat Jess Glynne,,00:05.3,03:41.4,2015,Fade
7021,Black Magic,Little Mix,,00:00:00,03:27.3,2015,End
7022,Shut Up & Dance,Walk The Moon,,00:00:02,03:15.4,2014,End
7023,Get Stupid,Aston Merrygold,,00:00:00,03:18.6,,End
7024,Whisky Story,Example,,00:00:05,03:01.8,2015,Fade
7025,Worth It,Fifth Harmony,,00:00:08,03:41.4,2015,End
7027,Come & Get It,John Newman,,00:00:07,03:00.6,,End
7028,Coming Home,Leon Bridges,,00:00:25,03:12.3,,Fade
7029,Are You With Me,Lost Frequencies,,00:00:07,02:15.1,,End
7030,Powerful,Major Lazor Feat. Ellie Goulding,,00:00:14,03:19.1,,End
7031,Freedom,Pharrell Williams,,00:00:00,02:41.6,,End
7032,Glitterball,Sigma & Ella Henderson,,00:12.3,00:03:41,,Fade
7033,How Deep Is Your Love,Calvin Harris Feat. Disciples,,00:00:06,03:24.7,,End
7034,Wings,Delta Goodrem,,00:00:08,00:03:21,,End
7035,Ocean Drive,Duke Dumont,,00:00:18,00:03:21,2015,End
7036,Aint Got Far To Go,Jess Gylnne,,00:00:12,03:20.2,,End
7037,Dont Worry,Madcon Feat Ray Dalton,,00:00:04,03:26.5,,Fade
7038,Drag Me Down,One Direction,,00:00:00,03:03.3,2015,End
7039,Sugar,Robin Schultz,,00:00:15,03:38.1,,End
7040,Don't Be So Hard On Yourself,Jess Glynne,,00:00:00,03:29.8,,Fade
7041,What Do You Mean,Justin Bieber,,00:00:13,03:20.3,,End
7042,Writing's On the Wall,Sam Smith,,00:16.2,04:33.0,,End
7043,On My Mind,Ellie Goulding,,00:01.3,03:25.5,,End
7044,Alone No More,Anton Powers and Philip George,,00:00:03,02:49.3,2015,End
7045,Hotline Bling,Drake,,00:00:01,04:02.0,2015,Fade
7046,Locked Away,R. City feat.  Adam Levine,,00:00.2,03:43.5,,End
7047,Wake Up,The Vamps,,00:00:15,03:09.8,,End
7048,Wasn't Expecting That,Jamie Lawson,,00:00:11,03:16.4,2011,End
7049,Runnin' (Lose It All) [feat. Beyoncé],Naughty Boy,,00:00:12,03:15.2,,Fade
7050,Turn The Music Louder (Rumble),KDA Feat. Tinie Tempah & Katy,,00:13.0,03:15.5,,End
7051,Be Right There,Diplo & Sleepy Tom,,00:01.7,03:49.9,,
7052,Downtown,Macklemore & Ryan Lewis,,00:26.3,04:50.7,,
7053,Hula Hoop,Omi,,00:00:08,03:21.6,,Fade
7054,Hello,Adele,,00:05.8,04:41.4,2015,Fade
7055,Hey Boy,Take That,,00:24.2,03:36.2,,End
7056,Lay It All On Me (feat. Ed Sheeran),Rudimental,,00:16.0,03:58.2,,End
7057,Love Me,The 1975,,00:24.5,03:38.1,2015,End
7058,Omen [feat. Sam Smith],Disclosure,,00:19.0,03:46.1,,End
7059,Paper Gods (feat. Mr Hudson),Duran Duran,,00:00:00,03:46.8,,Fade
7060,Perfect,One Direction,,00:05.1,03:41.5,2015,Fade
7061,Charlemagne,Blossoms,,00:19.7,02:34.2,2015,Fade
7062,Second Hand Heart (feat. Kelly Clarkson),Ben Haenow,,00:06.0,03:55.0,,End
7063,Sorry,Justin Bieber,,00:00:09,03:17.0,2015,End
7064,Focus,Ariana Grande,,00:00:09,03:27.2,2015,End
7065,Adventure of a Lifetime,Coldplay,,00:00:00,04:21.0,2015,End
7066,Music To My Soul,CeeLo Green,,00:00:10,02:45.3,,End
7067,Sweet Lovin',Sigala,,00:00:00,03:20.4,,End
7068,Tallest Girl,Alesha Dixon,,00:00:07,03:16.8,,End
7069,Half The World Away,Aurora,,00:00:04,00:03:02,2015,Slow
7070,Sax,Fleur East,,00:00:01,03:53.6,2015,End
7071,Love Me Like You,Little Mix,,00:00:00,03:15.1,2015,End
7072,S.O.B (Clean),Nathiel Rateliff & The Night Sweats,,00:00:16,00:04:03,,Fade
7073,Easy Love,Sigala,,00:00:14,03:44.2,,End
7074,When We Were Young,Adele,,00:16.5,04:39.0,,Fade
7075,Love Yourself,Justin Bieber,,00:00:00,03:50.1,,End
7076,You Don't Own Me,Grace feat. G-Eazy,,00:01.6,03:16.8,,Fade
7077,HIStory,One Direction,,00:00:00,03:04.0,2015,End
7079,Agape,Bear's Den,,00:27.8,04:18.2,2013,Fade
7080,Ex's & Oh's,Elle King,,00:06.9,03:18.4,2014,End
7081,Tompkins Square Park,Mumford & Sons,,00:38.2,05:07.8,,Sust
7082,Bang my Head (feat. Sia & Fett,David Guetta,,00:07.6,03:08.0,,Fade
7083,Cold In Ohio,Jamie Lawson,,00:00:00,02:43.4,,Fade
7084,What Are the Chances,Duran Duran,,00:13.7,04:42.7,2015,Fade
7085,Renegades,X Ambassadors,,00:00:21,03:12.3,,End
7086,Stitches,Shawn Mendes,,00:00:06,03:24.6,2015,End
7087,Worry,Jack Garratt,,00:00:00,03:59.4,,End
7088,Secret Love Song,Little Mix feat. Jason Derulo,,00:00:00,00:04:01,2019,Fade
7089,Light It Up (feat. Nyla),Major Lazer,,00:00:04,03:12.0,,
7090,Big Yellow Taxi,Amy Grant,,00:00:17,02:59.6,,End
7091,Lazarus,David Bowie,,00:01:02,06:15.9,2015,Fade
7092,Blackstar,David Bowie,,00:00:15,09:57.4,,Sust
7093,The Girl Is Mine featuring Destiny's Child,99 Souls,,00:09.3,03:31.6,,End
7094,Try Me (feat. Jennifer Lopez & Matoma),jason derulo,,00:00:10,03:16.8,,End
7095,Let Me Love You,Ronan Keating,,00:00:02,03:09.1,,Fade
7096,Lush Life,Zara Larsson,,00:00:09,03:16.6,2015,End
7097,Here,Alessia Cara,,00:00:04,00:03:15,2015,Fade
7098,One Call Away,Charlie Puth,,00:00:00,03:05.5,2015,Fade
7099,It Gets Cold,Eliza and the Bear,,00:00:16,03:28.7,,End
7100,Reality (Radio Edit),Lost Frequencies feat. Janieck,,00:00:14,02:37.3,,End
7101,Fast Car [feat. Dakota),Jonas Blue,,00:00:10,03:25.3,,Fade
7102,PILLOWTALK,Zayn,,00:00:15,03:20.2,,End
7103,Delete,DMA's,,00:00:14,00:04:23,,Fade
7104,7 Years,Lukas Graham,,00:16.1,03:48.1,2015,End
7105,Work (feat. Drake),Rihanna,,00:00:10,03:27.5,2016,Fade
7106,The Sound,The 1975,,00:00:10,00:04:07,,
7107,Hymn For The Weekend,Coldplay,,00:35.6,04:06.4,2016,End
7108,One Strike,All Saints,,00:18.7,03:31.4,2016,
7109,Soundcheck,Catfish & the Bottlemen,,00:00:00,04:12.9,2016,Fade
7110,Cake By The Ocean [Clean],DNCE,,00:07.6,03:34.6,,
7111,Blue Wonderful,Elton John,,00:12.0,03:29.2,,Fade
7112,Work from Home,Fifth Harmony feat. Ty Dolla $,,00:07.6,03:34.1,2016,End
7113,Make Me Like You,Gwen Stefani,,00:01.5,03:12.6,,Fade
7114,I Took A Pill In Ibiza (Seeb R,Mike Posner,,00:00:00,03:10.5,,End
7115,Rinse & Repeat (Radio Edit),Riton featuring Kah-lo,,00:00.3,02:30.5,,End
7116,Cheap Thrills,Sia,,00:10.7,03:24.5,2015,Fade
7117,All My Friends (99 Souls Remix,Snakehips feat. Tinashe & Chan,,00:16.3,05:49.6,,End
7118,White Lies,Stereophonics,,00:18.1,03:43.8,,Fade
7119,At Most A Kiss,Blossoms,,00:17.9,02:54.7,,End
7120,Stressed Out,Twenty One Pilots,,00:11.8,03:19.5,2015,End
7121,Best Fake Smile,James Bay,,00:00:00,03:22.7,,End
7122,Wolves of Winter,Biffy Clyro,,00:13.9,03:29.5,,End
7123,Keeping Your Head Up,Birdy,,00:07.8,03:23.4,,Fade
7124,When the Bassline Drops,Craig David & Big Narstie,,00:00:00,03:03.3,2015,End
7125,Friends,Eliza and the Bear,,00:22.3,02:50.4,,Fade
7126,On My One,Jake Bugg,,00:19.8,02:06.0,,Fade
7127,Make My Love Go (feat. Sean Paul),Jay Sean,,00:00:00,03:26.7,,End
7128,All You Good Friends,Kevin Simm,,00:06.5,03:01.9,2016,Fade
7129,Raging (feat. Kodaline),Kygo,,00:09.0,03:38.8,,Fade
7130,"Do It, Try It",M83,,00:00:00,00:03:30,,Fade
7131,No,Meghen Trainor,,00:00:00,03:29.8,,End
7132,Reapers,Muse,,00:27.8,05:57.3,,End
7133,This Is How It Feels,Richard Ashcroft,,00:00:00,04:52.2,,Fade
7134,Hands To Myself,Selena Gomez,,00:00:00,03:19.1,,End
7135,Wrong Crowd,Tom Odell,,00:17.0,04:21.4,,End
7136,Boys & Girls (feat. Pia Mia),will.i.am,,00:08.9,04:00.1,,End
7137,One Dance [feat. WizKid],Drake,,00:03.1,02:49.6,,Fade
7138,Faded,Alan Walker,,00:10.0,03:23.4,2014,Fade
7139,Breathe,Ronan Keating,,00:00:07,02:59.1,,Fade
7140,Formation,Beyonce,,00:00:00,03:24.3,,End
7141,Hold Up,Beyonce,,00:21.5,03:39.0,,End
7142,Sorry,Beyonce,,00:00:00,03:49.2,,End
7143,Wild Horses,Birdy,,00:00:03,02:57.3,,Fade
7144,Nothing Like This,Blonde and Craig David,,00:00:00,02:59.8,2016,End
7145,This Is What You Came For (feat. Rihanna),Calvin Harris,,00:00:00,03:37.3,,End
7146,No Money,Galantis,,00:00:00,03:01.2,2016,Fade
7148,Middle [feat. Bipolar Sunshine),Dj Snake,,00:08.8,03:31.3,,End
7149,Can't Stop The Feeling!,Justin Timberlake,,00:07.5,03:52.0,,End
7150,You're Not Alone,Joe and Jake,,00:03.4,02:47.6,,End
7151,All For One,The Stone Roses,,00:14.1,03:31.5,,Fade
7152,Viva Love,ABC,,00:30.2,04:08.6,,End
7153,Getaway,Blossoms,,00:03.0,02:54.8,,Fade
7154,Up&Up (Radio Edit),Coldplay,,00:10.5,03:57.5,2015,End
7155,Under the Influence,Elle King,,00:09.8,03:16.1,,End
7156,Wherever I Go,OneRepublic,,00:00:00,02:48.9,,End
7157,New Girl,Reggie 'N' Bollie,,00:02.0,03:33.0,,End
7158,Cry [feat. Take That],Sigma,,00:00.9,03:14.5,,End
7159,This Is What You Came For,Calvin Harris Feat. Rihanna,,00:00:00,03:37.9,,Fade
7160,Tears (feat. Louisa Johnson),Clean Bandit,,00:00:00,03:42.6,,End
7161,This Girl (Kungs Vs. Cookin' O,Cookin' On 3 Burners and Kungs,,00:00:00,03:13.5,,End
7162,Too Good [feat. Rihanna] [Clea,Drake,,00:00:00,04:15.0,,Fade
7163,Dangerous Woman,Ariana Grande,,00:10.2,03:48.6,2016,End
7164,Good Grief,Bastille,,00:08.7,03:20.6,,End
7165,California,blink-182,,00:15.4,03:01.4,,Fade
7166,No Sleep,Twin Atlantic,,00:19.0,03:40.0,,Sust
7167,One More Time,Craig David,,00:01.3,03:12.6,,End
7168,Cool for the Summer [Clean],Demi Lovato,,00:10.6,03:31.2,,End
7169,Hotter Than Hell,Dua Lipa,,00:07.4,03:04.1,2016,End
7170,White Tiger (The Heavytrackerz,Izzy Bizu,,00:00:00,03:41.8,,End
7171,Perfect Strangers (Acoustic) [,Jonas Blue,,00:09.1,03:07.4,,End
7172,Parachute,Kaiser Chiefs,,00:07.0,03:44.5,,Fade
7173,Love Blood (Radio Edit),King Charles,,00:04.0,02:25.9,,Fade
7174,You Don't Know Love,Olly Murs,,00:15.2,03:14.9,2016,End
7175,Wristband,Paul Simon,,00:20.2,03:04.0,,Fade
7176,Dark Necessities,Red Hot Chili Peppers,,00:51.9,04:56.8,2016,Fade
7177,What's It Gonna Be?,Shura,,00:12.0,03:27.6,,End
7178,Give Me Your Love (Radio Edit),Sigala featuring John Newman and Nile Rogers,,00:17.3,03:22.1,,End
7179,Miracle Aligner,The Last Shadow Puppets,,00:00.6,03:58.8,,Sust
7180,Boys That Sing,Viola Beach,,00:22.0,00:03:08,,End
7181,Everybody Needs Love,Zak Abel,,00:01.5,03:10.0,,End
7182,Are We Ready (Wreck),Two Door Cinema Club,,00:00:00,03:49.9,,Sust
7183,Girls Talk Boys (From Ghostbusters),5 Seconds Of Summer,,00:00:00,03:33.1,,End
7184,Send My Love (To Your New Lover),Adele,,00:11.9,03:38.6,2016,Fade
7187,Girl at the End of the World,James,,00:18.6,02:56.5,,Fade
7188,Rise,Katy Perry,,00:03.9,03:14.2,,Fade
7189,Cold Water (feat. Justin Bieber & M+ÿ),Major Lazer,,00:02.7,03:01.0,,Fade
7190,Cruel (feat. ZAYN),Snakehips,,00:08.7,03:41.5,,End
7191,Miracle Aligner,The Last Shadow Puppets,,00:00:00,04:02.2,,Fade
7193,Let Me Love You [feat. Justin,Dj Snake,,00:00:00,03:20.2,,
7194,Tilted,Christine and the Queens,,00:00:18,03:50.8,,End
7195,Still Falling For You (From Bridget Jones's Baby),Ellie Goulding,,00:00:00,03:58.6,,Fade
7196,Bitter Salt,Jake Bugg,,00:00:08,03:04.2,,Fade
7197,Waste a Moment,Kings Of Leon,,00:00:07,03:01.1,,End
7198,Maybe It's a Good Thing,KT Tunstall,,00:00:00,03:57.6,,Fade
7199,Perfect Illusion,Lady Gaga,,00:00:07,02:57.5,,Fade
7200,Nobody But Me,Michael Buble,,00:00:05,02:58.3,,End
7201,Kids,OneRepublic,,00:17.0,03:48.7,,Fade
7202,Dance,Rick Astley,,00:00:00,03:11.3,,End
7203,Come with Us,Sophie Ellis Baxter,,00:00:13,03:51.5,,End
7204,Loveblood (EP Version),Sundara Karma,,00:00:27,03:55.5,,Fade
7205,Closer (feat. Halsey),The Chainsmokers,,00:00:09,04:02.8,,Fade
7206,Don't Let Me Down (feat. Daya),The Chainsmokers,,00:00:12,03:24.3,,
7207,Sunshine (feat. Dan Harkna),TIEKS,,00:00:00,03:00.7,,End
7208,Girls Like (feat. Zara Larsson),Tinie Tempah,,00:00:08,03:14.1,,End
7209,New Song,Warpaint,,00:00:18,04:15.4,,Fade
7210,On What You're On,Busted,,00:18.5,03:06.2,,Fade
7211,Missile,Dorothy,,00:00:06,03:26.7,2016,End
7212,Say You Won't Let Go,James Arthur,,00:00:10,03:24.7,,Fade
7213,This Town,Niall Horan,,00:00:04,03:48.0,2016,Fade
7214,You Don't Know Love,Olly Murs,,00:00:16,03:15.7,,End
7215,Party Like a Russian,Robbie Williams,,00:00:07,02:59.5,,Fade
7216,The Greatest (feat. Kendrick Lamar),Sia,,00:00:10,03:17.4,,Slow
7217,Ain't My Fault,Zara Larsson,,00:00:03,03:41.0,2016,
7218,Howl,Biffy Clyro,,00:00:00,03:29.5,,Fade
7219,Skin,Rag'n'Bone Man,,00:00.2,03:51.1,,End
7220,Rockabye (feat. Sean Paul & Anne Marie),Clean Bandit,,00:01.0,04:06.8,,End
7221,Suzanne,Creeper,,00:15.1,02:38.3,,End
7222,Love on Me (feat Hook n Sling),Galantic,,00:00:00,03:23.5,,End
7223,Revolution Radio,Green Day,,00:00:21,02:57.8,2016,End
7224,Tilted,Christine and the Queens,,00:37.8,03:51.1,,End
7225,Shout Out to My Ex,Little Mix,,00:00:00,00:03:57,2016,Fade
7226,So Good,Louisa Johnson,,00:00:14,03:06.9,,End
7227,Anymore,Mel C,,00:00:09,02:58.1,,End
7228,See Emily Play,Pink Floyd,,00:14.5,02:46.6,2001,Fade
7229,Holy Commotion,Pretenders,,00:00:21,00:03:59,2016,Fade
7230,Mercy,Shawn Mendez,,00:12.5,03:22.5,,Fade
7231,I Can't Stop Thinking About You,Sting,,00:15.4,03:28.7,,End
7232,All We Needed,Craig David,,00:00:00,03:32.3,2016,Fade
7233,Bad Decisions,Two Door Cinema Club,,00:00:36,04:55.6,,End
7234,Meteorite,Years & Years,,00:15.5,03:21.4,,Fade
7235,Hurts [Clean],Emeli Sandé,,00:00:00,03:56.1,,Fade
7236,Say You Won't Let Go,James Arthur,,00:09.7,03:23.2,,Fade
7237,Brick England,Jean-Michel Jarre & Pet Shop Boys,,00:21.3,03:57.9,,Fade
7238,So Good,Louisa Johnson,,00:13.4,03:07.0,,End
7239,Don't Wanna Know,Maroon 5,,00:00:00,03:31.5,2016,End
7240,False Alarm,Matoma & Becky Hill,,00:04.1,03:31.8,,End
7241,Starboy [feat. Daft Punk] [Clean],the Weeknd,,00:14.0,03:41.6,,End
7243,Just Hold On,Louis Tomlinson & Steve Aoki,,00:00:00,03:14.3,2016,End
7244,When Christmas Comes Around,Matt Terry,,00:06.9,03:15.9,2016,Fade
7245,Human,Rag'n'Bone Man,,00:12.5,03:13.6,,End
7246,The Living Years,"The London Hospices Choir, Pau",,00:02.9,05:01.9,,Fade
7247,Black Beatles,Tyler Ward,,00:25.7,02:57.0,,End
7248,I Don't Wanna Live Forever (Fi,Taylor Swift,,00:00:00,04:03.2,,End
7249,Castle on the Hill,Ed Sheeran,,00:07.3,00:04:17,2017,Fade
7250,Shape of You,Ed Sheeran,,00:09.0,03:50.5,2017,End
7251,Touch,Little Mix,,00:00:00,03:27.6,,End
7252,Make Me (Cry),Noah Cyrus feat. Labrinth,,00:00:00,03:46.3,,Fade
7253,Call On Me,Starley,,00:09.4,02:36.5,2016,End
7254,I Dont Wanna Live Forever (Fi,Taylor Swift,,00:00.7,04:03.6,,End
7255,I Feel It Coming [feat. Daft P,the Weeknd,,00:16.4,04:14.0,,Fade
7256,Grand Illusion,Barry Gibb,,00:10.7,04:33.6,,Sust
7257,After The Afterparty (feat. Li,Charli XCX,,00:00:00,03:38.2,,End
7258,Starving [feat. Zedd],Grey and Hailee Steinfeld,,00:09.1,02:58.7,,End
7259,On Hold,The xx,,00:04.2,03:38.8,,Fade
7260,September Song,JP Cooper,,00:10.3,03:37.4,2016,Fade
7261,Now and Later,Sage The Gemini,,00:00:00,03:07.3,,
7262,No Point in Trying,Smoove & Turrell,,00:25.7,03:54.6,,End
7263,Fun,Blondie,,00:16.3,04:14.3,,End
7264,The Kids Don't Wanna Come Home,Declan McKenna,,00:05.0,04:17.6,,End
7265,Magnificent (She Says),Elbow,,00:26.8,04:12.5,,End
7266,Skin,Rag'n'Bone Man,,00:00.2,03:51.1,,End
7267,Believer,Imagine Dragons,,00:07.9,03:19.5,2017,Fade
7268,Chained To The Rhythm,Katy Perry,,00:04.6,03:52.8,,End
7269,Scared To Be Lonely,Martin Garrix & Dua Lipa,,00:08.0,03:37.6,,End
7270,Giants,Take That,,00:17.7,03:48.8,,Fade
7271,Slide [CLEAN],Calvin Harris,,00:16.9,03:49.9,,End
7272,Dye My Hair,Alma,,00:02.5,03:22.2,,End
7273,iT,Christine and the Queens,,00:21.1,03:33.6,,
7274,Fire That Burns (Acoustic),Circa Waves,,00:24.4,03:29.2,2017,End
7275,Be The One,Dua Lipa,,00:10.5,03:18.1,2015,End
7276,Cloud 9 (Purple Disco Machine,Jamiroquai,,00:29.3,06:36.5,,Fade
7277,Cloud 9,Jamiroquai,,00:16.7,03:40.9,,Fade
7278,Reverend,Kings Of Leon,,00:15.2,03:48.9,,End
7279,Love,Lana Del Rey,,00:10.2,04:24.7,,End
7280,Big Picture,London Grammar,,00:13.5,04:22.5,,End
7281,Green Light,Lorde,,00:00.5,03:50.5,1999,End
7282,Move,Saint Motel,,00:26.4,03:04.0,,End
7283,Mixed Signals,Robbie Williams,,00:07.6,03:54.7,,End
7284,Faith,Stevie Wonder & Ariana Grande,,00:06.2,02:40.0,,End
7285,Something Just Like This,The Chainsmokers & Coldplay,,00:07.8,03:55.0,2017,End
7286,Tongue Tied,Earl,,00:05.2,03:02.3,,
7287,Scared Of The Dark,Steps,,00:16.7,03:40.2,2017,End
7288,That's What I Like,Bruno Mars,,00:00:00,03:23.6,2016,End
7289,We Don't Talk Anymore (feat. Selena Gomez),Charlie Puth,,00:00:00,03:33.5,,End
7290,Symphony (feat. Zara Larsson),Clean Bandit,,00:07.2,03:29.7,,End
7291,On My Mind,Disciples,,00:00:00,03:02.1,2017,End
7292,Galway Girl,Ed Sheeran,,00:00:00,02:45.4,2017,End
7293,We Got the Power (feat. Jehnny Beth),Gorillaz,,00:00:00,02:16.5,,End
7294,You're in Love With a Psycho,Kasabian,,00:03.8,03:32.7,,End
7295,Cold (feat. Future),Maroon 5,,00:01.9,03:44.1,,End
7296,Solo Dance,Martin Jensen,,00:01.5,02:51.2,,End
7297,Don't Know What Came Over Me,Mike + the Mechanics,,00:19.6,04:13.4,,Fade
7298,Treat You Better,Shawn Mendes,,00:11.6,03:05.9,,End
7299,Waterfall (feat. P!nk & Sia),Stargate,,00:01.3,03:17.5,,Fade
7300,Still Got Time (feat. PARTYNEXTDOOR),Zayn,,00:08.0,03:03.3,,End
7301,Paris,The Chainsmokers,,00:08.7,03:21.8,,Slow
7302,Ciao Adios,Anne-Marie,,00:02.6,03:18.3,,End
7303,Stay,Zedd & Alessia Cara,,00:10.1,03:30.1,2017,End
7304,Love Me Now,John Legend,,00:06.7,03:27.8,,End
7305,You Don't Know Me <Radio Edit>,Jax Jones & Raye,,00:00:00,03:29.9,2016,End
7306,Big For Your Boots [Clean],Stormzy,,00:14.9,03:54.8,,
7307,Everyday [Clean],Ariana Grande feat. Future,,00:07.0,03:08.9,,End
7308,Issues,Julia Michaels,,00:08.1,02:52.7,,
7309,Hard Times,Paramore,,00:16.6,02:57.4,2017,Fade
7310,Remember Me,Jennifer Hudson,,00:08.2,03:43.8,2011,Slow
7311,Lights Out,Royal Blood,,00:03.4,03:40.4,,Fade
7312,Passionfruit [Clean],Drake,,00:16.2,03:47.5,,Fade
7313,Shine on Me,Dan Auerbach,,00:24.8,03:07.0,2017,Fade
7314,Black Magic,The Amazons,,00:29.1,04:24.1,,Fade
7315,Tell That Girl,Texas,,00:03.8,03:22.5,,Fade
7316,Love You To the Sky,Erasure,,00:07.1,04:22.7,,End
7317,Lost on You,LP,,00:22.8,04:22.6,,Fade
7318,We Are Bound,Jack Savoretti,,00:05.1,02:55.2,,Fade
7319,Hello Hello,Fickle Friends,,00:00:00,02:53.1,,End
7320,Cloudbusting,Just Us,,00:06.0,03:31.3,,Fade
7321,Baby,Anton Powers & Pixie Lott,,00:02.7,03:05.4,2017,End
7322,Lust for Life (feat. The Weeknd),Lana Del Rey,,00:01.1,04:17.0,,Fade
7323,Best Behaviour,Louisa Johnson,,00:01.3,03:30.6,,End
7324,The Cure,Lady Gaga,,00:09.0,03:26.0,2017,End
7325,Sign of the Times,Harry Styles,,00:16.0,05:33.3,2017,Fade
7326,This Moment,Chase & Status and Blossoms,,00:11.1,03:29.8,2017,End
7327,"I'm the One (feat. Justin Bieber, Quavo, Chance th",DJ Khaled,,00:00:00,04:44.9,,End
7328,Young and Menace,Fall Out Boy,,00:08.1,03:40.1,2017,Fade
7329,Cave,Future Islands,,00:26.7,03:46.3,,Fade
7330,Want You Back,Haim,,00:00:00,03:50.4,,End
7331,Questions (feat. Boy Matthews),High Contrast,,00:10.9,03:57.0,,Fade
7332,Ex,James TW,,00:00:00,03:28.4,,End
7333,Swalla (feat. Nicki Minaj & Ty Dolla $ign),jason derulo,,00:00:00,03:34.4,,End
7334,Call Me,Kate Nash,,00:03.4,03:28.9,,End
7335,Bon Appétit (feat. Migos),Katy Perry,,00:01.6,03:41.0,,Fade
7336,It Ain't Me,Kygo & Selena Gomez,,00:09.4,03:34.7,,End
7337,Never Give up on You,Lucie Jones,,00:00:00,02:57.9,,End
7338,Despacito (feat. Justin Bieber) [Remix],Luis Fonsi & Daddy Yankee,,00:08.8,03:47.1,,End
7339,Malibu,Miley Cyrus,,00:06.4,03:46.6,,End
7340,1 Night (feat. Charli XCX),Mura Masa,,00:16.5,03:22.5,,Fade
7341,Trouble,Offaiah,,00:00:00,02:51.2,,End
7342,Long Long Road,Paul Weller,,00:00:00,03:17.1,,Fade
7343,Alone No More,Phillip George & Anton Powers,,00:03.4,02:49.5,,Fade
7344,Money (feat. Kah,Riton,,00:00:00,03:21.1,,Fade
7345,Be Who You Are,The Kooks,,00:09.6,03:52.4,,End
7346,Say My Name,Tove Stryke,,00:12.6,03:20.8,,End
7347,Wall of Glass,Liam Gallagher,,00:22.1,03:37.7,,End
7348,Power,Little Mix feat. Stormzy,,00:10.9,03:53.6,2017,End
7349,The Refugee,The Blinding Lights,,00:09.6,06:58.2,,Fade
7351,Oh Woman Oh Man,London Grammar,,00:00:00,04:21.4,,Fade
7352,Dig Down,Muse,,00:14.3,03:43.0,,End
7353,Slow Hands,Niall Horan,,00:14.0,03:07.3,,End
7354,Unpredictable,Olly Murs & Luisa Johnson,,00:08.4,03:13.1,,End
7355,Your Song,Rita Ora,,00:07.1,02:58.0,,End
7356,OK Feat. James Blunt),Robin Schulz,,00:06.9,03:09.2,,End
7357,Bad Liar,Selena Gomez,,00:07.8,03:32.5,,End
7358,There's Nothing Holdin' Me Back,Shawn Mendes,,00:08.1,03:17.7,,End
7359,We Just Don't Care,Shy FX ft. Singhai,,00:29.5,03:00.5,,End
7360,Junk Food Forever (Acoustic),The Amazons,,00:00:00,03:48.0,,Fade
7361,The Man,The Killers,,00:29.7,04:05.6,2017,End
7362,Chasing Highs,Alma,,00:01.8,03:10.7,,End
7363,Pull The Other One,The Big Moon,,00:18.3,03:24.2,,
7364,Cut To The Feeling,Carly Rae Jepsen,,00:05.5,03:22.5,,End
7365,Brazil,Declan McKenna,,00:38.9,03:54.0,,End
7366,2U,David Guetta ft. Justin Bieber,,00:00:00,03:05.0,,End
7367,Wild Thoughts (feat. Rihanna & Bryson Tiller),DJ Khaled,,00:01.5,03:20.8,,End
7368,Run,Foo Fighters,,00:13.4,05:21.2,,End
7369,Don't Matter Now,George Ezra,,00:10.6,02:52.1,,End
7370,Mama (feat. William Singe),Jonas Blue,,00:09.1,02:55.6,,End
7371,Strip That Down,Liam Payne ft. Quavo,,00:07.3,03:20.6,,End
7372,May I Have This Dance [feat. Chance the Rapper],Francis and the Lights,,00:10.0,03:12.1,,
7373,Paranoiac Personality,Alice Cooper,,00:23.0,03:04.4,,End
7374,Versace On The Floor,Bruno Mars vs. David Guetta,,00:09.9,03:42.6,,End
7375,Miracles (Someone Special),Coldplay ft. Big Sean,,00:17.8,04:20.6,,Slow
7376,Can't Do,Everything Everything,,00:01.7,03:27.3,,End
7377,Sun Comes Up,Rudimental ft. James Arthur,,00:02.8,03:48.7,,End
7378,Get Low,Liam Payne & Zedd,,00:04.1,03:22.3,2017,
7379,The Line,Raye,,00:01.3,03:15.7,2012,End
7380,"Feels ft. Pharrell Williams, Katy Perry",Calvin Harris,,00:29.9,03:40.3,,End
7381,Crying in the Club,Camila Cabello,,00:11.8,03:32.8,2017,End
7382,Unforgettable,French Montana feat. Swae Lee,,00:11.6,03:47.7,2017,End
7383,Came Here for Love,Sigala & Ella Eyre,,00:16.1,03:19.9,,End
7384,Pretty Girl <Cheat Codes X Cade Remix>,Maggie Lindemann,,00:00:00,03:09.9,,End
7385,Rockin',the Weeknd,,00:16.7,03:51.8,2019,End
7386,No More Sad Songs,Little Mix feat. Machine Gun Kelly,,00:00:00,03:41.1,,End
7387,Instruction,Jax Jones feat. Demi Lovato & Stefflon Don,,00:00:00,02:43.7,2017,End
7388,Did You See,J Hus,,00:04.2,02:58.2,,End
7389,First Time,Kygo & Ellie Goulding,,00:10.3,03:06.6,,End
7390,Boys,Charlie XCX,,00:00:00,02:40.3,,End
7391,Sorry Not Sorry,Demi Lovato,,00:00:00,03:19.2,,Fade
7392,New Rules,Dua Lipa,,00:08.2,03:26.7,2017,
7393,Real Life (feat. Naations),Duke Dumont & Grogan City,,00:05.1,03:21.0,,End
7394,Little of Your Love,Haim,,00:03.5,03:22.8,,Fade
7395,Thunder,Imagine Dragons,,00:00:00,02:55.7,2017,Fade
7396,Midnight Caller,Jessie Ware,,00:22.9,04:33.6,,Fade
7397,Friends,Justin Bieber & BloodPop,,00:01.9,03:05.4,2017,End
7398,Bless This Acid House,Kasabian,,00:03.9,03:41.4,,Fade
7399,Praying,Kesha,,00:14.1,03:43.3,,End
7400,For What Its Worth,Liam Gallagher,,00:00:00,04:03.6,,Fade
7401,What About Us,Pink,,00:08.2,04:25.9,,End
7402,The Way You Used to Do,Queens of the Stone Age,,00:14.6,04:14.6,2017,End
7403,Laidback,Rat Boy,,00:13.4,03:27.8,,Fade
7404,Doing Me,Ray Blk,,00:00:00,03:43.5,,End
7405,Bodak Yellow,Cardi B,,00:13.3,03:35.8,2017,Fade
7406,11 Bounce With Me<extended Mix> [feat. Xscape],Lil Bow Wow,,00:28.2,04:41.7,,End
7407,Look What You Made Me Do,Taylor Swift,,00:14.8,03:30.7,,End
7408,Fantasy (feat. Nile Rodgers),George Michael,,00:08.9,03:56.5,,End
7409,She's On My Mind,JP. Cooper,,00:00:00,02:54.4,,Fade
7410,Crybaby,Paloma Faith,,00:11.7,03:49.9,,End
7411,Feel It Still,Portugal. The Man,,00:10.9,02:39.2,2017,Fade
7412,Too Good at Goodbyes,Sam Smith,,00:00.6,03:20.0,,Fade
7413,(No One Knows Me) Like the Piano,Sampha,,00:29.4,03:28.2,,Fade
7414,Walk On Water,Thirty Seconds To Mars,,00:00.5,03:03.4,,Fade
7415,Youre the Best Thing About Me,U2,,00:00:00,03:41.3,,Fade
7416,Beautifully Unconventional,Wolf Alice,,00:14.3,02:09.7,,End
7417,It Was a Very Good Year,Seal,,00:16.5,04:36.2,,Fade
7418,Luck Be a Lady,Seal,,00:03.7,04:32.0,,End
7422,Havana,Camila Cabello,,00:08.7,02:52.5,2017,
7424,Back To You (Clean),Louis Tomlinson & Bebe Rexha,,00:06.4,03:07.4,,
7425,Anywhere,Rita Ora,,00:01.1,03:27.2,2017,
7426,Holy Mountain,Noel Gallagher's High Flying Birds,,00:08.8,03:46.7,,
7427,Blinded By Your Grace,Stormzy & MNEK,,00:17.1,03:44.4,,
7428,Welcome To Your Life,Grouplove,,00:00:00,03:38.4,,
7431,Beach Boys,Weezer,,00:11.5,00:03:44,,
7433,How Long,Charlie Puth,,00:07.3,03:15.0,,
7434,Miss You,Clean Bandit Feat Julia Michaels,,00:08.0,03:21.1,,
7436,Blow Your Mind (Clean),Dua Lipa,,00:03.1,02:55.9,,
7437,Paradise,George Ezra,,00:06.2,03:39.4,,
7438,Dancing,Kylie Minogue,,00:07.9,02:55.1,,
7439,Beautiful Trauma (Clean),Pink,,00:10.9,03:57.1,,
7440,Feel It Still,Portugal The Man,,00:09.6,02:38.6,2017,
7441,Happy New Year,The Big Moon,,00:00.4,03:16.9,2017,
7443,I Know You,Bastille Feat Craig David,,00:00.9,03:30.7,,
7446,Is Your Love Enough,Little Mix,,00:00:00,03:39.3,,
7450,Let Me Go,Alesso & Hailee Steinfeld,,00:04.7,02:52.9,,
7451,Turn,Wombats,,00:09.4,03:18.1,,
7452,Never Be The Same,Camila Cabello,,00:14.9,03:41.9,,
7453,IDGAF (Clean),Dua Lipa,,00:05.4,03:33.3,,
7454,Him & I,G Eazy & Halsey,,00:00.4,04:23.6,,
7455,Wild Love,James Bay,,00:12.7,03:12.2,,
7456,Say Something,Justin Timberlake,,00:39.7,04:36.5,2018,
7457,My Lover,"Not3s, Mabel",,00:05.3,03:10.0,2017,
7458,Rose Coloured Boy,Paramore,,00:03.8,03:29.2,,
7459,These Days,"Rudimental, Jess Glynne & Macklemore",,00:01.0,03:28.7,2018,
7460,In My Blood,Shaun Mendez,,00:00:00,03:23.4,,
7461,Lullaby,Sigala & Paloma,,00:07.6,03:20.1,,
7462,Ready For It,Taylor Swift,,00:10.4,03:25.3,2017,
7463,The Middle,Zedd & Maren Morris,,00:00:00,02:59.2,,
7464,No Roots,Alice Merton,,00:10.8,03:50.8,,
7465,2002,Anne Marie,,00:00.4,03:02.1,2018,
7466,Meant To Be,Bebe Rexha & Florida Georgia Line,,00:05.6,02:41.0,2017,
7467,I Cant Stand It,Blossoms,,00:18.4,02:46.3,,
7468,No Pressure,The Kooks,,00:14.8,03:17.4,,
7470,Shotgun,George Ezra,,00:07.8,03:00.8,2018,
7471,Familiar,Liam Payne Feat J Balvin,,00:00.5,03:11.5,,
7472,Week Without You (Clean),Miley Cyrus,,00:06.6,03:35.7,,
7473,Royal Highness,Tom Grennan,,00:00:06,03:10.6,,
7474,Stay,Zedd Feat Alessia Cara,,00:01.0,03:29.9,,
7475,Four Out Of Five,Arctic Monkeys,,00:13.4,05:06.6,,
7476,Didya Think,Arlie,,00:00.2,03:06.1,,
7477,One Kiss,Calvin Harris Feat. Dua Lipa,,00:00.2,03:29.1,,
7478,Sunkissed,Fripps & Fripps,,00:13.7,00:02:58,,
7479,She Taught Me How To Fly,Noel Gallagher's High Flying Birds,,00:19.8,04:57.3,2018,
7480,Hell or High Water,Passenger,,00:00.5,03:33.5,,
7481,The Road,The Big Moon,,00:23.0,03:51.2,,
7482,Growing Pains,Alessia Cara,,00:07.3,03:09.4,,
7483,No Tears Left To Cry,Ariana Grande,,00:01.4,03:20.4,2018,
7484,I'm A Mess,Bebe Rexha,,00:04.8,03:05.6,,
7485,If Youre Over Me,Years & Years,,00:00:09,03:04.7,,
7486,Hunger,Florence & The Machine,,00:01.5,03:28.5,,
7487,I'll Be There,Jess Glynne,,00:02.0,03:12.2,2018,
7488,Shed A Tear,Kodaline,,00:13.1,03:48.0,,
7489,Just My Type,The Vamps,,00:04.0,03:28.3,,
7490,Barbed Wire,Tom Grennan,,00:10.0,02:56.8,2018,
7491,I Cant Quit (Clean),Vacinnes,,00:07.4,02:39.2,,
7492,Dont Beat The Girl Out Of My Boy,Anna Calvi,,00:00:00,03:59.1,,
7493,Solo,Clean Bandit Feat Demi Lovato,,00:00:00,03:38.1,,
7494,Dont Matter To Me,Drake Feat Michael Jackson,,00:19.1,04:01.5,,
7495,The One,Dua Lipa,,00:09.2,00:03:18,,
7496,Running On Empty,Issac Gracie,,00:14.3,02:59.2,,
7497,Rise,Jonas Blue,,00:03.4,03:05.7,,
7498,I Wanna Know,NOTD Feat Bea Miller,,00:00.7,03:13.0,,
7499,Back To You,Selena Gomez,,00:09.1,03:19.7,,
7500,All I Am,Jess Glynne,,00:07.4,03:36.7,,
7502,Burn The House Down,AJR,,00:00.4,03:24.7,,
7503,Why So Serious,Alice Merton,,00:04.8,03:42.7,,
7504,There's A Reason Why,Blossoms,,00:25.1,03:38.0,,
7505,Funky Sensation,Disclosure,,00:00.4,03:25.0,,
7506,Back & Forth,Jonas Blue & Becky Hill,,00:00.2,03:10.9,,
7507,Electricity,Dua Lipa & Mark Ronson,,00:03.1,03:50.3,2018,
7508,Nevermind,Dennis Lloyd,,00:00.3,02:34.2,,
7509,Just Got Paid,Sigala,,00:07.3,03:36.7,,
7510,Angels,Tom Walker,,00:00.9,03:16.9,,
7511,Pressure,Muse,,00:14.4,03:53.3,,
7512,Happier,Bastille & Marshmello,,00:00.2,03:30.1,2018,
7514,Beautiful,Camila Cabello Feat Bazzi,,00:02.1,02:56.3,,
7515,Over You,Macy Gray,,00:05.1,03:43.2,,
7516,One Shot,Mabel,,00:16.1,03:48.0,2018,
7517,Happy Now,Zedd Feat Elley Duhe,,00:11.3,03:14.7,,
7518,All for you,Years & Years,,00:07.9,03:31.3,,
7519,Moves,Olly Murs Feat Snoop Dogg,,00:01.6,02:41.7,,
7520,G.I.V.E,Ten Tonnes,,00:18.7,03:01.2,,
7521,ReArrange,Biffy Clyro,,00:00:00,03:30.3,,
7522,Promises,Calvin Harris Feat Sam Smith,,00:01.7,03:31.9,,
7523,Shallow (A Star Is Born),Lady Gaga & Bradley Cooper,,00:15.1,03:28.5,,
7524,Woman Like Me (Clean),Little Mix feat. Nicki Minaji,,00:00:00,03:45.8,,
7526,Better Now (Clean),Post Malone,,00:11.2,03:15.8,,
7527,Let Me Love You,Rita Ora,,00:04.2,03:05.6,,
7528,Ever Again,Robyn,,00:13.1,04:01.1,,
7529,Walk Alone,Rudimental Feat. Tom Walker,,00:00:00,03:20.0,,
7530,Armor,Sara Bareilles,,00:12.7,04:26.2,,
7531,Its Not Living (If Its With You),The 1975,,00:18.4,04:01.5,,
7534,Hold My Girl,George Ezra,,00:07.6,03:21.1,,
7535,Back To Life,Hailee Stenfeld,,00:09.6,03:45.8,,
7536,Loyal,Paloma Faith,,00:08.8,03:37.2,,
7537,Carry Yourself,Razorlight,,00:20.7,03:48.4,,
7538,Thats When I Feel It,Richard Ashcroft,,00:13.8,03:50.9,,
7539,Out Of Our Heads,Take That,,00:03.9,02:50.0,,
7541,Barcelona,Andy Burrows,,00:10.1,03:13.2,,
7542,Party For One,Carly Rae Jepsen,,00:07.3,03:01.0,,
7543,This Feeling,Chainsmokers,,00:08.0,03:12.2,,
7544,Crippling Self Doubt,Courtney Barnett,,00:05.0,02:43.1,,
7545,Love Has All Been Done Before,Jade Bird,,00:04.7,03:13.5,2018,
7546,Play,"Jax Jones, Years & Years",,00:00.2,03:04.4,,
7547,Just Do it,Lily & Madeleine,,00:10.1,03:10.3,,
7548,Nothing Breaks Like A Heart,Mark Ronson & Miley Cyrus,,00:07.9,03:34.2,,
7549,Move On,Mike Posner,,00:09.8,02:57.9,,
7550,That Sound,Sam Fender,,00:29.7,03:19.1,2018,
7551,Everlasting,Take That,,00:00:00,03:36.2,,
7552,Longshot,Catfish & The Bottleman,,00:00.1,03:38.9,,
7553,Better Than Me,Ten Tonnes,,00:06.4,03:15.4,,
7554,Lash Out,Alice Merton,,00:06.2,03:12.3,,End
7555,Favourite Thing,Fleur East,,00:16.4,03:11.5,,Fade
7557,100 Bad Days,AJR,,00:03.9,03:27.9,,
7558,Shine A Light,Bryan Adams,,00:00.1,03:19.4,,
7559,Giant feat Rag'n'bone Man,Calvin Harris,,00:00.6,03:48.1,,
7560,Swan Song,Dua Lipa,,00:13.3,02:56.8,,
7561,Think About Us,Little Mix,,00:01.0,03:50.6,,
7562,Is It Really Me Youre Missing,Nina Nesbit,,00:12.0,03:41.6,,
7563,Bones,OneRepublic,,00:07.7,03:25.2,,
7564,At Most Kiss,Blossoms,,00:18.7,02:54.7,,
7565,Electrico Romantico,Bob Sinclar Feat Robbie,,00:09.2,02:43.7,,
7566,Comme Si,Christine and the Queens,,00:00.5,03:07.3,,
7567,Mama,Clean Bandit Feat Ellie Goulding,,00:04.4,03:06.8,,
7568,Moderation,Florence & The Machine,,00:00.7,03:02.3,2019,
7569,Pretty Shining People,George Ezra,,00:04.7,03:29.8,2019,
7570,Got No Joy,Jade Bird,,00:04.9,02:36.7,,
7571,My Love Goes On,James Morrison,,00:00.1,03:33.7,,
7572,Sucker,Jonas Brothers,,00:00:00,02:58.5,,
7573,Beat 54,Jungle,,00:18.1,04:04.1,,
7574,Don't Call Me Up,Mabel,,00:00.8,02:54.9,1920,
7575,Sensual,Neiked Feat Dyo,,00:08.7,03:07.0,,
7576,Your Ex,Paloma Faith,,00:03.2,03:33.1,,
7577,Walk Me Home,Pink,,00:00.7,02:38.7,,
7578,Play God,Sam Fender,,00:05.1,03:41.6,,
7579,I'm So Tired,Troy Sivan & Lauv,,00:07.4,02:37.3,2019,
7580,365,Zedd & Katy Perry,,00:03.3,02:57.7,,
7581,Found What I've Been Looking For,Tom Grennan,,00:09.5,03:08.5,,
7582,More Of The Same,Caroline Rose,,00:12.8,03:59.6,,
7583,I Dont Want It At All,Kim Petras,,00:08.2,04:06.9,,
7584,Someone You Loved,Lewis Capaldi,,00:08.7,02:56.7,2019,
7585,Two Of Us,Louis Tomlinson,,00:03.5,03:32.8,,
7586,Break Up With Your Girlfriend (Clean),Ariana Grande,,00:05.8,02:34.8,,
7587,Last Hurrah,Bebe Rexha,,00:00:00,02:28.3,,
7589,No One,Jess Glynne,,00:00.1,03:36.5,,
7591,You Mean The World To Me,Freya Ridings,,00:10.6,03:01.9,,
7592,With You,Hannah Grace,,00:00.7,03:24.6,,
7594,Dancing With A Stranger,Sam Smith & Normani,,00:07.2,02:48.2,,
7595,Only Want You,Rita Ora,,00:01.1,02:55.5,,
7596,"Hey Look Ma, I Made It",Panic at The Disco,,00:18.5,02:47.2,,
7597,Just You And I,Tom Walker,,00:03.6,02:50.3,,
7598,Dont Feel Like Crying,Sigrid,,00:06.8,02:26.9,,
7599,Halfway There,Rozes,,00:12.3,03:24.1,,
7600,Learn To Live,Alice Merton,,00:12.6,03:49.5,,
7601,Here With Me,Marshmellow Feat CHVRCHES,,00:00.5,02:32.9,,
7602,ME!,Taylor Swift,,00:00.1,03:06.3,2019,
7603,Easier,5 Seconds Of Summer,,00:05.6,02:36.0,,
7604,Joy,Bastille,,00:00:09,03:08.1,,
7605,Sixteen,Ellie Goulding,,00:08.8,03:15.0,,
7606,Feels Like The First Time,James Morrison,,00:06.1,04:06.0,,
7607,Hold Me While You Wait,Lewis Capaldi,,00:04.8,03:21.9,,
7608,If I Cant Have You,Shawn Mendes,,00:02.6,03:08.1,,
7609,Shadows,Alphabeat,,00:04.7,02:41.8,,
7610,Another Place,Bastille,,00:08.0,03:28.8,,
7611,Call You Mine,Chainsmokers & Bebe Rexha,,00:08.7,03:34.2,,
7612,Castles,Freya Ridings,,00:08.3,03:24.4,,
7613,My Motto,Jade Bird,,00:03.7,02:51.0,,
7614,Never Really Over,Katy Perry,,00:00.6,03:41.0,,
7615,LIVE When The Partys Over,Lewis Capaldi,,00:06.4,03:43.7,,
7616,Shockwave,Liam Gallagher,,00:07.8,03:26.0,,
7617,Bounce Back,Little Mix,,00:00.3,02:38.9,2019,
7618,Mad Love,Mabel,,00:09.8,02:45.2,2019,
7619,Crazy,Madonna,,00:13.1,04:00.1,,Fade
7620,Find YouAgain,Mark Ronson & Camila Cabello,,00:00.1,02:51.5,,
7621,Wish You Well,Sigala & Becky Hill,,00:14.1,03:21.8,2019,
7622,You Need To Calm Down,Taylor Swift,,00:10.6,02:45.4,,
7623,Talk,Two Door Cinema Club,,00:03.6,03:31.4,,
7624,Old Town Road,Li'l Nas,,00:12.8,02:28.3,2018,Fade
7626,Piece of your Heart,MEDUZA,,00:07.7,02:29.3,2019,End
7627,Options,NSG,,00:02.3,03:57.9,,End
7628,No Guidance,Chris Brown-Drake,,00:09.2,04:16.8,,End
7629,Rooting For Yo,Alessia Cara,,00:03.7,02:48.6,,
7630,All The Time,Zara Larsson,,00:00.1,03:46.1,,
7631,SOS,Avici Feat. Aloe Blacc,,00:04.7,02:33.5,,
7632,Your Girlfriend,Blossoms,,00:23.9,02:36.1,,
7633,Stay High,Brittany Howard,,00:22.9,03:08.7,,
7634,Cross You Out,Charli XCX & Sky,,00:15.7,03:26.6,,
7635,3 Nights,Dominic Fike,,00:09.6,02:56.8,,
7636,Beautiful People,Ed Sheeran & Khalid,,00:15.8,03:11.9,2019,
7638,Show Me More,Girl Ray,,00:04.4,03:17.1,,
7639,There For You,Gorgon City & MK,,00:15.4,02:58.2,,
7640,Harder,Jax Jones & Bebe Rexha,,00:00.5,02:37.2,,
7641,Small Talk,Katy Perry,,00:00.7,02:40.0,,
7642,Higher Love,Kygo & Whitney,,00:08.3,03:43.0,2019,
7643,Fly Like An Eagle,Noel Gallagher's High Flying Birds,,00:17.2,04:12.7,,
7645,Senorita,Shawn Mendes & Camila Cabello,,00:14.9,03:09.1,,
7648,Lover,Taylor Swift,,00:14.4,03:37.2,,
7649,Crown (Clean),Stormzy,,00:09.3,03:25.3,,
7650,All Day All Night,Jax Jones,,00:07.9,02:45.2,2019,End
7651,Money In The Grave,Drake ft Rick Ross,,00:16.5,03:20.8,,End
7652,Touches,Jess Glynne,,00:07.6,03:13.8,,End
7653,Best Part of Me,Ed Sheeran ft YEBBA,,00:11.6,03:54.1,,Fade
7654,Ritual,"Tiesto, Jonas Blue, Rita Ora",,00:08.5,03:14.2,,End
7655,OT Bop,NSG,,00:00:02,03:03.4,,End
7656,The Plug,Dappy,,00:12.3,03:11.3,,Slow
7657,Take Me Back to London,Ed Sheeran ft Stormzy,,00:01.3,03:04.4,,End
7658,The London,Young Thug,,00:21.1,03:14.6,,End
7659,Vossi Bop,Stormzy,,00:10.7,03:14.2,2019,End
7660,Heat,Chris Brown ft Gunna,,00:12.2,03:52.2,,End
7661,Gucci Demon,B Young,,00:11.6,02:52.0,2019,End
7662,Ye,Burna Boy,,00:04.5,03:33.5,,Fade
7663,Fashion Week,AJ Tracey,,00:09.6,03:17.0,2019,End
7664,Strike Me A Pose,Young T ft Aitch,,00:04.5,03:30.3,,End
7665,"10,000 Hours",Dan & Shay ft Justin Beiber,,00:03.0,02:40.5,,Slow
7666,Ladbroke Grove,AJ Tracey,,00:14.3,03:05.4,,End
7667,Liar,Camilla Cabello,,00:00:10,03:30.6,,End
7668,Outnumbered,Dermot Kennedy,,00:10.7,03:58.7,,End
7669,Graveyard,Halsy,,00:05.4,02:59.3,,Fade
7670,Sorry,Joel Corry,,00:00:00,03:04.4,,End
7671,Don't Call Me Angel,Lana Del Ray/Ariana/Miley Cyrus,,00:04.3,03:04.1,,End
7672,Good As Hell (Clean),Lizzo,,00:00.2,02:33.5,,
7673,Memories,Maroon 5,,00:10.2,03:02.6,2019,Fade
7674,Circles,Post Malone,,00:34.1,03:28.6,,End
7675,Ride It,Regard,,00:08.1,02:34.7,,End
7676,Turn Me On,Riton,,00:06.2,03:22.1,2019,Fade
7677,How do you sleep,Sam Smith,,00:11.4,03:16.9,,End
7678,The Last Time,The Script,,00:13.4,03:13.1,,End
7679,Dance Monkey,Tones & I,,00:09.1,03:26.1,2019,End
7680,3 Nights,Dominic Nights,,00:00:12,02:56.5,,End
7681,47,"Sidhu Moose Wala, MIST, Steel Banglez",,00:00:10,03:11.9,2020,End
7682,Bruises,Lewis Capaldi,,00:00:00,03:34.0,,Fade
7683,Buss Down,Aitch (Feat ZieZie),,00:10.0,03:27.1,,End
7684,Harleys In Hawaii,Katy Perry,,00:00:07,02:59.4,,End
7685,Stack It Up,Liam Payne,,00:08.6,02:42.8,2019,End
7686,Lights Up,Harry Styles,,00:17.0,02:43.0,2019,Slow
7687,Motivation,Normani,,00:00:00,03:11.3,,End
7689,Post Malone,Sam Feldt ft RANI,,00:05.1,02:50.0,,Fade
7690,South of the Border,Ed Sheeran ft Camila Cabello,,00:09.5,03:20.1,,End
7691,This is Real,Jax Jones & Ella Henderson,,00:03.6,03:16.6,2019,End
7695,Orphans,Coldplay,,00:00.4,03:15.6,,
7696,Glorious,Ella Henderson,,00:03.5,03:00.5,,
7697,Youre Not The Only One,Sam Fender,,00:23.3,04:22.4,,
7698,Wave,Meghan Trainor,,00:01.2,02:53.0,,
7699,Lose You To Love Me,Selena Gomez,,00:08.9,03:20.7,,
7700,What You Want,Zuzu,,00:08.0,03:14.3,,
7701,We Made It,Louis Tomlinson,,00:11.8,03:18.3,,
7702,Trigger,Major Lazor,,00:10.4,02:47.9,,
7703,Dont Start Now,Dua Lipa,,00:00.0,02:58.1,,
7704,The Keeper,Blossoms,,00:08.6,03:17.0,,
7705,My Oh My,Camila Cabello,,00:08.6,02:47.3,,End
7706,Future Nostalgia,Dua Lipa,,00:00:00,03:00.8,2020,End
7707,Adore You,Harry Styles,,00:09.9,03:24.8,2019,
7708,Watermelon Sugar,Harry Styles,,00:00:00,02:51.8,2019,End
7709,Dont Let It Break Your Heart,Louis Tomlinson,,00:05.9,03:13.7,,
7710,We Got Love,Sigal & Ella Henderson,,00:06.0,03:28.5,,
7711,Own It,Stormz & Ed Sheeran,,00:09.2,03:32.5,,
7712,Better Half Of Me,Tom Walker,,00:00:00,03:12.8,,
7713,My My My,Troy Sivan,,00:08.3,03:20.2,,
7714,Everything I Wanted,Billie Eilish,,00:16.7,04:00.8,2019,
7715,I Can Hardly Speak,Bombay Bicycle Club,,00:08.2,03:51.3,,
7716,Georgia,Brittany Howard,,00:15.0,03:13.1,,
7717,24 Hours,Georgia,,00:00.5,02:43.5,2020,
7718,Deleter,Grouplove,,00:01.4,03:42.7,,
7719,My Honest Face,Inhaler,,00:06.4,04:25.0,2019,
7720,Changes,Lauv,,00:00:00,02:35.8,2020,
7721,Before You Go,Lewis Capaldi,,00:03.2,03:29.8,,
7722,Memories,Maroon 5,,00:10.2,03:03.2,,
7723,Lose Control,Meduza & Becky Hill,,00:07.5,02:43.7,2019,
7724,Nice To Meet Ya,Niall Horan,,00:07.4,02:36.3,,
7725,Hypersonic Missiles,Sam Fender,,00:00:00,03:54.1,,
7726,Take A Piece,The Big Moon,,00:02.7,03:38.5,,
7727,Blinding Lights,the Weeknd,,00:16.7,03:15.8,2019,
7728,Better Off Without You,Becky Hill ft Shift K3Y,,00:08.2,03:14.7,,End
7729,Black Swan,BTS,,00:26.5,03:15.2,2020,Fade
7730,Power Over Me,Dermot Kennedy,,00:08.3,03:12.4,,Fade
7731,Pump It Up,Endor,,00:00:00,02:27.1,,End
7732,Stop This Flame,Celeste,,00:17.9,03:30.2,2020,End
7733,Yummy,Justin Beiber,,00:05.5,03:17.1,,Fade
7734,Loose You Yo Love Me,Selena Gomez,,00:09.4,03:18.1,,Fade
7735,Rare,Selena Gomez,,00:01.0,03:38.1,2020,End
7736,Physical,Dua Lipa,,00:12.6,03:09.9,2020,
7737,Roxanne,Arizona Zervas,,00:10.5,02:33.9,,Slow
7738,Life Is Good,Future ft Drake,,00:12.5,03:52.4,,Fade
7739,Birthday,Anne-Marie,,00:00.5,02:59.3,,Fade
7740,Get Me,Justin Beiber,,00:05.4,03:01.7,,End
7741,Habit,Louis Tomlinson,,00:14.8,02:57.6,,Fade
7742,No Judgement,Niall Horan,,00:10.5,02:52.9,,End
7743,Roses,SAINt JHN,,00:00:00,02:53.3,2018,End
7744,Only The Young,Taylor Swift,,00:04.6,02:30.8,2020,End
7745,REACT,The Pussycat Dolls,,00:07.5,03:19.7,,End
7746,Kids In The Dark,All Time Low,,00:04.2,00:03:31,,End
7747,No Time To Die,Billie Eilish,,00:27.3,03:53.6,,Fade
7748,1999,Charli XCX,,00:00.6,03:07.6,,End
7749,Beautiful Faces,Declan McKenna,,00:05.5,03:13.1,,End
7750,Say So,Doja Cat,,00:08.3,03:53.7,2020,End
7751,Liberty Belle,Fontaines DC,,00:00:00,02:27.0,,Fade
7752,Revival,Gregory Porter,,00:03.9,03:04.2,,End
7753,You Should Be Sad (Clean),Halsey,,00:07.5,03:16.4,,Fade
7754,Simmer,Hayley Williams,,00:08.5,03:42.9,2020,End
7755,Halfway,James Blunt ft Ward Thomas,,00:00:10,03:05.9,,
7756,What A Man Gotta Do,Jonas Brothers,,00:04.0,02:54.2,2020,End
7757,Tattoos Together (Clean),Lauv,,00:03.9,03:04.1,,End
7758,Cuz I Love You (Clean),Lizzo,,00:00.1,02:40.0,,Fade
7759,Juice (Clean),Lizzo,,00:14.2,03:13.0,2019,End
7760,Blue Moon RIsing,Noel Galagher's High Dlying Birds,,00:27.9,03:39.3,,End
7761,Face To Face,Rex Orange County,,00:00.4,03:35.5,,Fade
7762,To Die For,Sam Smith,,00:07.5,03:06.1,2020,Fade
7763,Strangers,Sigrid,,00:07.3,03:47.7,2017,End
7764,Destined for Greatness,Tobi & Manny ft Janellà,,00:03.5,02:26.2,,End
7765,This is the Place,Tom Grennan,,00:00.3,03:02.4,,End
7766,Caution,The Killers,,00:10.1,03:25.9,,
7767,The Other Side,SZA ft Justin Timberlake,,00:03.3,03:05.0,,
7768,Once,Liam Gallagher,,00:03.0,03:24.9,2019,
7769,Flowers,Nathan Dawe ft Jaykae,,00:00:00,03:14.0,,
7770,Intentions,Justin Beiber ft Quavo,,00:12.7,03:28.5,,
7771,If The World Was Ending,JP Saxe ft Julia Micheals,,00:05.2,03:26.1,,
7772,Break Up Song,Little Mix,,00:04.8,03:17.4,,
7773,Break My Heart,Dua Lipa,,00:07.8,03:38.7,2020,
7774,Stupid Love,Lady Gaga,,00:06.7,03:11.5,,
7775,Waves,The Big Moon,,00:08.8,02:50.1,,
7776,Don't Need Love 2,220 Kid ft Gracey,,00:07.2,03:13.8,,
7777,Instant History,Biffy Clyro,,00:00:00,03:11.1,,
7778,Summer Feelings,Charlie Puth ft Lennon Stella,,00:07.8,02:37.6,2020,
7779,The Key To Life On Earth,Declan McKenna,,00:14.3,04:01.2,,
7780,Power,Ellie Goulding,,00:11.5,03:07.8,,
7781,Faded,Izzy Bizu,,00:07.7,03:26.7,,
7782,Better,Jack Garratt,,00:00:00,03:11.3,,
7783,Save A Kiss,Jessie Ware,,00:07.1,03:28.0,2020,
7784,Little Bit Of love,JP Cooper,,00:01.4,03:20.6,,
7785,Lose Somebody,Kygo Feat OneRepublic,,00:13.7,03:15.2,,
7786,Rain On Me,Lady Gaga ft Ariana Grande,,00:01.0,03:01.1,,
7787,Be Kind,Marshmello ft Halsey,,00:04.8,02:48.9,,
7788,Black & White,Niall Horan,,00:05.4,03:09.0,,
7789,Is Everybody Going Crazy,Nothing But Thieves,,00:09.5,03:43.1,,
7790,This City,Sam Fischer,,00:03.0,03:13.9,2018,
7791,ILY (I Love You),Surf Mesa feat Emilee,,00:00:00,02:51.0,,
7792,If Youre Too Shy,The 1975,,00:14.0,03:52.9,,
7793,oh please,Tom Grennan,,00:12.8,03:35.9,,
7794,Breaking Me,Topic,,00:03.7,02:41.5,,
7795,Level Of Concern,Twenty One Pilots,,00:15.7,03:36.6,,
7796,Tiptoes,Two Door Cinema Club,,00:19.8,03:18.3,,
7797,Things I Thought Were Mine,Alfie Templeman,,00:27.6,03:11.1,,End
7798,Black Dog,Arlo Parks,,00:11.3,03:35.7,2020,Fade
7799,Kings & Queens,Ava Max,,00:00:00,02:37.6,2020,End
7800,Lights Off,Be Charlotte,,00:00:00,02:31.8,,End
7801,Heaven On My Mind,Becky Hill & Sigala,,00:08.4,03:09.7,2020,End
7802,Hypercolour,CamelPhat & Foals,,00:08.8,00:03:19,2020,Fade
7803,The Glow,DMAs,,00:14.3,02:45.5,,Fade
7804,Contraband,Do Nothing,,00:00:00,03:02.1,,End
7805,Take Care Of You,Ella Henderson,,00:00:00,03:14.9,,End
7806,Slow Grenade,Ellie Goulding & Lauv,,00:06.4,03:34.7,,End
7807,Dont Wanna,Haim,,00:00:00,03:15.3,,End
7808,Falling In,Inhaler,,00:07.2,03:42.9,,End
7809,Chew On My Heart,James Bay,,00:08.1,03:12.3,,Slow
7810,Smile,Katy Perry,,00:04.0,02:41.8,,End
7811,Cant Fight,Lianne Le Havas,,00:10.2,03:02.2,,End
7812,Nothing Left But Family,Rebecca Ferguson,,00:11.6,03:04.1,,Slow
7813,Eleanor,Red Rum Club,,00:00:00,02:40.1,,Fade
7814,Secrets (Clean),Regard & RAYE,,00:00:00,02:50.7,,End
7815,All I Want To Hear You Say,Sea Girls,,00:00:00,03:05.8,,End
7816,Kelly,The Aces,,00:08.4,03:01.9,,End
7817,Sleep at Night,The Chicks,,00:09.4,03:09.5,,End
7818,My Own Soul's Warning,The Killers,,00:03.7,04:10.7,,End
7819,Take Back The Track,The Magic Gang,,00:19.4,03:13.8,,Slow
7820,Waiting For You,Tom Walker,,00:04.9,02:46.0,,End
7821,Love Me Land,Zara Larson,,00:02.5,02:36.9,,End
7822,Funny,Zedd Feat Jasmine Thompson,,00:08.6,03:40.5,,End
7823,Ablaze,Alanis Morissette,,00:10.0,03:50.1,,Fade
7824,What You Gonna Do,Bastille,,00:03.1,02:08.9,,End
7825,Cardigan,Taylor Swift,,00:03.4,03:45.5,,Slow
7826,Vampire,Dominic Fike,,00:08.7,02:49.4,,Slow
7827,Hallucinate,Dua Lipa,,00:07.1,03:25.0,2020,End
7828,Take You Dancing,jason derulo,,00:00:00,03:07.4,2020,End
7829,Say Something,Kylie Minogue,,00:19.5,03:27.4,,
7830,Holiday,Little Mix,,00:02.9,03:29.0,2020,End
7831,Head & Heart,MNEK & Joel Corry,Dance Anthems,00:00:00,02:44.7,2020,End
7832,Real Love Song,Nothing But Thieves,,00:15.7,03:27.4,,Slow
7833,Kings and Queens,Ava Max,,00:00:00,02:37.7,2020,End
7835,Exile,Taylor Swift ft Bon Iver,,00:11.3,04:32.2,,Fade
7836,What's Love Got To Do With It,Kygo & Tina,,00:08.6,03:21.9,2020,End
7837,Levitating,Dua Lipa,,00:08.3,03:20.5,,End
7840,Midnight Sky,Miley Cyrus,,00:07.1,03:38.1,2020,Fade
7843,Love Looks Better,Alicia Keys,,00:09.3,03:19.1,,
7844,Step It Up,Armand Van Helden,,00:00:00,03:09.3,,
7845,Lets Love,David Guetta Feat Sia,,00:00:00,03:17.1,,
7846,OK Not Be OK,Demi Lovato & Marshmello,,00:07.6,02:38.8,,
7847,Giants,Dermot Kennedy,,00:00:00,02:50.6,,End
7848,Happiness,McFly,,00:06.8,03:02.7,,End
7849,In & Out of Love,Mel C,,00:22.9,03:40.5,,End
7850,OK on Your Own,Mxmtoon & Carly Rae Jepson,,00:11.5,03:25.5,,End
7851,Visitor,Of Monsters & Men,,00:10.9,03:20.5,,Fade
7852,Cookie Scene,The Go Team,,00:03.7,02:36.6,,End
7853,Blowback,The Killers,,00:04.5,03:53.1,,Fade
7854,Chemicals,The Vamps,,00:05.4,02:49.1,,End
7855,Bad Habits,Usher,,00:11.6,04:12.0,2020,End
7856,All Love Everything,Aloe Blacc,,00:00:00,02:23.9,,Fade
7857,Space,Becky Hill,,00:08.1,03:12.3,2020,End
7858,Beautiful Drug,Bon Jovi,,00:05.9,03:36.8,,Slow
7859,Dynamite,BTS,,00:00:00,03:14.0,2020,End
7860,Rapture,Declan McKenna,,00:23.9,03:47.7,,End
7861,I'm Not Mad,Halsey,,00:12.0,02:52.2,,End
7862,Trouble's Coming,Royal Blood,,00:00:00,03:43.3,,End
7863,Amen,Tom Grennan,,00:06.6,02:58.3,,End
7864,The Hudson,Amy MacDonald,,00:08.9,03:22.2,,Fade
7866,Ghosts,Bruce Springsteen,,00:08.3,05:38.3,,Slow
7867,Tick Tock,"Clean Bandit, Mabel",,00:00.8,02:53.8,2020,End
7868,Straight To The Morning,Hot Chip & Jarvis Cocker,,00:00:00,03:17.9,,End
7869,I Miss You,Jax Jones,,00:00:00,02:50.0,,End
7870,Holy,Justin Bieber & Chance The Rapper,,00:05.6,03:28.7,2020,Fade
7871,One Too Many,Keith Urban & Pink,,00:05.2,03:19.0,,Fade
7872,Magic,Kylie Minogue,,00:17.3,04:00.3,,Fade
7873,Sweet Melody,Little Mix,,00:00:00,03:30.3,2020,End
7874,Make You Mine,Public,,00:17.0,03:41.2,,Fade
7875,Diamonds,Sam Smith,,00:06.8,03:24.8,,Fade
7876,Wonder,Shawn Mendes,,00:14.1,02:49.1,,End
7877,Something In Your Eyes,Steps,,00:08.9,02:56.0,,Fade
7878,I See Your Ghost,The Lathums,,00:06.1,02:27.4,,End
7879,Forever Isn't Long Enough,Alfie Templeman,,00:15.8,03:18.9,,Fade
7880,Caroline,Arlo Park,,00:10.7,03:27.9,,Fade
7881,My Head & My Heart,Ava Max,,00:02.9,02:50.9,2020,End
7882,Rose,Call Me Loop,,00:02.5,02:42.8,,End
7883,Police On My Back,Green Day,,00:01.6,02:48.7,,Fade
7884,Golden,Harry Styles,,00:12.8,03:24.6,,End
7885,When It Breaks,Inhaler,,00:00.7,03:38.0,,End
7886,Cotton Candy,Yungblood,,00:06.8,02:42.8,,End
7887,All Youre Dreaming Of,Liam Gallagher,,00:18.8,03:55.1,,End
7888,Paradise,Meduza & Dermot Kennedy,,00:07.6,02:46.4,2020,End
7889,Prisoner,Miles Cyrus & Dua Lipa,,00:00:00,02:46.9,,End
7890,Plastic Heart,Miley Cyrus,,00:05.5,03:22.9,2020,End
7891,No Time For Tears,Nathana Dave & Little Mix,,00:02.1,03:12.6,,End
7892,Save Your Tears,the Weeknd,,00:07.9,03:32.1,2019,
7893,Suckerpunch,You Me At Six,,00:10.4,03:36.7,,End
7894,Monster,Shawn Mendes feat Justin Bieber,,00:12.9,02:51.9,,End
7895,Is It True,Tame Impala,,00:15.8,03:47.7,,Fade
7896,Valleri,The Monkees,,00:06.7,02:16.5,2002,End
7900,Free Bird,Lynyrd Skynyrd,,01:14.5,08:53.9,1998,Fade
8000,"Baby, It's Cold Outside",Tom Jones and Cerys Matthews,,00:21.4,03:38.1,1999,
8001,2000 Miles,The Pretenders,,00:34.7,03:31.9,1983,
8002,Sliegh Ride,Andy Williams,,00:04.2,02:02.0,,
8003,It's the Most Wonderful Time of the Year,Andy Williams,,00:06.5,02:27.4,1968,
8004,Little Saint Nick,Beach Boys,,00:04.2,01:53.3,,
8005,Christmas Time is Here,The Beatles,,00:00:00,02:58.3,1967,
8006,White Christmas,Bing Crosby,,00:10.0,03:01.6,1990,
8007,Here Comes Santa Claus,Bob B Soxx,,00:07.3,02:01.7,,
8008,The Bells of St. Mary,Bob B Soxx,,00:06.1,02:29.4,,
8009,Jingle Bell Rock,Bobby Helms,,00:07.7,02:06.5,1970,
8010,Rockin' Around The Christmas,Brenda Lee,,00:00:00,02:01.2,1958,
8011,Jingles Bells,Brian Setzer Orchestra,,00:10.5,02:18.9,,
8012,Carpenters,Have Yourself A Merry Little Christmas,,00:12.8,03:52.2,,
8013,Driving Home for Christmas,Chris Rea,,00:22.0,03:53.9,1986,
8014,Run Rudolph Run,Chuck Berry,,00:06.4,02:38.5,1958,
8015,Have Yourself A Merry Little Christmas,Coldplay,,00:15.4,02:17.2,2017,
8016,Rudolph The Red Nosed Reindeer,The Crystals,,00:10.1,02:22.1,,
8017,Santa Claus is Coming to Town.mp3,The Crystals,,00:00:00,03:16.1,,
8018,All Alone on Christmas,Darlene Love,,00:11.5,04:02.4,,
8019,White Christmas,Darlene Love,,00:16.6,02:51.0,,
8020,Winter Wonderland,Darlene Love,,00:08.7,02:17.3,1964,
8021,Let It Snow! Let It Snow!,Dean Martin,,00:07.3,01:52.5,2015,
8022,Do They Know Its Christmas,Band Aid,,00:07.8,03:36.7,,
8023,White Christmas,Drifters,,00:00:00,02:36.7,1955,
8024,Santa Baby,Eartha Kitt,,00:00:00,03:20.2,1953,
8025,Have Yourself A Merry Little Christmas,Ella Fitzgerald,,00:08.4,02:53.3,,
8026,Marshmellow World,Frank Sinatra & Dean Martin,,00:08.9,02:15.8,,
8027,Santa Claus Is Coming To Town,Frank Sinatra,,00:06.4,02:31.7,2017,
8028,Warm This Winter,Gabriella Chilmi,,00:00.8,02:26.8,,
8029,I Believe In Father Christmas,Greg Lake,,00:20.3,03:27.3,1975,
8030,Santa Claus Is Coming To Town,Jackson 5,,00:07.1,02:16.8,,
8031,Everybody's Waiting for the Man With The,Kay Starr,,00:05.9,02:38.4,1950,
8032,Cool Yule,Louis Armstrong,,00:05.7,02:53.2,2021,
8033,Hang All the Mistletoe,Macy Gray,,00:13.4,03:25.1,,
8036,All I Want for Christmas is You,Michael Buble,,00:00:07,02:46.1,,
8037,Let It Snow,Michael Buble,,00:06.2,02:00.5,,
8038,Deck the Halls,Nat King Cole,,00:04.2,01:04.5,,
8039,The Christmas Song,Nat King Cole,,00:12.5,03:05.4,1986,
8040,Wonderful Christmastime,Paul McCartney,,00:20.0,03:42.1,1979,
8041,It's Beginning To Look A Lot Like Christmas,Perry Como,,00:12.3,02:33.3,,
8042,Walk This Sleigh,Robbie Williams,,00:09.9,02:43.4,,
8043,Sleigh Ride,Ronettes,,00:25.3,02:52.2,,
8044,Merry Christmas Everyone,Shakin' Stevens,,00:08.8,03:22.6,1989,
8045,Christmas Starts At Home,MurryNash,,00:00:00,03:32.5,,End
8046,Step Into Christmas,Elton John,,00:14.2,04:18.8,1973,
8047,Christmas Means To Me,Stevie Wonder,,00:09.2,02:23.1,,
8048,Stop The Cavalry,Jona Lewie,,00:09.7,02:52.7,1980,
8049,Rudolph The Red Nose Reindeer,The Crystals,,00:10.0,02:23.5,,
8050,Christmas Time,The Darkness,,00:15.4,03:24.2,2003,
8051,Fairytale of New York,The Pogues,,00:24.6,04:20.4,1987,Fade
8052,Sleigh Ride,Ronettes,,00:25.3,02:53.5,,
8054,I Saw Mummy Kissing Santa Claus,The Ronnettes,,00:00:00,02:13.0,,
8055,Santa Claus Is Coming To Town,The Supremes,,00:04.1,02:35.8,,
8056,Christmas All Over Again,Tom Petty & The Heartbreakers,,00:00:00,04:10.6,,
8057,Christmas Wrapping,The Waitresses,,00:00:00,05:14.0,1981,
8058,Last Christmas,Wham!,,00:00:00,04:17.9,1984,
8059,I Wish It Could Be Christmas Everyday,Wizzard,,00:00:00,04:36.3,1973,
8060,Stay Another Day,East 17,,00:15.8,04:23.9,1994,
8061,The Power of Love,Frankie Goes To Hollywood,,00:00:00,05:08.9,1984,
8062,Do the know it's Christmastime,Band Aid 20,,00:00:00,04:53.0,,
8063,Saviour's Day,Cliff Richard,,00:20.4,04:41.4,1990,Slow
8064,A Spaceman Came Travelling,Chris De Burgh,,00:15.3,03:57.0,1975,
8065,A Winter's Tale,David Essex,,00:00:00,04:07.9,,
8066,The Little Drummer Boy,Michael Jackson With The Jackson Five,,00:00:00,03:04.1,,
8067,The Christmas Song,The Jackson 5,,00:00:00,02:44.8,1976,
8068,It's Beginning to Look a Lot L,Michael Buble,,00:00:00,03:23.8,,
8069,Santa Claus Is Coming To Town,Michael Buble,,00:00:00,02:47.7,,
8070,Jingle Bells (feat. The Puppin,Michael Buble,,00:00:00,02:36.2,,
8071,White Christmas (with Shania T,Michael Buble,,00:00:00,03:33.3,,
8072,Have Yourself A Merry Little C,Michael Buble,,00:00:00,03:47.5,,
8073,Christmas (Baby Please Come Ho,Michael Buble,,00:00:00,03:01.6,,
8074,Silent Night,Michael Buble,,00:00:00,03:41.5,,
8075,I'll Be Home For Christmas,Michael Buble,,00:00:00,04:21.2,,
8076,Winter Wonderland,Michael Buble,,00:00:00,02:26.0,,
8077,The Cowboys' Christmas Ball,The Killers,,00:00:00,03:29.3,,
8078,Have Yourself A Merry Little Christmas,Frank Sinatra,,00:00:00,03:25.6,1965,
8079,The Christmas Song,Frank Sinatra,,00:00:00,03:26.1,1948,
8080,Winter Wonderland,Bing Crosby,,00:00:00,02:21.8,,
8081,Have Yourself A Merry Little Christmas,Sam Smith,,00:00:00,02:36.0,2014,Slow
8082,One More Sleep,Leona Lewis,,00:00:07,03:57.0,2013,End
8083,Ring Out Solstice Bells (Remas,Jethro Tull,,00:15.0,03:30.0,,Fade
8084,Back Door Santa,Clarence Carter,,00:00:10,02:04.0,1968,Slow
8085,Merry Christmas,Ed Sheeran & Elton John,,00:00:00,03:22.4,2021,
8088,Let It Snow,Michael Buble,,00:00:00,02:00.4,,
8089,The Christmas Song,Michael Buble,,00:19.8,04:09.0,,
8090,White Christmas,Michael Buble,,00:12.0,03:41.5,,
8091,Santa Claus Is Comin' To Town,Mariah Carey,,00:00:00,02:35.1,2005,
8148,Everybody Loves A Lover,Doris Day,,00:00:00,02:41.0,,
8149,Everything Stops for Tea,Jack Buchanan,,00:00:00,02:00.6,,
8150,Finger Of Suspicion,Dickie Valentine,,00:00:00,02:48.7,1954,
8151,Friendly Persuasion,Pat Boone,,00:00:00,02:52.3,,
8152,Garden Of Eden,Frankie Vaughan,,00:00:00,02:30.6,,
8153,God Bless The Child,Billie Holiday,,00:00:00,03:05.1,,
8154,Got My Mojo Working,Muddy Waters,,00:00:00,02:44.0,1957,
8155,Happy Guitar,Tommy Steele,,00:00:00,02:00.9,,
8156,Hey Good Lookin',Hank Williams,,00:00:00,02:50.1,1951,
8157,High School Confidential,Jerry Lee Lewis,,00:00:00,02:23.8,,
8158,House Of Bamboo,Andy Williams,,00:00:00,02:04.2,,
8159,I Got Stung,Elvis Presley,,00:00:00,01:43.5,1958,
8160,I Need Your Love Tonight,Elvis Presley,,00:00:00,01:57.5,1959,
8161,I Only Have Eyes For You,Flamingos,,00:00:00,03:03.8,1959,
8162,I Wanna Be Loved By You,Marilyn Monroe,,00:00:00,02:50.6,,
8163,I'll Be Home,Pat Boone,,00:00:00,02:55.0,1955,
8164,I'm Your Hoochie Coochie Man,Muddy Waters,,00:00:00,02:46.7,,
8165,If I Give My Heart To You,Doris Day,,00:00:00,02:47.3,,
8166,If I Knew You Were Coming I'd,Eileen Barton,,00:00:00,02:32.2,,
8167,Island in the Sun,Harry Belafonte,,00:00:00,02:47.2,1989,
8168,It Doesn't Matter Anymore,Buddy Holly,,00:00:00,02:00.4,1959,
8169,It's All In The Game,Tommy Edwards,,00:00:00,02:34.3,1958,
8170,It's Late,Ricky Nelson,,00:00:00,01:53.6,1958,
8171,It's Only Make Believe,Conway Twitty,,00:00:00,02:21.4,1958,
8172,It's Too Soon To Know,Pat Boone,,00:00:00,02:32.0,,
8173,Just Walkin' In The Rain,Johnnie Ray,,00:00:00,02:33.1,1980,
8174,Kiss Me Honey Honey Kiss Me,Shirley Bassey,,00:00:00,02:21.0,1958,
8175,Let's Do It,Ella Fitzgerald,,00:00:00,03:29.8,1960,
8176,Let's Jump The Broomstick,Brenda Lee,,00:00:00,02:28.8,1958,
8177,Little Darlin',Diamonds,,00:00:00,02:04.6,1957,
8178,Living Doll,Cliff Richard,,00:00:00,02:33.3,1959,
8179,Lonely Boy,Paul Anka,,00:00:00,02:25.4,1958,
8180,Long Tall Sally,Little Richard,,00:00:00,02:06.8,1992,
8181,Look At That Girl,Guy Mitchell,,00:00:00,02:45.5,1953,
8182,Love Is A Many Splendoured Thi,Four Aces,,00:00:00,02:51.4,,
8183,Makin' Love,Floyd Robinson,,00:00:00,01:48.5,,
8184,Manhattan,Ella Fitzgerald,,00:00:00,02:46.9,1957,
8185,Mannish Boy,Muddy Waters,,00:00:00,02:48.9,,
8186,Maybe Baby,Crickets,,00:00:00,01:58.5,1958,
8187,Mona Lisa,Conway Twitty,,00:00:00,02:21.4,1959,
8188,Mona Lisa,Nat King Cole,,00:00:00,03:19.8,1961,
8189,Move It,Cliff Richard,,00:00:00,02:14.7,1985,
8190,Mr Wonderful,Peggy Lee,,00:00:00,03:10.2,,
8191,My Funny Valentine,Chet Baker,,00:00:00,02:04.5,1994,
8192,My Prayer,Platters,,00:00:00,02:41.0,,
8193,My Special Angel,Malcolm Vaughan,,00:00:00,02:40.6,,
8194,Never Do A Tango With An Eskim,Alma Cogan,,00:00:00,02:06.5,,
8195,Night and Day,Ella Fitzgerald,,00:00:00,03:01.4,,
8196,No Other Love,Ronnie Hilton,,00:00:00,03:03.5,1956,
8197,Nobody Knows The Trouble I've,Mahalia Jackson,,00:00:00,02:34.7,1975,
8198,Oh Carol,Neil Sedaka,,00:00:00,02:12.5,1959,
8199,On The Sunny Side Of The Stree,Louis Armstrong,,00:00:00,02:55.8,,
8200,Our Song,Dorothy Squires,,00:00:00,02:46.9,,
8201,Party Doll,Buddy Knox,,00:00:00,02:07.1,,
8202,Peace in the Valley,Elvis Presley,,00:00:00,03:18.6,1957,
8203,Peggy Sue Got Married,Buddy Holly,,00:00:00,02:01.5,1959,
8204,Perfidia,Four Aces,,00:00:00,01:56.9,,
8205,Personality,Lloyd Price,,00:00:00,02:32.3,1959,
8206,Plenty Good Lovin',Connie Francis,,00:00:00,02:01.0,1959,
8207,Pretty Little Black Eyed Susie,Guy Mitchell,,00:00:00,02:30.1,1952,
8208,Purple People Eater,Dr Dimento,,00:00:00,02:11.1,,
8209,Put Your Head On My Shoulder,Paul Anka,,00:00:00,02:35.1,1959,
8210,Raining In My Heart,Buddy Holly,,00:00:00,02:44.5,,
8211,Rave On,Buddy Holly,,00:00:00,01:45.7,1959,
8212,Razzle Dazzle,Bill Haley And His Comets,,00:00:00,02:39.4,,
8213,Red River Rock,Johnny And The Hurricanes,,00:00:00,02:04.3,,
8214,Rock Island Line,Johnny Cash,,00:00:00,02:05.4,,
8215,Rock-A-Beatin' Boogie,Bill Haley And His Comets,,00:00:00,02:16.0,,
8216,Rock-A-Billy,Guy Mitchell,,00:00:00,02:09.6,,
8217,School Day,Chuck Berry,,00:00:00,02:36.8,,
8218,Sea Of Love,Platters,,00:00:00,02:18.0,,
8219,Secret Love,Doris Day,,00:00:00,03:32.0,,
8220,See You In September,Tempos,,00:00:00,02:05.1,,
8221,Since I Don't Have You,Skyliners,,00:00:00,02:33.7,1958,
8222,Singing The Blues,Tommy Steele,,00:00:00,02:14.5,1956,
8223,Someday,Ricky Nelson,,00:00:00,02:48.3,1958,
8224,Someone,Johnny Mathis,,00:00:00,02:52.4,,
8225,Stagger Lee,Lloyd Price,,00:00:00,02:16.9,1958,
8226,Standing On The Corner,Four Aces,,00:00:00,03:17.7,,
8227,Stardust,Ella Fitzgerald,,00:00:00,03:49.2,1963,
8228,Stardust,Nat King Cole,,00:00:00,03:09.4,,
8229,Summertime,Sarah Vaughan,,00:00:00,03:05.0,1963,
8230,Sweet Georgia Brown,Tommy Steele,,00:00:00,02:30.7,,
8231,Sweet Little Sixteen,Chuck Berry,,00:00:00,02:56.8,1958,
8232,Tammy,Debbie Reynolds,,00:00:00,03:01.7,1957,
8233,Teddy Bear,Elvis Presley,,00:00:00,01:43.8,,
8234,That Ole Devil Called Love,Billie Holiday,,00:00:00,02:50.9,1945,
8235,The Girl Can't Help It,Little Richard,,00:00:00,02:28.8,1956,
8236,The Gypsy In My Soul,Eve Boswell,,00:00:00,01:55.1,1957,
8237,The Kid's Last Fight,Frankie Laine,,00:00:00,03:19.0,,
8238,The Lady Is a Tramp,Ella Fitzgerald,,00:00:00,03:18.4,1960,
8239,The Late Late Show,Dakota Staton,,00:00:00,02:27.9,,
8240,The Only Man On The Island,Tommy Steele,,00:00:00,01:54.5,,
8241,The Story Of My Life,Michael Holliday,,00:00:00,02:10.4,1958,
8242,There's No Business Like Show,Ethel Merman,,00:00:00,02:27.4,,
8243,This Ole House,Rosemary Clooney With Buddy Co,,00:00:00,02:19.9,,
8244,Three Coins In The Fountain,Four Aces Featuring Al Alberts,,00:00:00,02:56.5,,
8245,('Til) I Kissed You,Everly Brothers,,00:00:00,02:17.7,1959,
8246,To Know Him Is To Love Him,Teddy Bears,,00:00:00,02:17.7,1958,
8247,Too Young To Go Steady,Nat King Cole,,00:00:00,03:04.5,,
8248,Travellin' Light,Cliff Richard And The Shadows,,00:00:00,02:25.0,,
8249,True Love,Bing Crosby And Grace Kelly,,00:00:00,02:58.7,1956,
8250,Twilight Time,Platters,,00:00:00,02:38.8,,
8251,Venus,Frankie Avalon,,00:00:00,02:17.1,,
8252,Walking My Baby Back Home,Johnnie Ray,,00:00:00,02:18.0,,
8253,What Do You Want To Make Those,Emile Ford  And The Checkmates,,00:00:00,02:01.1,,
8254,When,Kalin Twins,,00:00:00,02:23.1,1958,
8255,When The Saints Go Marching In,Louis Armstrong,,00:00:00,02:40.5,1956,
8256,When You're Smiling,Louis Prima,,00:00:00,03:55.3,,
8257,Who's Sorry Now,Connie Francis,,00:00:00,02:14.9,,
8258,Whole Lotta Woman,Marvin Rainwater,,00:00:00,02:31.3,,
8259,Why Do Fools Fall In Love,Frankie Lymon And The Teenager,,00:00:00,02:15.3,,
8260,Witchcraft,Frank Sinatra,,00:00:00,02:49.1,1957,
8261,Wonderful! Wonderful!,Johnny Mathis,,00:00:00,02:41.4,,
8262,You Always Hurt The One You Lo,Connie Francis,,00:00:00,02:20.2,,
8263,You Made Me Love You,Judy Garland,,00:00:00,02:30.1,1983,
8300,"Who Put The Bomp (In The Bomp, Bomp, Bomp)",Barry Mann,,00:00.2,02:44.2,1961,
8301,Chantilly Lace,Big Bopper,,00:00.2,02:18.8,1958,
8302,"See You Later, Alligator",Bill Haley And His Comets,,00:00.2,02:43.1,1956,
8303,Rock Around The Clock,Bill Haley And His Comets,,00:00.5,02:08.2,1988,
8304,Shake Rattle And Roll,Bill Haley And His Comets,,00:06.2,02:27.0,1954,
8305,Peggy Sue,Buddy Holly,,00:06.5,02:28.3,1985,
8306,That'll Be The Day,Buddy Holly,,00:02.8,02:13.9,,
8307,Oh Boy,Buddy Holly & The Crickets,,00:00.1,02:04.4,1957,
8308,Tequila,Champs,,00:20.8,02:09.2,,
8309,He's So Fine,Chiffons,,00:00.4,01:49.4,1963,
8310,One Fine Day,Chiffons,,00:05.8,02:05.9,,
8311,Rubber Biscuit,Chips,,00:03.4,02:05.2,1956,
8312,Chapel Of Love,Chordettes,,00:00.1,02:44.9,,
8313,Lollipop,Chordettes,,00:06.7,02:07.8,1958,
8314,Mr Sandman,Chordettes,,00:02.3,02:21.2,1954,
8315,Let's Twist Again,Chubby Checker,,00:01.9,02:20.3,1963,
8316,The Twist,Chubby Checker,,00:05.6,02:33.0,1960,
8317,Johnny B Goode,Chuck Berry,,00:16.7,02:35.7,1972,
8318,Maybellene,Chuck Berry,,00:04.1,02:16.9,1968,
8319,No Particular Place To Go,Chuck Berry,,00:02.1,02:40.4,1964,
8320,Roll Over Beethoven,Chuck Berry,,00:16.9,02:00.2,1956,
8321,You Never Can Tell,Chuck Berry,,00:02.3,02:38.5,1964,
8322,Charlie Brown,Coasters,,00:00.3,02:17.2,1959,
8323,Yakety Yak,Coasters,,00:00.3,01:45.4,1971,
8324,Lipstick On Your Collar,Connie Francis,,00:00.6,02:13.9,1959,
8325,Stupid Cupid,Connie Francis,,00:01.9,02:08.5,1958,
8326,Earth Angel,Crew Cuts,,00:11.4,02:56.5,1955,
8327,Sh-Boom,Crew Cuts,,00:00.5,02:42.6,,
8328,At The Hop,Danny And The Juniors,,00:00:05,02:28.5,1958,
8329,Del-Vikings,Come Go With Me,,00:00:01,02:35.3,,
8330,The Wanderer,Dion & The Belmonts,,00:07.5,02:39.2,,
8331,Runaround Sue,Dion,,00:01.6,02:36.4,1961,
8332,C'Mon Everybody,Eddie Cochran,,00:15.9,01:52.1,1958,
8333,Summertime Blues,Eddie Cochran,,00:03.6,01:57.5,1958,
8334,All Shook Up,Elvis Presley,,00:05.6,01:55.1,1958,
8335,Blue Suede Shoes,Elvis Presley,,00:00.0,01:58.8,1956,
8336,Don't Be Cruel (To A Heart That's True),Elvis Presley,,00:05.0,02:00.5,,
8337,Heartbreak Hotel,Elvis Presley,,00:00.0,02:04.7,1987,
8338,Hound Dog,Elvis Presley,,00:00.0,02:13.3,1996,
8339,Jailhouse Rock,Elvis Presley,,00:05.9,02:19.2,1957,
8340,Return To Sender,Elvis Presley,,00:01.7,02:03.0,1962,
8341,All I Have To Do Is Dream,Everly Brothers,,00:02.6,02:14.5,1958,
8342,Bye Bye Love,Everly Brothers,,00:05.9,02:20.5,1957,
8343,Wake Up Little Susie,Everly Brothers,,00:04.8,01:58.6,1957,
8344,Be Bop A Lula,Gene Vincent,,00:00.0,02:33.7,,
8345,Dont You Just Know It,Huey Piano Smith & Clowns,,00:03.8,02:27.8,,
8346,Reet Petite,Jackie Wilson,,00:00:00,02:40.7,1986,
8347,Great Balls Of Fire,Jerry Lee Lewis,,00:00.6,01:50.1,1988,
8348,It's My Party,Lesley Gore,,00:00.6,02:14.9,1963,
8349,"Sunshine, Lollipops And Rainbows",Lesley Gore,,00:03.8,01:33.4,,
8350,Good Golly Miss Molly,Little Richard,,00:16.4,02:07.2,1958,
8351,Lucille,Little Richard,,00:18.8,02:20.4,1981,
8352,Tutti Frutti,Little Richard,,00:00.1,02:22.3,1995,
8353,Blue Moon,Marcels,,00:00.1,02:12.9,1961,
8354,Book of Love,Monotones,,00:00.2,00:02:16,1957,
8355,I Got a Woman,Ray Chalres,,00:00.2,02:51.2,,
8356,Hit The Road Jack,Ray Charles,,00:05.2,01:53.0,1962,
8357,Mess Around,Ray Charles,,00:18.6,02:37.3,1988,
8358,La Bamba,Ritchie Valens,,00:05.9,02:03.0,1987,
8359,Leader Of The Pack,Shangri-Las,,00:00.9,02:47.4,,
8360,The Clapping Song,Shirley Ellis,,00:06.0,03:08.0,1965,
8361,The Name Game,Shirley Ellis,,00:02.5,02:39.7,,
8362,Love Potion #9,The Clovers,,00:00.6,01:49.0,1959,
8363,One Mint Julep,The Clovers,,00:09.7,02:26.7,,
8364,The Mar Kays,Last Night,,00:04.2,02:33.9,,
8365,Smokey Joe's Cafe,The Robins,,00:00.2,02:43.7,,
8366,Short Shorts,The Royal Teens,,00:01.9,02:20.4,,
8367,Surfin Bird,The Trashmen,,00:00.2,02:19.3,,
8368,Little Bitty Pretty One,Thurston Harris,,00:05.9,02:19.5,,
8400,I Love The Nightlife,Alicia Bridges,,00:09.5,03:02.1,,
8401,Knock On Wood,Amii Stewart,,00:35.0,03:39.2,1979,
8402,More More More,Andrea True Connection,,00:14.3,03:05.7,,
8403,Ring My Bell,Anita Ward,,00:14.6,03:12.4,1979,
8404,Phoenix,Aquarian Dream,,01:10.3,05:16.2,1976,
8405,Yes Sir I Can Boogie,Baccara,,00:04.8,04:29.5,1977,
8406,Can't Get Enough Of Your Love Babe,Barry White,,00:01.8,03:54.1,1974,
8407,Let The Music Play,Barry White,,00:01.9,03:24.2,,
8408,You're The First The Last My Everything,Barry White,,00:07.6,03:18.1,1974,
8409,Night Fever,Bee Gees,,00:17.3,03:25.7,1977,
8410,Stayin' Alive,Bee Gees,,00:13.1,04:39.0,1977,
8411,Tragedy,Bee Gees,,00:28.3,04:59.0,1979,
8412,Love Really Hurts Without You,Billy Ocean,,00:13.4,02:56.9,1989,
8413,Daddy Cool,Boney M,,00:04.1,03:25.2,1976,
8414,Sunny,Boney M,,00:29.9,03:55.4,1977,
8415,Young Hearts Run Free,Candi Staton,,00:09.2,03:47.5,1976,
8416,I Feel For You,Chaka Khan,,00:00.2,04:00.5,1984,
8417,I'm Every Woman,Chaka Khan,,00:17.4,03:45.1,1978,
8418,Got To Be Real,Cheryl Lynn,,00:11.7,03:41.7,,
8419,Good Times,Chic,,00:16.7,03:38.4,1979,
8420,I Want Your Love,Chic,,00:18.1,03:20.5,1978,
8421,Le Freak,Chic,,00:00.2,03:27.5,1978,
8422,Instant Replay,Dan Hartman,,00:03.4,05:15.1,,
8423,Relight My Fire,Dan Hartman,,00:18.6,03:42.0,1979,
8424,I'm Coming Out,Diana Ross,,00:00.2,05:21.1,1980,
8425,Upside Down,Diana Ross,,00:09.6,03:31.9,1980,
8426,Bad Girls,Donna Summer,,00:23.9,04:53.7,,
8427,Hot Stuff,Donna Summer,,00:32.1,03:45.6,1979,
8428,I Feel Love,Donna Summer,,00:32.7,03:16.5,1982,
8429,Love To Love You Baby,Donna Summer,,00:00.3,04:47.9,,
8430,Let's Groove,Earth Wind And Fire,,00:07.6,03:29.4,1990,
8431,September,Earth Wind And Fire,,00:18.9,03:32.7,1978,
8432,Boogie Wonderland,Earth Wind And Fire With The Emotions,,00:17.1,03:49.5,1979,
8433,Contact,Edwin Starr,,00:28.7,03:28.8,1978,
8434,Best Of My Love,Emotions,,00:13.0,03:36.1,,
8435,I Cant Stand the Rain,Eruptions,,00:08.3,03:03.0,,
8436,Strut Your Funky Stuff,Frantique,,00:00.2,03:33.8,,
8437,Oops Up Side Your Head,Gap Band,,00:00.5,03:23.3,1979,
8438,Give Me The Night,George Benson,,00:16.5,04:57.1,1985,
8439,Rock Your Baby,George McCrae,,00:37.0,03:12.8,1974,
8440,Cuba,Gibson Brothers,,00:15.6,02:56.1,1978,
8441,I Will Survive,Gloria Gaynor,,00:05.7,03:12.9,1979,
8442,Never Can Say Goodbye,Gloria Gaynor,,00:11.9,02:56.0,,
8443,The Love I Lost,Harold Melvin & The Blue Notes,,00:44.8,03:30.4,1973,
8444,Boogie Nights,Heatwave,,00:00.0,02:58.2,1976,
8445,Rock The Boat,Hues Corporation,,00:08.4,02:59.3,1973,
8446,Flashdance....What A Feeling,Irena Cara,,00:09.6,03:40.5,,
8447,Its A Disco Night,Isley Brothers,,00:29.1,04:07.4,,
8448,ABC,Jackson 5,,00:00.3,02:54.8,1986,
8449,I Want You Back,Jackson 5,,00:19.6,02:51.0,1969,
8450,Blame It On The Boogie,Jackson 5,,00:07.2,03:27.8,,
8451,Can You Feel It,Jacksons,,00:00.7,03:44.2,,
8452,Give It Up,KC & The Sunshine Band,,00:46.4,04:07.5,1982,
8453,That's The Way (I Like It),KC & The Sunshine Band,,00:17.6,03:01.2,1975,
8454,Feels Like Im In Love,Kelly Marie,,00:03.6,04:02.2,,
8455,Celebration,Kool And The Gang,,00:20.5,03:33.6,1984,
8456,Get Down On It,Kool And The Gang,,00:08.5,04:42.5,1981,
8457,Ladies Night,Kool And The Gang,,00:08.1,03:04.6,1985,
8458,Lady Marmalade,LaBelle,,00:08.8,03:52.7,,
8459,You Make Me Feel Like Dancing,Leo Sayer,,00:15.3,03:34.2,1976,
8460,Funkytown,Lipps Inc,,00:11.4,03:55.3,,
8461,Ain't No Stoppin' Us Now,Mcfadden And Whitehead,,00:34.8,03:33.9,1978,
8462,Don't Stop 'til You Get Enough,Michael Jackson,,00:09.4,03:53.0,1979,
8463,Rock With You,Michael Jackson,,00:19.0,03:38.2,,
8464,Shake Your Body (Down To The Ground),Michael Jackson,,00:16.4,03:45.9,,
8465,Lets All Chant,Michael Zager Band,,00:07.7,02:59.5,1978,
8466,Street Life,The Crusaders ft Randy Crawford,,00:41.3,07:24.1,,
8467,Love Train,O'Jays,,00:07.7,00:02:50,,
8468,Going Back To My Roots,Odyssey,,00:00.1,03:21.4,1981,
8469,Use It Up And Wear It Out,Odyssey,,00:02.1,03:30.2,1980,
8470,D.I.S.C.O,Ottawan,,00:23.2,03:35.8,1979,
8471,I'm So Excited,Pointer Sisters,,00:31.8,04:47.6,1982,
8472,Jump (For My Love),Pointer Sisters,,00:17.9,03:53.0,,
8473,Can You Feel The Force,Real Thing,,00:24.8,03:26.4,1978,
8474,Can't Get By Without You,Real Thing,,00:20.4,03:16.2,1976,
8475,You To Me Are Everything,Real Thing,,00:18.6,03:16.1,,
8476,Super Freak,Rick James,,00:14.3,03:22.0,,
8477,Car Wash,Rose Royce,,00:15.4,02:26.2,1976,
8478,A Night To Remember,Shalamar,,00:34.5,04:02.3,1982,
8479,He's the Greatest Dancer,Sister Sledge,,00:34.9,03:24.1,1978,
8480,Lost In Music,Sister Sledge,,00:16.5,03:17.6,1979,
8481,We Are Family,Sister Sledge,,00:34.3,03:21.4,1993,
8483,You Make Me Feel (Mighty Real),Sylvester,,00:28.9,04:25.7,1978,
8484,Boogie Oogie Oogie,Taste Of Honey,,00:47.1,03:34.4,1978,
8485,Heaven Must Be Missing An Angel,Tavares,,00:40.7,03:26.3,1976,
8486,More Than A Woman,Tavares,,00:09.4,03:11.7,1977,
8487,Don't Leave Me This Way,Thelma Houston,,00:03.3,03:34.3,,
8488,I Love To Love,Tina Charles,,00:09.2,02:57.7,,
8489,Disco Inferno,Trammps,,00:18.8,03:13.2,1976,
8490,The Hustle,Van McCoy,,00:00.8,04:03.8,1975,
8491,And The Beat Goes On,Whispers,,00:24.8,03:21.3,1979,
8492,It's a Love Thing,Whispers,,00:16.9,04:52.7,1980,
8493,Play That Funky Music,Wild Cherry,,00:06.2,03:06.5,1976,
8494,Don't Stop The Music,Yarbrough & Peoples,,00:24.6,04:03.9,,
8495,If I Can't Have You,Yvonne Elliman,,00:15.9,00:02:54,,
8496,Reasons,Earth Wind And Fire,,00:00:15,04:51.7,,Fade
8500,Crazy,Aerosmith,,00:01.7,05:03.8,,Slow
8501,Cryin',Aerosmith,,00:15.4,04:58.5,,Fade
8502,Dude (Looks Like A Lady),Aerosmith,,00:03.7,04:18.1,1987,Fade
8503,Love In An Elevator,Aerosmith,,00:10.5,05:20.6,,End
8504,Stop The Rock,Apollo 440,,00:25.9,03:31.8,1999,End
8505,Brianstorm,Arctic Monkeys,,00:37.8,02:49.3,,End
8506,Crying Lightning,Arctic Monkeys,,00:18.1,03:38.3,2009,End
8507,Fluorescent Adolescent,Arctic Monkeys,,00:16.3,02:50.3,,Fade
8508,I Bet You Look Good On The Dancefloor,Arctic Monkeys,,00:28.0,02:51.5,,Fade
8509,Burn Baby Burn,Ash,,00:28.6,03:25.4,2000,End
8510,Girl From Mars,Ash,,00:00.3,03:22.7,1995,Fade
8511,Shining Light,Ash,,00:09.2,04:03.5,,Fade
8512,You Got The Style,Athlete,,00:03.4,03:24.9,,Fade
8513,Monster,Automatic,,00:14.1,03:38.0,,End
8514,Dissilution,Badly Drawn Boy,,00:22.7,04:05.9,,End
8515,Once Around the Block,Badly Drawn Boy,,00:34.3,03:53.9,,Slow
8516,Sabbotage (Clean),Beastie Boys,,00:16.2,02:54.3,,Fade
8517,Devils Haircut,Beck,,00:07.7,03:10.9,,End
8518,Loser,Beck,,00:22.1,03:46.7,,Fade
8519,Bubbles,Biffy Clyro,,00:11.5,04:57.0,,
8520,Who's Got a Match,Biffy Clyro,,00:07.9,02:20.2,,End
8521,Dominos,Big Pink,,00:20.2,03:44.1,,End
8522,Hard to Handle,Black Crowes,,00:11.6,03:04.7,,Fade
8523,Lonely Boy,Black Keys,,00:33.4,03:06.9,,End
8524,All The Small Things,Blink 182,,00:13.9,02:45.0,1999,Fade
8525,I Miss You,Blink 182,,00:30.6,03:41.6,,Fade
8526,Whats My Age Again,Blink 182,,00:12.0,02:23.8,,Fade
8527,If...,Bluetones,,00:04.6,05:00.9,,End
8528,Marblehead Johnson,Bluetones,,00:08.2,03:16.7,,Fade
8529,Slight Return,Bluetones,,00:00.8,03:13.6,1995,Fade
8530,Beetlebum,Blur,,00:16.8,05:01.3,1997,End
8531,Charmless Man,Blur,,00:14.0,03:21.4,1995,End
8532,Coffee & TV,Blur,,00:16.9,04:55.4,1999,Fade
8533,Country House,Blur,,00:13.7,03:46.0,1995,Fade
8534,Parklife,Blur,,00:21.1,03:02.7,1994,End
8535,Song 2,Blur,,00:14.6,01:59.6,1997,End
8536,Stereotypes,Blur,,00:18.0,03:07.2,,End
8537,The Universal,Blur,,00:19.5,03:51.2,1995,Fade
8538,There's No Other Way,Blur,,00:34.2,03:17.4,,End
8539,Cannonball,Breeders,,00:26.8,03:11.6,1993,End
8540,Spread Your Love,BRMC,,00:30.4,03:36.8,,Fade
8541,Whatever Happend to My Rock N Roll,BRMC,,00:26.3,04:35.4,,End
8542,Jerk It Out,Caesars,,00:10.6,03:14.0,2003,End
8543,Erase Rewind,Cardigans,,00:09.3,03:33.8,1998,End
8544,My Favourite Game,Cardigans,,00:09.1,03:36.7,,End
8545,Alright,Cast,,00:14.4,03:30.1,,Fade
8546,Guilding Star,Cast,,00:08.4,03:55.6,,End
8547,Sandstorm,Cast,,00:10.3,02:39.3,1995,End
8548,Mulder And Scully,Catatonia,,00:02.4,04:07.6,1997,Fade
8549,Road Rage,Catatonia,,00:00.2,05:02.6,1998,Slow
8550,Impossible,Charlatans,,00:09.9,03:29.9,2000,End
8551,North Country Boy,Charlatans,,00:10.9,03:56.9,1997,Fade
8552,One To Another,Charlatans,,00:37.0,04:25.9,1996,Fade
8553,The Only One I Know,Charlatans,,00:26.6,03:54.5,1990,Fade
8554,Weirdo,Charlatans,,00:47.8,03:38.5,,
8555,Charlie Brown,Coldplay,,00:53.5,04:08.2,,
8556,Clocks,Coldplay,,00:29.6,04:07.6,2002,Fade
8557,Every Teardrop Is a Waterfall,Coldplay,,00:17.5,03:59.7,2011,End
8558,In My Place,Coldplay,,00:33.9,00:03:43,,Slow
8559,Life in Technicolor ii,Coldplay,,01:12.8,04:00.4,2009,Fade
8560,Paradise,Coldplay,,00:41.9,04:13.7,2011,Fade
8561,Shiver,Coldplay,,00:37.4,04:56.6,2000,End
8562,Speed Of Sound,Coldplay,,00:00:19,04:20.5,,Fade
8563,Talk,Coldplay,,00:16.8,04:22.9,,Fade
8564,Violet Hill,Coldplay,,00:00.0,02:59.9,2008,Slow
8565,Viva La Vida,Coldplay,,00:00:12,03:54.8,2008,Fade
8566,Yellow,Coldplay,,00:33.7,04:24.1,2000,Fade
8567,Mens Needs,Cribs,,00:16.6,03:14.4,,End
8568,Close to Me,Cure,,00:36.5,03:32.8,,End
8569,Friday I'm In Love,Cure,,00:29.9,03:29.0,1992,
8570,In Between Days,Cure,,00:49.0,02:51.5,,Fade
8571,The Love Cats,Cure,,00:26.0,03:37.2,1983,End
8572,Bohemian Like You,Dandy Warhols,,00:35.8,03:28.1,,End
8573,Everyday Should be a Holiday,Dandy Warhols,,00:37.2,03:57.7,,End
8574,Becoming more like Alfie,Divine Comedy,,00:01.7,02:54.9,,End
8575,National Express,Divine Comedy,,00:14.3,03:32.6,1999,Fade
8576,Something for the Weekend,Divine Comedy,,00:37.3,04:17.5,,End
8577,Found You,Dodgy,,00:02.3,04:47.8,1997,Fade
8578,Good Enough,Dodgy,,00:17.5,03:46.0,1996,Fade
8579,Making the Most,Dodgy,,00:14.4,04:01.7,,End
8580,Staying Out For The Summer,Dodgy,,00:12.5,03:00.0,1994,End
8581,Black & White Town,Doves,,00:28.9,04:13.2,,End
8582,Nothing Lasts Forever,Echo & The Bunnymen,,00:12.2,03:45.2,1997,Slow
8583,Munich,Editors,,00:25.4,03:41.1,,Fade
8584,Last Stop This Town,Eels,,00:14.3,03:22.6,1998,Fade
8586,Connection,Elastica,,00:31.5,02:15.1,,End
8587,Grounds for Divorce,Elbow,,00:02.6,03:34.5,2008,End
8588,One Day Like This,Elbow,,00:26.7,06:22.1,2008,Slow
8589,All You Good Good People,Embrace,,00:24.5,06:11.1,,Fade
8590,Come Back to what you know,Embrace,,00:00.1,04:06.0,,End
8591,Hooligan,Embrace,,00:21.2,04:11.6,,End
8592,Save Me,Embrace,,00:17.7,04:33.1,2000,End
8593,You're Not Alone,Embrace,,00:26.3,04:26.1,,End
8594,Unbelievable,EMF,,00:14.1,03:28.5,,End
8595,Buck Rogers,Feeder,,00:10.1,03:10.6,,End
8596,Seven Days In The Sun,Feeder,,00:16.2,03:29.6,,End
8597,Dog Days are Over,Florence & The Machine,,00:13.3,04:09.2,2008,Slow
8598,Rabbit Heart (Raise it Up),Florence & The Machine,,00:04.2,03:48.4,2009,Fade
8599,You've Got The Love,Florence & The Machine,,00:00.0,02:42.4,,Fade
8600,Arlandria,Foo Fighters,,00:08.5,04:26.4,,End
8601,Best Of You,Foo Fighters,,00:00.4,04:14.3,,End
8602,Breakout,Foo Fighters,,00:00.4,03:20.3,,End
8603,Generator,Foo Fighters,,00:19.1,03:45.8,,Fade
8604,Learn To Fly,Foo Fighters,,00:14.6,03:53.2,,Fade
8605,Monkey Wrench (Clean),Foo Fighters,,00:13.1,03:50.9,,End
8606,These Days,Foo Fighters,,00:07.1,04:55.3,,Fade
8607,Times Like These,Foo Fighters,,00:46.4,04:21.1,2002,Fade
8608,Walk,Foo Fighters,,00:09.2,04:14.6,,End
8609,Do You Want To,Franz Ferdinand,,00:00.1,03:33.2,2005,End
8610,Matinee,Franz Ferdinand,,00:21.5,04:01.2,,Fade
8611,No You Girls,Franz Ferdinand,,00:10.0,03:37.8,,End
8612,Take Me Out,Franz Ferdinand,,00:05.5,03:22.7,2003,Fade
8613,Chelsea Dagger,Fratellis,,00:25.1,03:31.9,2006,End
8614,Henrietta (Clean),Fratellis,,00:15.9,03:28.4,,Fade
8615,I Go Blind,Hootie & The Blowfish,,00:08.4,03:06.9,2000,Fade
8616,Ole Black 'N' Blue Eyes,Fratellis,,00:07.8,03:03.7,,Fade
8617,Whistle For The Choir,Fratellis,,00:13.7,03:30.2,,Fade
8618,Fun Lovin' Criminals,Fun Lovin' Criminals,,00:30.1,03:10.3,,End
8619,Scooby Snacks (Clean),Fun Lovin' Criminals,,00:10.4,03:00.8,,End
8620,Beginning of the Twist,Futureheads,,00:27.9,03:27.3,2008,Fade
8621,I Think Im Paranoid,Garbage,,00:08.3,03:35.8,,Fade
8622,Only Happy When It Rains,Garbage,,00:01.8,03:47.2,1995,Fade
8623,Push It,Garbage,,00:15.0,04:01.2,,End
8624,Stupid Girl,Garbage,,00:24.0,04:17.4,,Fade
8625,Joy,Gay Dad,,00:03.6,04:54.3,,Fade
8626,To Earth With Love,Gay Dad,,00:12.4,03:52.0,,Slow
8627,Rhythm and Blues Alibi,Gomez,,00:03.3,04:59.9,1999,Fade
8628,Whipping Picadilly,Gomez,,00:17.1,03:09.8,,End
8629,Standing In The Way Of Control,Gossip,,00:11.9,03:21.5,,Fade
8630,American Idiot,Green Day,,00:10.4,02:52.7,2004,End
8631,Basket Case,Green Day,,00:00.1,02:55.1,1994,Fade
8632,Boulevard Of Broken Dreams,Green Day,,00:00.4,04:05.9,,End
8633,Good Riddance (Time of Your Life),Green Day,,00:10.3,02:25.4,1997,Fade
8634,Know Your Enemy,Green Day,,00:14.6,03:08.9,,End
8635,Wake Me Up When September Ends,Green Day,,00:09.0,04:30.0,,Fade
8636,Paradise City,Guns 'n' Roses,,00:20.6,06:44.2,1989,End
8637,Sweet Child O' Mine,Guns 'n' Roses,,00:45.6,05:51.1,1988,Fade
8638,Welcome To The Jungle,Guns N Roses,,00:40.0,04:25.7,1988,Slow
8639,Step On,Happy Mondays,,00:11.7,05:07.4,1990,Fade
8640,Cant Get Along Without You Now (Clean),Hard-Fi,,00:03.9,02:55.1,,End
8641,Hard to Beat,Hard-Fi,,00:17.4,04:10.2,,Fade
8642,Living For The Weekend,Hard-Fi,,00:29.6,03:39.4,,Fade
8643,Surburban Knights,Hard-Fi,,00:04.5,04:26.5,,End
8644,Hate to Say I Told You So,Hives,,00:35.0,03:19.3,2000,
8645,Main Offender,Hives,,00:23.7,02:32.1,,Fade
8646,Celebrity Skin,Hole,,00:03.3,02:38.6,1998,End
8647,F.E.A.R,Ian Brown,,00:35.1,04:21.1,2001,Slow
8648,This Is How It Feels,Inspiral Carpets,,00:15.8,03:07.1,,Fade
8649,Destiny Calling,James,,00:00.2,03:46.3,,Fade
8650,She's A Star,James,,00:26.2,03:39.4,,Fade
8651,Sit Down,James,,00:15.1,03:54.6,1989,Fade
8652,Are You Gonna Be My Girl,Jet,,00:22.0,03:31.4,2003,End
8653,Everyday I Love You Less And Less,Kaiser Chiefs,,00:00:14,03:32.4,,Fade
8654,Everything is Average Nowadays,Kaiser Chiefs,,00:03.1,02:37.4,,End
8655,I Predict A Riot,Kaiser Chiefs,,00:27.1,03:51.3,2004,End
8656,Oh My God,Kaiser Chiefs,,00:28.1,03:32.8,2004,Fade
8657,Ruby,Kaiser Chiefs,,00:27.3,03:18.8,,Fade
8658,The Angry Mob,Kaiser Chiefs,,00:31.5,04:37.1,2007,Fade
8659,Empire,Kasabian,,00:12.0,03:38.8,,End
8660,Fire,Kasabian,,00:08.1,04:04.6,,End
8661,L.S.F,Kasabian,,00:04.3,03:16.5,,End
8662,Everybody's Changing,Keane,,00:21.3,03:31.5,2003,Fade
8663,Is It Any Wonder,Keane,,00:22.1,03:00.4,2006,Fade
8664,Nothing In My Way,Keane,,00:24.6,03:50.5,,Fade
8665,Somewhere Only We Know,Keane,,00:22.4,03:48.9,2004,End
8666,All these Thing That Ive Done,Killers,,00:05.0,04:55.1,,End
8667,Bones,Killers,,00:14.4,03:37.3,,Fade
8668,Human,Killers,,00:06.9,04:02.1,2008,Fade
8669,Jenny was a Friend of Mine,Killers,,00:39.8,04:03.1,,Slow
8670,Mr Brightside,Killers,,00:06.5,03:41.6,2003,Fade
8671,Smile Like You Mean It,Killers,,00:28.3,00:03:50,,End
8672,Somebody Told Me,Killers,,00:20.8,03:14.2,,End
8673,When You Were Young,Killers,,00:19.0,03:36.1,,Fade
8674,Molly Chambers,Kings Of Leon,,00:13.1,02:13.9,,End
8675,Sex On Fire,Kings Of Leon,,00:25.0,03:22.5,2008,End
8676,Use Somebody,Kings Of Leon,,00:26.8,03:49.6,,Fade
8677,Golden Skans,Klaxon,,00:13.5,02:43.0,,End
8678,Naive,Kooks,,00:09.6,03:21.4,,End
8679,Ooh La,Kooks,,00:05.3,03:24.2,,Fade
8680,She Moves In Her Own Way,Kooks,,00:06.5,02:44.8,2006,Fade
8681,There She Goes,The La's,,00:25.7,02:32.1,,
8682,Mrs Robinson,Lemonheads,,00:00:10,03:35.8,1992,Slow
8683,Are You Gonna Go My Way,Lenny Kravitz,,00:30.9,03:29.0,1993,End
8684,Fly Away,Lenny Kravitz,,00:25.2,03:37.5,,End
8685,All My Friends are Metalheads,Less Than Jake,,00:10.7,03:06.1,,Slow
8686,What A Beautiful Day,Levellers,,00:00.0,03:59.3,,Fade
8687,United States of Whatever,Liam Lynch,,00:00.1,01:26.3,,End
8688,My Way (Clean),Limp Bizkit,,00:15.0,04:31.4,,End
8689,Rollin' (Clean),Limp Bizkit,,00:17.6,03:29.1,,
8690,Take A Look Around,Limp Bizkit,,00:38.6,05:12.6,1999,Fade
8691,In The End,LINKIN PARK,,00:16.8,03:31.6,2001,
8692,Numb,LINKIN PARK,,00:18.7,03:01.8,,End
8693,My Own Worst Enemy,Lit,,00:18.7,02:48.2,,End
8694,A Design For Life,Manic Street Preachers,,00:05.2,04:14.9,1996,End
8695,Everything Must Go,Manic Street Preachers,,00:12.8,03:03.0,,Fade
8696,If You Tolerate This Your Children Will Be Next,Manic Street Preachers,,00:20.3,04:43.8,,Slow
8697,Kevin Carter,Manic Street Preachers,,00:07.5,03:17.3,,Fade
8698,Motorcycle Emptiness,Manic Street Preachers,,00:17.1,05:01.7,,Fade
8699,You Stole The Sun From My Heart,Manic Street Preachers,,00:24.3,04:16.8,,End
8700,Apply Some Pressure,Maximo Park,,00:06.2,03:18.4,,
8701,Daydreamer,Menswear,,00:13.1,02:15.2,,
8702,Kids,MGMT,,00:54.0,05:00.3,2008,
8703,Time to Pretend (Clean),MGMT,,00:21.0,04:09.9,,
8704,The Impression That I Get,Mighty Mighty Bosstones,,00:20.8,03:09.1,,
8706,Starlight,Muse,,00:23.8,03:59.1,2006,
8707,Supermassive Black Hole,Muse,,00:00:32,03:28.5,2006,
8708,Time is Running Out,Muse,,00:08.2,03:54.8,,
8709,Come As You Are,Nirvana,,00:16.7,03:34.7,1992,
8711,Smells Like Teen Spirit,Nirvana,,00:33.8,04:56.8,1991,
8713,Champagne Supernova,Oasis,,00:32.0,07:25.9,,
8714,Cigarettes & Alcohol,Oasis,,00:24.1,04:38.2,1994,
8715,Digsy's Dinner,Oasis,,00:27.6,02:29.9,,
8716,Dont Look Back in Anger,Oasis,,00:11.7,04:46.2,,
8717,Go Let It Out,Oasis,,00:12.4,04:30.9,,
8718,Little By Little,Oasis,,00:16.3,04:37.0,,
8719,Live Forever,Oasis,,00:10.4,04:32.0,1994,
8720,Lyla,Oasis,,00:16.4,05:10.4,,
8721,Rock 'n' Roll Star,Oasis,,00:28.1,05:11.7,1995,
8722,Roll With It,Oasis,,00:23.0,03:56.8,1995,
8723,She's Electric,Oasis,,00:22.9,03:39.6,2014,
8724,Some Might Say,Oasis,,00:35.8,05:19.7,1995,
8725,Stand By Me,Oasis,,00:31.0,05:53.3,1997,
8726,Stop Crying Your Heart Out,Oasis,,00:11.6,04:51.1,2002,
8727,Supersonic,Oasis,,00:27.8,04:37.0,1994,
8728,The Importance of Being Idle,Oasis,,00:17.6,03:38.8,2005,
8729,Whatever,Oasis,,00:21.4,06:12.2,,
8730,Wonderwall,Oasis,,00:22.5,04:13.8,1995,
8731,Better Day,Ocean Colour Scene,,00:07.6,03:43.7,,
8732,Hundred Mile High City,Ocean Colour Scene,,00:23.4,02:59.6,,
8733,The Day We Caught The Train,Ocean Colour Scene,,00:00.9,03:06.5,1996,
8734,The Riverboat Song,Ocean Colour Scene,,00:32.5,04:54.2,1996,
8735,Pretty Fly for a White Guy,Offspring,,00:01.7,03:02.3,,
8736,Here it goes Again,OKGO,,00:11.7,02:56.8,,
8737,Changingman,Paul Weller,,00:16.7,03:59.9,1995,
8739,I Found Out,Pigeon Detectives,,00:19.6,02:02.8,,
8740,Take Her Back,Pigeon Detectives,,00:13.0,03:09.4,,
8741,Here Comes Your Man,Pixies,,00:13.9,03:17.4,,
8743,Nancy Boy [Radio Edit],Placebo,,00:11.5,03:13.7,,
8744,Pure Morning,Placebo,,00:24.1,04:12.5,,
8745,Lump,Presidents Of The United States,,00:00.4,02:11.5,,
8746,Peaches,Presidents of the USA,,00:10.2,02:43.1,,
8747,Country Girl,Primal Scream,,00:07.9,04:29.7,2006,
8748,Loaded,Primal Scream,,00:00.1,04:29.0,1990,
8749,Movin' On Up,Primal Scream,,00:14.6,03:27.7,1991,
8750,Rocks,Primal Scream,,00:18.5,03:25.7,1994,
8751,Breathe,Prodigy,,00:59.4,05:34.1,1996,
8752,Firestarter,Prodigy,,00:34.1,03:44.8,1996,
8753,Common People,Pulp,,00:07.5,04:02.9,1995,
8754,Disco 2000,Pulp,,00:20.8,04:44.9,1995,
8755,Do You Remember the First Time,Pulp,,00:18.1,04:13.0,,
8757,No One Knows,Queens of the Stone Age,,00:14.5,04:13.5,,
8758,The Lost Art Of Keeping A Secret,Queens of the Stone Age,,00:19.0,03:34.6,,
8759,Steady as She Goes,Raconteurs,,00:35.0,03:34.5,,
8760,Creep,Radiohead,,00:19.1,03:51.2,1992,
8762,Just,Radiohead,,00:16.6,03:51.2,,
8763,Karma Police,Radiohead,,00:26.7,04:15.0,,
8764,No Suprises,Radiohead,,00:25.7,03:45.4,,
8765,Street Spirit (Fade Out),Radiohead,,00:13.7,04:09.2,1996,
8766,America,Razorlight,,00:22.5,04:05.6,2006,
8767,Before I Fall To Pieces,Razorlight,,00:27.8,03:16.1,,
8768,Golden Touch,Razorlight,,00:05.7,03:24.2,,
8769,In The Morning,Razorlight,,00:22.7,03:39.3,,
8771,Aeroplane,Red Hot Chili Peppers,,00:10.6,04:07.3,,
8773,Californication,Red Hot Chili Peppers,,00:20.6,05:26.5,1999,
8774,Cant Stop,Red Hot Chili Peppers,,00:32.3,04:27.1,,
8775,Dani California,Red Hot Chili Peppers,,00:15.5,04:39.6,,
8777,Scar Tissue,Red Hot Chili Peppers,,00:10.8,03:32.3,1999,
8778,Under The Bridge,Red Hot Chili Peppers,,00:28.1,04:22.9,1991,
8779,Place Your Hand,Reef,,00:07.1,03:35.6,,
8780,Its The End of The World As We Know It,REM,,00:02.8,03:57.4,,
8781,Losing My Religion,REM,,00:14.2,04:23.5,,
8782,Man On The Moon,REM,,00:16.1,05:09.6,,
8783,Shiny Happy People,REM,,00:24.3,03:40.1,,
8784,Stand,REM,,00:09.1,03:07.5,,
8785,"What's The Frequency, Kenneth",REM,,00:09.9,03:56.9,,
8786,Ready To Go,Republica,,00:14.8,03:37.7,1996,
8788,Open Your Window,Reverend & The Makers,,00:02.2,03:23.7,2007,
8789,On A Rope,Rocket From The Crypt,,00:20.0,00:02:51,1996,
8790,Chasing Rainbows,Shed Seven,,00:06.7,04:20.5,,
8791,Going For Gold,Shed Seven,,00:13.4,04:18.7,1996,
8792,She Left Me On Friday,Shed Seven,,00:09.1,03:27.8,,
8793,Hedonism (Just Because You Feel Good,Skunk Anansie,,00:11.1,03:22.3,1996,
8794,Weak,Skunk Anansie,,00:11.8,03:26.7,,
8795,Inbetweener,Sleeper,,00:20.7,03:17.0,1995,
8796,Sale Of The Century,Sleeper,,00:27.0,04:22.1,1996,
8797,Vegas,Sleeper,,00:07.4,03:04.8,,
8799,Walking on the Sun,Smash Mouth,,00:14.8,03:20.8,,
8800,"Tonight, Tonight",Smashing Pumpkins,,00:00:00,04:14.4,1996,
8801,Chasing Cars,Snow Patrol,,00:00:00,04:24.1,2006,
8802,Chocolate,Snow Patrol,,00:27.9,02:54.5,2004,
8803,Run,Snow Patrol,,00:24.6,05:53.9,,
8804,Spitting Games,Snow Patrol,,00:13.3,03:45.2,,
8805,Black Hole Sun,Soundgarden,,00:13.9,05:13.5,1994,
8807,Female Of The Species,Space,,00:20.4,03:15.9,,
8808,You & Me Vs the World,Space,,00:18.5,03:33.7,,
8809,Connected,Stereo MC's,,00:11.1,03:44.4,,
8810,Step It Up,Stereo MC's,,00:15.6,04:57.8,,
8811,A Thousand Trees,Stereophonics,,00:09.3,02:57.5,,
8812,Bartender & The Thief,Stereophonics,,00:01.9,02:52.0,,
8814,Have A Nice Day,Stereophonics,,00:16.0,03:19.9,,
8815,Hurry Up & Wait,Stereophonics,,00:06.9,04:20.2,,
8816,I Wouldnt it Believe You Radio,Stereophonics,,00:24.1,03:40.0,,
8817,Just Looking,Stereophonics,,00:19.9,04:10.9,1999,
8818,Local Boy in The Photograph,Stereophonics,,00:13.5,03:14.1,,
8819,Mr Writer,Stereophonics,,00:25.6,04:21.8,,
8820,Pick A Part Thats New,Stereophonics,,00:09.7,03:28.4,,
8821,Under Cover of Darkness,The Strokes,,00:19.1,03:53.0,,
8822,Fool's Gold,Stone Roses,,00:17.0,03:59.6,1989,
8824,Waterfall,Stone Roses,,00:14.9,04:36.6,,
8825,Beautiful Ones,Suede,,00:18.4,03:44.2,,
8826,Filmstar,Suede,,00:15.7,03:08.8,,
8827,Trash,Suede,,00:16.7,03:43.1,1996,
8828,Do or Die,Super Furry Animals,,00:12.4,01:46.4,,
8830,Alright,Supergrass,,00:05.9,02:54.9,,
8831,Caught By The Fuzz,Supergrass,,00:11.9,02:15.1,,
8832,Going Out,Supergrass,,00:20.4,04:05.7,,
8833,Late In the Day,Supergrass,,00:16.6,04:36.2,,
8834,Pumping On Your Stereo,Supergrass,,00:00.5,03:17.2,1999,
8835,Sun Hits the Sky,Supergrass,,00:12.9,04:44.9,,
8836,Black Eyed Boy,Texas,,00:06.7,02:59.8,,
8837,Halo,Texas,,00:28.4,03:59.0,,
8838,Say What You Want,Texas,,00:15.5,03:47.4,1997,
8839,Dreaming Of You,The Coral,,00:14.7,02:16.3,,
8840,In The Morning,The Coral,,00:16.3,02:24.6,,
8841,She Sells Sanctuary,The Cult,,00:29.8,04:10.0,,
8842,Away From Here,The Enemy,,00:00.1,02:57.2,,
8843,All Together Now,The Farm,,00:52.2,05:37.2,1990,
8845,Fill My Little World,The Feeling,,00:11.1,03:34.2,,
8846,I Love It When You Call,The Feeling,,00:14.4,03:29.6,,
8847,Never Be Lonely,The Feeling,,00:07.1,03:29.5,,
8848,Sewn,The Feeling,,00:03.5,03:39.7,2006,
8849,Dont look Back in to the Sun,The Libertines,,00:39.1,02:57.5,,
8851,You Can Talk To Me,The Seahorses,,00:17.0,04:11.7,1997,
8852,1251,The Strokes,,00:23.2,02:25.2,,
8853,Last Nite,The Strokes,,00:27.3,03:12.0,,
8854,Someday,The Strokes,,00:18.5,03:02.7,,
8855,Big Sur,The Thrills,,00:10.1,03:03.1,,
8856,Santa Cruz,The Thrills,,00:00.2,04:10.7,2002,
8859,Birdhouse in Your Soul,They Might Be Giants,,00:00.1,03:14.8,1989,
8860,Great DJ,Ting Tings,,00:30.6,03:19.7,,
8861,Shut Up & Let Me Go,Ting Tings,,00:26.6,02:48.8,,
8862,Thats Not My Name,Ting Tings,,00:07.3,04:56.7,,
8863,Norgaard,Vaccines,,00:04.1,01:34.8,,
8864,Teenage Icon,Vaccines,,00:06.5,02:59.6,,
8865,A Punk,Vampire Weekend,,00:13.5,02:14.9,2008,
8866,Holiday,Vampire Weekend,,00:06.1,02:06.7,,
8867,Bitter Sweet Symphony,Verve,,00:26.7,05:13.5,1997,
8868,Love is Noise,Verve,,00:30.0,05:23.7,,
8870,Sonnet,Verve,,00:21.9,04:14.7,1997,
8871,Blister In The Sun,Violent Femmes,,00:19.4,02:22.4,,
8872,Beverly Hills,Weezer,,00:13.8,03:14.9,,
8873,Buddy Holly,Weezer,,00:00.1,02:38.4,,
8874,Island in the Sun,Weezer,,00:17.9,03:15.9,,
8875,My Doorbell,White Stripes,,00:10.5,03:55.4,2005,
8876,Fell In Love With A Girl,White Stripes,,00:05.2,01:46.7,2002,
8877,Hotel Yobra,White Stripes,,00:04.3,02:06.2,,
8878,Seven Nation Army,White Stripes,,00:11.1,03:45.1,2003,
8880,Woman,Wolfmother,,00:12.7,02:44.7,2006,
8882,Always Right Behind You,Zutons,,00:09.7,03:28.2,,
8883,Dont Ever Think,Zutons,,00:22.7,02:37.6,,
8884,Valerie,Zutons,,00:04.3,03:50.5,,
8891,Vagabond,Wolfmother,,00:24.6,03:32.2,,
8893,Uprising,Muse,,00:46.0,05:01.6,2009,
8903,My Songs Know What You Did In the Dark,Fall Out Boy,,00:00:00,03:04.6,,End
8904,Irresistible,Fall Our Boy,,00:11.3,03:23.5,,End
8905,Immortals,Fall Out Boy,,00:04.8,03:05.2,,End
9000,Pacific 202,808 State,,00:13.8,05:30.8,,
9001,Destination Calabria,Alex Gaudino,,00:02.1,02:58.2,,
9002,Don't Give Me Your Life,Alex Party,,00:08.2,03:10.5,,
9003,Where Love Lives,Alison Limerick,,01:04.2,03:44.4,,
9004,My My My,Armand Van Helden,,00:03.8,03:01.9,,
9005,You Don't Know Me,Armand Van Helden,,00:25.9,03:58.6,1999,
9006,9pm (Till I Come),ATB,,00:00.1,02:38.6,,
9007,In & Out of My Life,ATFC One Phat Diva,,00:24.3,03:22.0,,
9008,Shot You Down,Audio Bullys,,00:21.1,02:52.7,,
9009,Seven Days And One Week,B.B.E,,00:28.2,04:11.5,,
9010,Do Your Thing,Basement Jaxx,,00:16.7,04:08.8,,
9011,Red Alert,Basement Jaxx,,00:22.4,03:32.0,,
9012,Rendez Vu,Basement Jaxx,,00:18.1,03:37.6,,
9013,Satisfaction,Benny Benassi Presents The Biz,,00:00.1,03:06.6,,
9014,Gym Tonic,Bob Sinclair,,00:00.0,05:38.9,,
9015,World Hold On,Bob Sinclar Feat. Steve Ed,,00:16.3,03:14.0,,
9016,I Like The Way You Move,Bodyrockers,,00:19.8,03:16.5,,
9017,Somebody to Love,Boogie Pimps,,00:14.7,02:56.7,2003,
9018,Boogie 2Nite,Booty Luv,,00:18.6,03:06.5,,
9019,Acceptable In The 80's,Calvin Harris,,00:30.0,03:30.5,,
9020,The Creeps,Camille Jones Vs Fredde Le Grand,,00:16.0,02:24.9,,
9021,Saltwater,Chicane,,00:01.1,03:18.2,2000,
9022,Meet Her At The Love Parade,Da Hool,,00:57.7,04:06.0,,
9023,Digital Love,Daft Punk,,00:15.7,04:42.0,2001,
9024,Around The World,Daft Punk,,00:23.4,03:54.4,1997,
9025,Da Funk,Daft Punk,,00:26.0,03:29.4,,
9026,Harder Better Faster Stronger,Daft Punk,,00:46.6,03:37.9,2001,
9027,One More Time,Daft Punk,,00:00.2,03:53.1,,
9028,Sunchyme,Dario G,,00:29.9,03:50.3,1997,
9029,Sandstorm,Darude,Break Piece Spice Tracks,00:29.4,03:42.3,1999,
9030,Love Don't Let Me Go (Walking Away),David Guetta Vs. The Egg,,00:02.6,03:04.4,,
9031,Needin' U,David Morales,,00:07.5,03:29.5,,
9032,Point Of View,DB Boulevard,,00:31.0,03:46.5,2001,
9033,Say Hello,Deep Dish,,00:16.9,03:04.3,,
9034,Bonkers,Dizzie Rascal,,00:15.3,02:53.5,,
9035,The Launch,DJ Jean,,00:08.0,03:10.6,,
9036,Better Off Alone,DJ Jurgen Feat Alice Deejay,,00:15.6,03:33.2,1999,
9037,God Is A DJ,Faithless,,00:16.6,03:15.9,1998,
9038,Insomnia,Faithless,,00:30.1,03:30.8,1995,
9039,Right Here Right Now,Fatboy Slim,,00:38.4,03:51.9,1999,
9040,Rockafeller Skank,Fatboy Slim,,00:00.1,03:59.9,,
9041,Toca's Miracle,Fragma,,00:16.1,03:17.9,,
9042,Put your Hands Ups for Detroit,Freddie Le Grand,,00:07.5,02:21.6,,
9043,Not Over Yet,Grace,,00:21.7,03:31.0,,
9044,Why Don't You,Gramophonedzie,,00:46.0,02:41.6,,
9045,At The River,Groove Armada,,00:00.1,02:58.2,1997,
9046,I See You Baby,Groove Armada,,00:00.2,04:00.4,,
9047,If Everybody Looked the Same,Groove Armada,,00:17.1,03:35.1,,
9048,Infinity 2008,Guru Josh Project,,00:00.9,03:09.0,,
9049,Say Say Say (Waiting 4 U),HiTack,,00:07.4,02:39.4,,
9050,Rapture,iiO,,00:07.3,03:09.1,,
9051,From Paris To Berlin,Infernal,,00:05.1,02:56.7,2004,
9052,Move Your Feet,Junior Senior,,00:04.3,03:00.9,2002,
9055,These Sounds Fall Into My Mind,Kenny Dope Presents The Bucketheads,,00:05.4,03:19.5,1994,
9057,Dreamer,Livin' Joy,,00:03.0,03:37.2,1994,
9059,Perfect,Mason Vs. Princess Superstar,,00:07.9,02:38.9,,
9060,Borderline,Michael Gray,,00:17.3,03:10.5,,
9061,The Weekend,Michael Gray,,00:08.0,03:10.5,2004,
9062,Lady (Hear Me Tonight),Modjo,,00:22.7,03:36.7,2000,
9063,Sing It Back,Moloko,,00:12.5,03:29.6,,
9064,Horny,Mousse T Vs Hot 'n' Juicy,,00:19.6,03:01.9,,
9065,In My Arms,Mylo,,01:03.7,03:41.2,,
9067,Push The Feeling On,Nightcrawlers,,00:00.4,03:58.4,,
9068,You're Not Alone,Olive,,00:07.4,04:08.1,,
9069,Get Get Down,Paul Johnson,,00:22.7,03:10.4,,
9070,Faster Kill Pussycat,Paul Oakenfold,,00:23.1,03:11.3,2006,
9071,Reach Up (Papa's Got A Brand New Pig Bag) [Radio E,Perfecto Allstarz,,00:14.2,03:36.8,,
9073,Turn Around,Phats & Small,,00:28.9,03:28.0,1999,
9074,Children,Robert Miles,,00:13.5,04:00.0,,
9075,Show Me Love,Robin S.,,00:07.4,03:11.3,1993,
9076,Another Chance,Roger Sanchez,,00:14.4,03:23.2,2001,
9077,Voodoo Child,Rogue Traders,,00:03.6,03:31.8,,
9078,Make Luv,Room 5 Featuring Oliver Cheatham,,00:15.9,03:21.8,2003,
9080,Encore Une Fois,Sash,,00:00.2,03:45.3,2000,
9081,Lola's Theme,Shapeshifters,,00:23.0,03:23.3,2004,
9082,Groovejet (If This Ain't Love),Spiller,,00:25.3,03:43.7,,
9083,Music Sounds Better With You,Stardust,,00:46.6,04:16.0,1998,
9085,I'm Alive,Stretch & Vern,,00:36.9,02:57.1,,
9087,Starlight,Supermen Lovers,,00:15.1,03:19.9,,
9088,Block Rockin' Beats,The Chemical Brothers,,00:01.0,03:22.3,1997,
9089,Hey Boy Hey Girl,The Chemical Brothers,,00:01.0,04:47.4,1999,
9091,Professional Widow,Tori Amos,,00:29.7,03:43.5,1996,
9092,Born Slippy,Underworld,,00:13.6,04:13.1,,
9093,"The Key, The Secret",Urban Cookie Collective,,00:07.3,03:36.8,,
9094,King Of My Castle,Wamdue Project,,00:16.9,03:25.2,,
9095,Barber's Adagio for Strings,William Orbit,,00:49.6,03:37.2,1999,
9096,Ooh La La,WiseGuys,,00:08.1,03:23.9,,
9098,O.T.B. (On The Beach),York,,00:06.9,03:12.5,,
9100,Simon Says,1910 Fruitgum Co,,00:00:00,02:14.8,1968,
9101,123,Len Barry,,00:00:00,02:21.6,,
9102,54321,Manfred Mann,,00:00.1,01:55.8,,End
9103,Tell It Like It Is,Aaron Neville,,00:00:00,03:07.1,,
9104,Stranger on the Shore,Acker Bilk,,00:00:00,02:54.3,,
9105,Poor Me,Adam Faith,,00:00:00,01:43.8,,
9106,Someone Else's Baby,Adam Faith,,00:00:00,02:01.2,,
9107,The First Time,Adam Faith With The Roulettes,,00:00:00,02:02.0,,
9108,Spanish Eyes,Al Martino,,00:00:00,02:45.5,1965,
9109,Lets Fall In Love,Alam Cogan,,00:00:00,02:19.0,,
9110,Games People Play,Alan Parsons Project,,00:00:00,04:18.7,,
9111,The House That Jack Built,Alan Price Set,,00:00:00,03:14.3,,
9112,Are You Sure,Allisons,,00:00:00,02:05.5,,
9113,Lady Riga,Amen Corner,,00:00:00,03:11.6,,
9114,You Are My Sunshine,Andy Williams,,00:00:00,02:23.5,,
9115,My Boyfriends Back,Angels,,00:00:00,02:37.4,1963,
9116,Don't Bring Me Down,Animals,,00:00:00,03:08.7,1965,
9117,Don't Let Me Be Misunderstood,Animals,,00:08.6,02:11.1,1965,
9118,Carrie Anne,Hollies,,00:00:00,02:52.0,1967,
9119,Pop Goes The Weasle (Original),Anthony Newley,,00:00:00,02:42.1,,
9120,What Kind Of Fool Am I,Anthony Newley,,00:00:00,02:09.4,1961,
9121,Yes We have no bananas,Anthony Newley,,00:00:00,02:47.7,,
9122,A Little Bit of Soul,Aretha Franklin,,00:05.2,02:13.3,,
9123,I Say A Little Prayer,Aretha Franklin,,00:07.2,03:27.4,1968,
9124,Love For Sale,Aretha Franklin,,00:00:00,02:28.7,,
9125,"Tighten Up Your, Button Up Your Jacket",Aretha Franklin,,00:00:00,01:52.7,,
9126,Sweet Soul Music,Arthur Conley,,00:06.7,02:12.3,1967,
9127,Nut Rocker,B Bumble And The Stingers,,00:00:00,01:48.1,1962,
9128,I Believe,Bachelors,,00:00:00,02:02.3,,
9129,Ramona,Bachelors,,00:00:00,02:42.0,,
9130,Soul Finger,Bar Kays,,00:02.1,02:14.6,,
9131,I Got a Feeling,Barbara Randolph,,00:06.7,02:56.6,1967,
9132,Who Put The Bomp (In The Bomp Bomp Bomp),Barry Mann,,00:00:00,02:45.7,,
9133,Eloise,Barry Ryan,,00:00:00,03:36.8,1968,
9134,All Summer Long,Beach Boys,,00:00:00,02:05.0,,
9135,Break Away,Beach Boys,,00:01.2,02:47.8,,
9136,Do It Again,Beach Boys,,00:00:00,02:11.8,,
9137,Don't Worry Baby,Beach Boys,,00:00:00,02:44.8,1964,
9138,Help Me Rhonda,Beach Boys,,00:00:00,02:37.1,1965,
9139,I Can Hear Music,Beach Boys,,00:00:00,02:34.0,,
9140,Little Honda,Beach Boys,,00:00:00,01:48.8,,
9141,Sloop John B,Beach Boys,,00:00:00,02:53.2,1966,
9142,Soul Old Man Sunshine,Beach Boys,,00:00:00,03:23.3,,
9143,Do you wanna know a Secret,Beatles,,00:00:00,01:54.3,,
9144,Good Day Sunshine,Beatles,,00:07.0,02:02.1,,
9145,Magical Mystery Tour,Beatles,,00:00:00,02:43.0,1967,
9146,Please Please Me,Beatles,,00:00:00,01:57.9,1963,
9147,Something,Beatles,,00:00:00,03:00.8,1964,
9148,Strawberry Fields Forever,Beatles,,00:00:00,03:23.4,1967,
9149,The Word,Beatles,,00:02.9,02:36.8,,
9150,What You Doing,Beatles,,00:00:00,02:27.9,,
9151,You Gonna Lose that Girl,Beatles,,00:00:00,02:13.9,,
9152,Don't Forget To Remember,Bee Gees,,00:00:00,03:28.0,1969,
9153,I've Gotta Get A Message To You,Bee Gees,,00:00:00,02:50.4,1968,
9154,Massachusetts,Bee Gees,,00:00:00,02:23.5,1967,
9155,Words,Bee Gees,,00:00:00,03:18.4,1968,
9156,Money,Bern Elliott And The Fenmen,,00:00:00,02:27.5,,
9157,Right Said Fred,Bernard Cribbins,,00:00:00,02:19.0,1962,
9158,Fools Rush In,Billy Eckstine,,00:00:00,02:29.5,1947,
9159,Colette,Billy Fury,,00:00:00,01:48.9,,
9160,I'd Never Find Another You,Billy Fury,,00:00:00,02:35.3,1961,
9161,In Summer,Billy Fury,,00:00:00,02:40.3,,
9162,Jealousy,Billy Fury,,00:00:00,02:44.8,1961,
9163,Last Night Was Made For Love,Billy Fury,,00:00:00,02:14.1,1962,
9164,Like I've Never Been Gone,Billy Fury,,00:00:00,02:11.9,,
9165,Once Upon A Dream,Billy Fury,,00:00:00,01:53.7,,
9166,When Will You Say I Love You,Billy Fury,,00:00:00,02:24.9,,
9167,Little Children,Billy J Kramer And The Dakotas,,00:00:00,02:44.4,1964,
9168,As Time Goes By,Bing Crosby,,00:00:00,03:19.1,,
9169,Swinging On A Star,Bing Crosby,,00:00:00,02:30.3,,
9170,You've Made Me So Very Happy,Blood Sweat And Tears,,00:00:00,04:08.5,,
9171,Melting Pot,Blue Mink,,00:00:00,03:43.5,,
9172,Ode To Billy Joe,Bobbie Gentry,,00:00:00,04:11.9,,
9173,Beautiful Things,Bobby Darin,,00:00:00,02:26.3,,
9174,Things,Bobby Darin,,00:00:00,02:30.3,1962,
9175,Two of a Kind,Bobby Darin & Johnny Mercer,,00:00:00,03:26.2,,
9176,More Than I Can Say,Bobby Vee,,00:00:00,02:27.0,1960,
9177,Take Good Care Of My Baby,Bobby Vee,,00:00:00,02:28.5,,
9178,The Night Has A Thousand Eyes,Bobby Vee,,00:00:00,02:35.1,,
9179,Roses Are Red,Bobby Vinton,,00:00:00,02:38.2,,
9180,I'm The Urban Spaceman,Bonzo Dog Doo,,00:00:00,02:22.1,,
9181,Time is Tight,Booker T And The MG's,,00:00:00,03:18.1,,
9182,All Alone Am I,Brenda Lee,,00:00:00,02:43.6,1963,
9183,As Usual,Brenda Lee,,00:00:00,02:34.6,,
9184,Losing You,Brenda Lee,,00:00:00,02:30.1,,
9185,Speak To Me Pretty,Brenda Lee,,00:00:00,02:12.7,1962,
9186,Ginny Come Lately,Brian Hyland,,00:00:00,02:49.5,1962,
9187,Itsy Bitsy Teeny Weeny Yellow Polka Dot Bikini,Brian Hyland,,00:00:00,02:19.9,,
9188,Sealed With A Kiss,Brian Hyland,,00:00:00,02:40.6,,
9189,Do You Love Me,Brian Poole And The Tremeloes,,00:00:00,02:18.8,1963,
9190,St Tropez,Brigitte Bardo,,00:00:00,01:10.8,,
9191,Bo Diddley,Buddy Holly,,00:00:00,02:19.0,1963,
9192,Early In The Morning,Buddy Holly,,00:00:00,02:07.3,,
9193,True Love Ways,Buddy Holly,,00:00:00,02:49.8,1968,
9194,All I Really Want To Do,Byrds,,00:00:00,02:01.7,,
9195,Turn Turn Turn,Byrds,,00:00:00,03:54.7,,
9196,On The Road Again,Canned Heat,,00:00:00,03:05.8,1989,
9197,It Might As Well Rain Until September,Carole King,,00:00:00,02:25.8,1962,
9198,Matthew And Son,Cat Stevens,,00:00:00,02:38.2,1967,
9199,Bang Bang (My Baby Shot Me Down),Cher,,00:00:00,02:42.1,,
9200,I'd Rather Go Blind,Chicken Shack,,00:00:00,03:14.6,1969,
9201,He's So Fine,Chiffons,,00:00:00,01:51.4,1963,
9202,One Fine Day,Chiffons,,00:00:00,02:01.4,1963,
9203,Sweet Talkin' Guy,Chiffons,,00:00:00,02:28.9,1966,
9204,Yesterday Man,Chris Andrews,,00:00:00,02:33.0,,
9205,Call Me,Chris Montez,,00:00:00,02:35.7,,
9206,Our Love Is Here To Stay,Chris Montez,,00:00:00,02:22.9,,
9207,There Will Never Be Another You,Chris Montez,,00:00:00,02:47.5,,
9208,You're My World,Cilla Black,,00:00:00,02:58.7,1964,
9209,Constantly,Cliff Richard,,00:00:00,02:35.8,1964,
9210,The Minute You're Gone,Cliff Richard,,00:00:00,02:19.7,,
9211,When The Girl In Your Arms Is The Girl In Your Hea,Cliff Richard,,00:00:00,02:23.0,,
9212,Don't Talk To Him,Cliff Richard And The Shadows,,00:00:00,02:51.2,,
9213,I'm Looking Out The Window,Cliff Richard And The Shadows,,00:00:00,02:44.5,,
9214,In The Country,Cliff Richard And The Shadows,,00:00:00,02:35.9,,
9215,It'll Be Me,Cliff Richard And The Shadows,,00:00:00,01:53.3,,
9216,It's All In The Game,Cliff Richard And The Shadows,,00:00:00,03:09.5,,
9217,Lucky Lips,Cliff Richard And The Shadows,,00:00:00,02:41.0,1963,
9218,Please Don't Tease,Cliff Richard And The Shadows,,00:00:00,02:55.8,1960,
9219,The Young Ones,Cliff Richard And The Shadows,,00:00:00,03:11.8,1961,
9220,Theme For a Dream,Cliff Richard And The Shadows,,00:00:00,02:03.8,,
9221,Wind Me Up (Let Me Go),Cliff Richard And The Shadows,,00:00:00,02:25.8,,
9222,Fall In Love With You,Cliff Richards And The Shadows,,00:00:00,02:29.9,1960,
9223,Everybody's Somebody's Fool,Connie Francis,,00:00:00,02:36.8,,
9224,My Heart Has A Mind Of It's Own,Connie Francis,,00:00:00,02:30.5,,
9225,Together,Connie Francis,,00:00:00,02:52.9,,
9226,Vacation,Connie Francis,,00:00:00,02:20.4,,
9227,Where The Boys Are,Connie Francis,,00:00:00,02:36.5,1960,
9228,Only Sixteen,Craig Douglas,,00:00:00,02:11.9,,
9229,Bad Moon Rising,Creedence Clearwater Revival,,00:00:00,02:20.1,1969,
9230,Don't Ever Change,Crickets,,00:00:00,02:11.8,1962,
9231,Moon River,Danny Williams,,00:00:00,02:35.9,1961,
9232,Little Things,Dave Berry,,00:00:00,02:21.9,1965,
9233,Mama,Dave Berry,,00:00:00,02:47.9,,
9234,The Crying Game,Dave Berry,,00:00:00,02:43.0,,
9235,Glad All Over,Dave Clark Five,,00:00:00,02:39.8,,
9236,Hold Tight,Dave Dee Dozy Beaky Mick And Tich,,00:00:00,02:45.7,1966,
9237,Save Me,Dave Dee Dozy Beaky Mick And Tich,,00:00:00,02:58.3,,
9238,Michelle,David And Jonathan,,00:00:00,02:46.7,,
9239,Birds and the Bees,Dean Martin,,00:00:00,02:05.7,,
9240,Everybody Loves Somebody,Dean Martin,,00:00:00,02:45.7,,
9241,Keep Searchin' (We'll Follow The Sun),Del Shannon,,00:00:00,02:08.2,,
9242,Little Town Flirt,Del Shannon,,00:00:00,02:43.7,1963,
9243,Swiss Maid,Del Shannon,,00:00:00,01:58.0,,
9244,I'm Beginning To See The Light,Della Reese,,00:00:00,02:22.9,,
9245,I Pretend,Des O'Connor,,00:00:00,02:44.8,,
9246,King of Ska,Desmond Dekker,,00:00:00,02:39.1,,
9247,Israelites,Desmond Dekker And The Aces,,00:00:00,02:30.3,,
9248,Reflections,Diana Ross And The Supremes,,00:00:00,02:49.0,1968,
9249,I'm Gonna Make You Love Me,Diana Ross And The Supremes And The Temptations,,00:00:00,03:02.7,,
9250,Call Me Irresponsible,Dinah Washington,,00:00:00,02:17.1,1964,
9251,The Wanderer,Dion,,00:00:00,02:40.5,1962,
9252,Chapel Of Love,Dixie Cups,,00:00:00,02:45.1,1964,
9253,Blue Eyes,Don Partridge,,00:00:00,02:27.0,,
9254,Rosie,Don Partridge,,00:00:00,02:14.8,,
9255,Catch The Wind,Donovan,,00:00:00,02:16.0,,
9256,Colours,Donovan,,00:00:00,02:43.0,1965,
9257,Jennifer Juniper,Donovan,,00:00:00,00:02:40,1968,
9258,Sunshine Superman,Donovan,,00:00:00,04:24.5,1990,
9259,Sentimental Journey,Doris Day,,00:00:00,03:43.1,,
9260,I Close My Eyes And Count To Ten,Dusty Springfield,,00:00:00,03:09.1,1968,
9261,I Just Don't Know What To Do With Myself,Dusty Springfield,,00:00:00,02:59.4,,
9262,I'll Try Anything,Dusty Springfield,,00:00:00,02:27.6,,
9263,Little By Little,Dusty Springfield,,00:00:00,02:32.4,1966,
9264,Three Steps To Heaven,Eddie Cochran,,00:00:00,02:20.2,,
9265,Knock On Wood,Eddie Floyd,,00:00:00,03:03.8,1967,
9266,Well I Ask You,Eden Kane,,00:00:00,02:13.3,1961,
9267,Forget Me Not,Eden Kane,,00:00:00,02:03.6,,
9268,No Regrets,Edith Piaf,,00:00:00,02:27.2,1961,
9269,Oh Happy Day,Edwin Hawkins Singers,,00:00:00,03:05.1,1969,
9270,Mack The Knife,Ella Fitzgerald,,00:00:00,04:39.8,,
9271,Wooden Heart,Elvis Presley,,00:00:00,02:02.2,1960,
9272,Suspicious Minds,Elvis Presley,,00:00:00,03:45.0,1969,
9273,Stuck On You,Elvis Presley,,00:00:00,02:13.9,1960,
9274,She's Not You,Elvis Presley,,00:00:00,02:06.8,,
9275,Rock A Hula Baby,Elvis Presley,,00:00:00,01:52.0,1961,
9276,Peace in the Valley,Elvis Presley,,00:00:00,03:45.3,,
9277,If I Can Dream,Elvis Presley,,00:00:00,03:10.5,1968,
9278,Guitar Man,Elvis Presley,,00:00:00,02:16.4,1981,
9279,Good Luck Charm,Elvis Presley,,00:00:00,02:21.0,1962,
9280,There Goes My Everything,Engelbert Humperdinck,,00:00:00,02:52.9,,
9281,The Way It Used To Be,Engelbert Humperdinck,,00:00:00,03:07.7,,
9282,The Last Waltz,Engelbert Humperdinck,,00:00:00,02:58.9,1967,
9283,Am I That Easy To Forget,Engelbert Humperdinck,,00:00:00,03:04.5,1967,
9284,A Man Without Love,Engelbert Humperdinck,,00:00:00,03:16.9,1968,
9285,Here Come The Girls,Ernie K,,00:00:00,03:08.2,2007,
9286,Cinderella Rockefella,Esther And Abi Ofarim,,00:00:00,02:27.4,,
9287,It's All Alright,Etta James,,00:00:00,02:35.4,,
9288,Good Rocking Daddy,Etta James,,00:00:00,02:24.5,,
9289,When Will Be Loved,Everly Brothers,,00:00:00,01:58.5,1960,
9290,Walk Right Back,Everly Brothers,,00:00:00,02:15.2,1961,
9291,The Price Of Love,Everly Brothers,,00:00:00,02:04.0,,
9292,Cathy's Clown,Everly Brothers,,00:00:00,02:20.1,1960,
9293,Blame It On The Bossa Nova,Eydie Gorme,,00:00:00,02:29.9,,
9294,Man Of The World,Fleetwood Mac,,00:00:00,02:50.3,,
9295,Albatross,Fleetwood Mac,,00:00:00,03:05.7,1968,
9296,Nothing But a Heartache,Flirtations,,00:00:00,02:39.5,,
9297,Let's Go To San Francisco,Flowerpot Men,,00:00:00,00:03:30,,
9298,You've Got Your Troubles,Fortunes,,00:00:00,03:18.8,1965,
9299,Here It Comes Again,Fortunes,,00:00:00,03:05.8,,
9300,Juliet,Four Pennies,,00:00:00,02:21.0,,
9301,Sherry,Four Seasons,,00:00:00,02:30.6,1962,
9302,Big Girls Don't Cry,Four Seasons,,00:00:00,02:24.5,1963,
9303,Rag Doll,Four Seasons Featuring The Sound Of Frankie Valli,,00:00:00,02:57.4,1964,
9304,Let's Hang On,Four Seasons Featuring The Sound Of Frankie Valli,,00:00:00,03:14.3,1965,
9305,Walk Away Renee,Four Tops,,00:00:00,02:43.3,,
9306,Standing In The Shadows Of Love,Four Tops,,00:00:00,02:31.3,,
9307,If I Were A Carpenter,Four Tops,,00:00:00,02:45.7,1968,
9308,A Little Loving,Fourmost,,00:00:00,01:59.6,,
9309,Wayward Wind,Frank Ifield,,00:00:00,02:43.9,,
9310,Nobody's Darlin' But Mine,Frank Ifield,,00:00:00,02:28.0,,
9311,Lovesick Blues,Frank Ifield,,00:00:00,02:16.5,1962,
9312,I Remember You,Frank Ifield,,00:00:00,02:01.8,,
9313,Confessin',Frank Ifield,,00:00:00,02:02.4,,
9314,What'll I Do,Frank Sinatra,,00:00:00,03:15.9,,
9315,The Way You Look Tonight,Frank Sinatra,,00:00:00,03:20.0,1944,
9316,South of the Border,Frank Sinatra,,00:00:00,02:47.5,,
9317,For Once In My Life,Frank Sinatra,,00:00:00,02:50.4,,
9318,Bad Bad Leroy Brown,Frank Sinatra,,00:00:00,02:49.8,,
9319,Tower Of Strength,Frankie Vaughan,,00:00:00,02:06.9,,
9320,Green Door,Frankie Vaughan,,00:00:00,02:46.7,1956,
9321,Garden Of Eden,Frankie Vaughan,,00:00:00,02:31.4,,
9322,You Keep Me Swingin,Fred Flange (Matt Monro),,00:00:00,02:51.6,,
9323,If You Gotta Make A Fool Of Somebody,Freddie And The Dreamers,,00:00:00,02:00.0,,
9324,Grazin' In The Grass,Friends Of Distinction,,00:00:00,02:56.4,,
9325,Twenty Four Hours From Tulsa,Gene Pitney,,00:00:00,02:54.9,1963,
9326,Something's Gotten Hold Of My Heart,Gene Pitney,,00:00:00,03:33.2,,
9327,Nobody Needs Your Love,Gene Pitney,,00:00:00,02:19.1,,
9328,Looking Through The Eyes Of Love,Gene Pitney,,00:00:00,03:15.0,,
9329,I'm Gonna Be Strong,Gene Pitney,,00:00:00,02:10.8,,
9330,Backstage,Gene Pitney,,00:00:00,02:34.8,,
9331,Somebody Stole the Thunder From My Heart,Georgie Fame,,00:00:00,03:05.4,,
9332,No Thanks,Georgie Fame,,00:00:00,02:37.5,,
9333,Do The Dog,Georgie Fame,,00:00:00,03:11.1,1964,
9334,Ballad Of Bonnie And Clyde,Georgie Fame,,00:00:00,03:06.7,1967,
9335,Get Away,Georgie Fame And The Blue Flames,,00:00:00,02:34.1,,
9336,I'm The One,Gerry and the Pacemakers,,00:00:00,02:15.2,,
9337,Please Help Me I'm Falling,Hank Locklin,,00:00:00,02:24.8,,
9338,Feeling Groovy,Harpers Bizarre,,00:00:00,02:30.0,,
9339,If I Ruled The World,Harry Secombe,,00:00:00,02:50.2,,
9340,You Don't Know,Helen Shapiro,,00:00:00,02:38.0,1961,
9341,Walkin' Back To Happiness,Helen Shapiro,,00:00:00,02:28.0,,
9342,Tell Me What He Said,Helen Shapiro,,00:00:00,02:46.4,1962,
9343,Ole Father Time,Helen Shapiro,,00:00:00,01:54.9,,
9344,Look Who It Is,Helen Shapiro,,00:00:00,02:11.4,,
9345,Don't Treat Me Like A Child,Helen Shapiro,,00:00:00,02:33.1,,
9346,There's A Kind Of Hush,Herman's Hermits,,00:00:00,02:33.4,1967,
9347,Silhouettes,Herman's Hermits,,00:00:00,01:58.8,,
9348,My Sentimental Friend,Herman's Hermits,,00:00:00,03:13.6,1969,
9349,Michael,Highwaymen,,00:00:00,02:44.3,,
9350,Stop Stop Stop,Hollies,,00:00:00,02:47.4,,
9351,Stay,Hollies,,00:00:00,02:11.6,,
9352,Sorry Suzanne,Hollies,,00:00:00,02:59.9,1969,
9353,On A Carousel,Hollies,,00:00:00,03:11.0,1967,
9354,Look Through Any Window,Hollies,,00:00:00,02:14.1,,
9355,I'm Alive,Hollies,,00:00:00,02:26.2,1965,
9356,I Can't Let Go,Hollies,,00:00:00,02:22.6,,
9357,Here I Go Again,Hollies,,00:00:00,02:18.8,1964,
9358,I Can't Let Maggie Go,Honeybus,,00:00:00,02:56.1,1968,
9359,Natural Born Bugie,Humble Pie,,00:00:00,04:14.4,,
9360,Behind A Painted Smile,Isley Brothers,,00:00:00,02:21.8,,
9361,Tossing And Turning,Ivy League,,00:00:00,02:25.8,,
9362,Wives And Lovers,Jack Jones,,00:00:00,02:28.9,,
9363,What The World Needs Now Is Love,Jackie De Shannon,,00:00:00,03:12.7,,
9364,Put A Little Love In Your Heart,Jackie De Shannon,,00:00:00,02:34.7,,
9365,Surf City,Jan And Dean,,00:00:00,02:33.7,1963,
9366,Living In The Past,Jethro Tull,,00:00:00,03:07.6,,
9367,Welcome To My World,Jim Reeves,,00:00:00,02:33.6,1962,
9368,There's A Heartache Following Me,Jim Reeves,,00:00:00,02:03.2,,
9369,It Hurts So Much,Jim Reeves,,00:00:00,02:09.4,,
9370,I Won't Forget You,Jim Reeves,,00:00:00,02:00.9,,
9371,I Love You Because,Jim Reeves,,00:00:00,02:44.5,,
9372,He'll Have To Go,Jim Reeves,,00:00:00,02:19.5,,
9373,Danny Boy,Jim Reeves,,00:00:00,02:56.0,,
9374,Little Wing,Jimi Hendrix,,00:00:00,03:17.7,,
9375,Wonderful World Beautiful People,Jimmy Cliff,,00:00:00,03:08.9,1969,
9376,Good Timin',Jimmy Jones,,00:00:00,02:06.6,,
9377,When My Little Girl Is Smiling,Jimmy Justice,,00:00:00,02:24.4,,
9378,Ain't That Funny,Jimmy Justice,,00:00:00,02:06.7,,
9379,That's What Love Will Do,Joe Brown And The Bruvvers,,00:00:00,02:22.8,,
9380,It Only Took A Minute,Joe Brown And The Bruvvers,,00:00:00,01:55.3,,
9381,A Picture Of You,Joe Brown And The Bruvvers,,00:00:00,02:19.3,,
9382,With A Little Help From My Friends,Joe Cocker,,00:00:00,04:52.3,1969,
9383,Make Me An Island,Joe Dolan,,00:00:00,02:51.7,1990,
9384,Games People Play,Joe South,,00:00:00,03:26.3,,
9385,Peppermint Twist,Joey Dee And The Starliters,,00:00:00,02:00.4,1961,
9386,Boom Boom,John Lee Hooker,,00:00:00,02:32.4,1992,
9387,Johnny Remember Me,John Leyton,,00:00:00,02:38.2,,
9388,You're Sixteen,Johnny Burnette,,00:00:00,01:56.8,,
9389,Dreamin',Johnny Burnette,,00:00:00,02:16.3,,
9390,A Boy Named Sue,Johnny Cash,,00:00:00,03:39.0,1969,
9391,Shakin' All Over,Johnny Kidd And The Pirates,,00:00:00,02:16.8,1960,
9392,I'll Never Get Over You,Johnny Kidd And The Pirates,,00:00:00,02:06.7,,
9393,Misty,Johnny Mathis,,00:00:00,03:32.2,,
9394,Hold Me Tight,Johnny Nash,,00:00:00,02:41.0,1968,
9395,Cupid,Johnny Nash,,00:00:00,03:22.8,1969,
9396,Running Bear,Johnny Preston,,00:00:00,02:34.2,1960,
9397,Cradle Of Love,Johnny Preston,,00:00:00,02:19.0,,
9398,Poetry In Motion,Johnny Tillotson,,00:00:00,02:23.6,1960,
9399,Urge for Going,Joni Mitchell,,00:00:00,05:10.9,,
9400,Private Number,Judy Clay And William Bell,,00:00:00,02:38.8,1968,
9401,Fly Me To The Moon,Julie London,,00:00:00,02:33.3,1962,
9402,Nobody's Child,Karen Young,,00:00:00,04:21.2,1969,
9403,Still,Karl Denver,,00:00:00,02:13.4,,
9404,Tears,Ken Dodd,,00:00:00,02:49.5,1965,
9405,Sukiyaki,Kenny Ball And His Jazzmen,,00:00:00,02:56.0,,
9406,Midnight In Moscow,Kenny Ball And His Jazzmen,,00:00:00,02:58.5,,
9407,Love Letters,Ketty Lester,,00:00:00,02:34.0,,
9408,Be Mine,Lance Fortune,,00:00:00,01:45.7,,
9409,Little Arrows,Leapy Lee,,00:00:00,02:48.9,,
9410,Suzanne,Leonard Cohen,,00:00:00,03:48.8,1969,
9411,"Sunshine, Lollipops And Rainbows",Lesley Gore,,00:00:00,01:37.4,,
9412,It's My Party,Lesley Gore,,00:00:00,02:15.5,1963,
9413,Let The Heartaches Begin,Long John Baldry,,00:00:00,03:10.9,1967,
9414,My Old Man's a Dustman,Lonnie Donegan,,00:00:00,03:17.4,1960,
9415,I Wanna Go Home (The Wreck Of The John 'B'),Lonnie Donegan with The Wally Stott Orchestra,,00:00:00,02:38.4,,
9416,Hello Dolly,Louis Armstrong,,00:00:00,02:20.6,,
9417,Rainbow Valley,Love Affair,,00:00:00,03:43.2,,
9418,The Boat That I Row,Lulu,,00:00:00,02:51.0,1967,
9419,May I Have The Next Dream With,Malcolm Roberts,,00:00:00,02:44.6,,
9420,Make Your Own Kinda Music,Mama Cass,,00:00:00,02:18.9,,
9421,It's Getting Better,Mama Cass,,00:00:00,02:52.0,,
9422,Creeque Alley,Mamas And The Papas,,00:00:00,03:47.4,1967,
9423,Sha La La,Manfred Mann,,00:00:00,02:28.6,,
9424,Mighty Quinn,Manfred Mann,,00:00:00,06:19.1,1967,
9425,If You Gotta Go Go Now,Manfred Mann,,00:00:00,02:30.2,,
9426,Ha Ha Said The Clown,Manfred Mann,,00:00:00,02:25.6,,
9427,Fox on the Run,Manfred Mann,,00:00:00,02:45.5,,
9428,Come Tomorrow,Manfred Mann,,00:00:00,02:44.5,1965,
9429,Come And Stay With Me,Marianne Faithfull,,00:00:00,02:23.3,1965,
9430,Venus In Blue Jeans,Mark Wynter,,00:00:00,02:06.0,,
9431,Go Away Little Girl,Mark Wynter,,00:00:00,02:11.6,,
9432,El Paso,Marty Robbins,,00:00:00,04:24.2,,
9433,Abercavene,Marty Wilde,,00:00:00,02:46.4,,
9434,You Got What It Takes,Marv Johnson,,00:00:00,02:35.1,,
9435,Too Busy Thinking 'Bout My Baby,Marvin Gaye,,00:00:00,02:53.0,,
9436,You're All I Need To Get By,Marvin Gaye And Tammi Terrell,,00:00:00,02:43.7,1968,
9437,Onion Song,Marvin Gaye And Tammi Terrell,,00:00:00,02:56.5,1969,
9438,Those Were The Days,Mary Hopkins,,00:00:00,04:58.6,1968,
9439,My Guy,Mary Wells,,00:00:00,02:51.5,1964,
9440,Walk Away,Matt Monro,,00:00:00,03:05.4,1964,
9441,This is the Life,Matt Monro,,00:00:00,02:17.7,,
9442,Portrait Of My Love,Matt Monro,,00:00:00,02:43.4,,
9443,My Kind Of Girl,Matt Monro,,00:00:00,02:55.3,,
9444,From Russia With Love,Matt Monro,,00:00:00,02:30.3,,
9445,Like I Do,Maureen Evans,,00:00:00,02:13.3,1962,
9446,Gurney Slade,Max Harris,,00:00:00,02:07.7,,
9447,Hang On Sloopy,McCoys,,00:00:00,03:01.7,1965,
9448,I Think Of You,Merseybeats,,00:00:00,02:28.6,1963,
9449,Starry Eyed,Michael Holliday,,00:00:00,02:20.1,,
9450,A Groovy Kind Of Love,Mindbenders,,00:00:00,01:58.5,,
9451,Theme From The Monkees,Monkees,,00:00:00,02:17.5,1966,
9452,Pleasant Valley Sunday,Monkees,,00:00:00,03:08.0,1967,
9453,Night Of Fear,Move,,00:00:00,02:15.4,,
9454,You Only Live Twice,Nancy Sinatra,,00:00:00,02:44.7,1967,
9455,Too Young To Go Steady,Nat King Cole,,00:00:00,03:11.2,,
9456,Ramblin' Rose,Nat King Cole,,00:00:00,02:48.5,1962,
9457,From A Jack To A King,Ned Miller,,00:00:00,02:06.5,,
9458,Stairway To Heaven,Neil Sedaka,,00:00:00,02:40.8,1960,
9459,Winchester Cathedral,New Vaudeville Band,,00:00:00,02:24.6,,
9460,Windmills Of Your Mind,Noel Harrison,,00:00:00,02:20.5,1968,
9461,Son Of Hickory Holler's Tramp,O C Smith,,00:00:00,03:42.8,,
9462,Michelle,Overlanders,,00:00:00,02:19.5,,
9463,Hold Me,P J Proby,,00:00:00,02:39.8,,
9464,Speedy Gonzales,Pat Boone,,00:00:00,02:28.1,1962,
9465,Johnny Will,Pat Boone,,00:00:00,02:23.7,,
9466,Sweet Dreams,Patsy Cline,,00:00:00,02:34.2,1962,
9467,She's Got You,Patsy Cline,,00:00:00,02:58.5,,
9468,Heartaches,Patsy Cline,,00:00:00,02:11.0,,
9469,Hey Paula,Paul And Paula,,00:00:00,02:30.8,,
9470,High Time,Paul Jones,,00:00:00,02:13.8,,
9471,For The Good Times,Perry Como,,00:00:00,03:37.7,1973,
9472,To Know You Is To Love You,Peter And Gordon,,00:00:00,02:34.9,,
9473,A World Without Love,Peter And Gordon,,00:00:00,02:41.8,1964,
9474,Where Do You Go To My Lovely,Peter Sarstedt,,00:00:00,04:38.9,1969,
9475,This Is My Song,Petula Clark,,00:00:00,03:14.8,,
9476,I Will Follow Him,Petula Clark,,00:00:00,02:33.8,,
9477,I Couldn't Live Without Your Love,Petula Clark,,00:00:00,02:53.6,,
9478,Whine & Grind,Prince Buster,,00:00:00,03:34.4,,
9479,Homburg,Procul Harum,,00:00:00,03:50.9,,
9480,There's A Ghost In My House,R Dean Taylor,,00:00:00,02:20.8,1967,
9481,Take These Chains From My Heart,Ray Charles,,00:00:00,02:55.4,,
9482,I Can't Stop Loving You,Ray Charles,,00:00:00,04:09.5,,
9483,Hit The Road Jack,Ray Charles,,00:00:00,01:57.0,1962,
9484,Georgia On My Mind,Ray Charles,,00:00:00,03:38.2,,
9485,Captain Of Your Ship,Reparata And The Delrons,,00:00:00,02:27.2,,
9486,The First Time Ever I Saw Your Face,Roberta Flack,,00:00:00,04:23.4,1972,
9487,He's In Town,Rockin' Berries,,00:00:00,02:30.8,,
9488,The Last Time,Rolling Stones,,00:00:00,03:42.2,1965,
9489,Not Fade Away,Rolling Stones,,00:00:00,01:49.3,1964,
9490,Lets Spend The Night Together,Rolling Stones,,00:00:00,03:26.2,,
9491,Its All Over Now,Rolling Stones,,00:00:00,03:28.1,,
9492,I'm Free,Rolling Stones,,00:00:00,02:22.2,,
9493,19th Nevrous Breakdown,Rolling Stones,,00:00:00,03:58.0,,
9494,Too Soon To Know,Roy Orbison,,00:00:00,02:46.6,,
9495,It's Over,Roy Orbison,,00:00:00,02:46.4,,
9496,Dream Baby,Roy Orbison,,00:00:00,02:31.6,1962,
9497,Blue Bayou,Roy Orbison,,00:00:00,02:28.3,,
9498,Chain Gang,Sam Cooke,,00:00:00,02:29.4,1960,
9499,Talk To The Animals,Sammy Davis Jnr,,00:00:00,02:53.5,,
9500,Rythm of Life,Sammy Davis Jnr,,00:00:00,03:52.7,,
9501,Ive Gotta Be Me,Sammy Davis Jnr,,00:00:00,02:53.5,,
9502,Your Not Changed,Sandie Shaw,,00:00:00,02:16.9,,
9503,There's) Always Something There To Remind Me,Sandie Shaw,,00:00:00,02:38.8,1964,
9504,Long Live Love,Sandie Shaw,,00:00:00,02:38.7,,
9505,I'll Stop At Nothing,Sandie Shaw,,00:00:00,02:44.0,,
9506,Girl Don't Come,Sandie Shaw,,00:00:00,02:10.4,1965,
9507,Lily The Pink,Scaffold,,00:00:00,04:20.0,1968,
9508,San Francisco (Wear Some Flowers In Your Hair),Scott McKenzie,,00:00:00,02:55.4,1967,
9509,Joanna,Scott Walker,,00:00:00,03:48.0,,
9510,Sugar And Spice,Searchers,,00:00:00,02:14.4,1963,
9511,Don't Throw Your Love Away,Searchers,,00:00:00,02:15.9,1964,
9512,The Carnival Is Over,Seekers,,00:00:00,03:07.0,,
9513,Morningtown Ride,Seekers,,00:00:00,02:38.3,1965,
9514,I'll Never Find Another You,Seekers,,00:00:00,02:43.2,1964,
9515,Georgy Girl,Seekers,,00:06.2,02:15.9,1966,
9516,A World Of Our Own,Seekers,,00:00:00,02:42.1,,
9517,Leader Of The Pack,Shangri,,00:00:00,02:50.0,1964,
9518,Will You Love Me Tomorrow,Shirelles,,00:00:00,02:42.1,1961,
9519,I (Who Have Nothing),Shirley Bassey,,00:00:00,02:40.2,,
9520,The Boxer,Simon and Garfunkel,,00:00:00,05:08.9,1969,
9521,What'Cha Gonna Do About It,Small Faces,,00:00:00,01:56.8,1965,
9522,Sha La La La Lee,Small Faces,,00:00:00,02:54.1,1966,
9523,My Mind's Eye,Small Faces,,00:00:00,02:03.1,,
9524,Home is in Your Heart,Solomon Burke,,00:00:00,02:02.6,,
9525,Got to Get You Off My Mind,Solomon Burke,,00:00:00,02:31.0,,
9526,She Wears My Ring,Solomon King,,00:00:00,03:11.3,,
9527,More Than Yesterday,Spiral Staircase,,00:00:00,02:52.7,,
9528,Island Of Dreams,Springfields,,00:00:00,02:37.0,1962,
9529,The Girl From Ipanema,Stan Getz And Joao Gilberto,,00:00:00,02:44.2,,
9530,My Cherie Amour,Stevie Wonder,,00:00:00,02:49.1,1969,
9531,I Was Made To Love Her,Stevie Wonder,,00:00:00,02:33.9,1967,
9532,Tears On Her Bridal Bouquet,Stonewall Jackson,,00:00:00,02:29.0,,
9533,I Wanna Be Your Dog,Stooges,,00:00:00,03:10.5,1970,
9534,Stop In The Name Of Love,Supremes,,00:00:00,02:50.6,,
9535,Stoned Love,Supremes,,00:00:00,02:54.2,1969,
9536,Even The Bad Times Are Good,Temptations,,00:00:00,02:35.0,,
9537,Call Me) Number One,Temptations,,00:00:00,03:40.7,,
9538,Back in the U.S.S.R,The Beatles,,00:00:00,02:34.7,1968,
9539,Pitcure Book,The Kinks,,00:00:00,02:34.0,,
9540,The Return Of Django,The Upsetters,,00:00:00,02:31.5,,
9541,Here Comes The Night,Them,,00:00:00,02:45.3,1965,
9542,Baby Please Don't Go,Them,,00:00:00,02:40.8,,
9543,Thunderball,Tom Jones,,00:00:00,03:03.1,,
9544,I'm Coming Home,Tom Jones,,00:00:00,03:01.6,,
9545,I'll Never Fall In Love Again,Tom Jones,,00:00:00,04:12.6,,
9546,The Folk Singer,Tommy Roe,,00:00:00,02:54.3,,
9547,Sheila,Tommy Roe,,00:00:00,02:01.1,,
9548,Flash Bang Wallop,Tommy Steele,,00:00:00,02:17.7,,
9549,The Best is Yet to Come,Tony Bennett,,00:00:00,02:27.8,,
9550,I Left My Heart In) San Francisco,Tony Bennett,,00:00:00,02:52.4,1990,
9551,Autumn Leaves,Tony Bennett,,00:00:00,01:57.6,,
9552,If I Were A Rich Man,Topol,,00:00:00,03:46.1,1967,
9553,Telstar,Tornadoes,,00:00:00,03:12.3,,
9554,Silence Is Golden,Tremeloes,,00:00:00,03:07.9,1982,
9555,With A Girl Like You,Troggs,,00:00:00,02:06.0,,
9556,I Can't Control Myself,Troggs,,00:00:00,03:00.0,,
9557,Elenore,Turtles,,00:00:00,02:28.8,1968,
9558,What Would I Be,Val Doonican,,00:00:00,02:35.4,,
9559,Walk Tall,Val Doonican,,00:00:00,02:34.8,,
9560,Delaneys Donkey,Val Doonican,,00:00:00,02:45.0,1964,
9561,Hitchin' A Ride,Vanity Fare,,00:00:00,03:04.3,,
9562,Early In The Morning,Vanity Fare,,00:00:00,02:46.2,,
9563,It Must Be Him,Vikki Carr,,00:00:00,02:45.6,,
9564,Edelweiss,Vince Hill,,00:00:00,03:03.2,,
9565,No Regrets,Walker Brothers,,00:00:00,05:34.6,,
9566,My Ship Is Coming In,Walker Brothers,,00:00:00,02:54.5,1965,
9567,Make It Easy On Yourself,Walker Brothers,,00:00:00,03:12.5,1965,
9568,First Love Never Dies,Walker Brothers,,00:00:00,03:36.0,,
9569,Game Of Love,Wayne Fontana And The Mindbenders,,00:00:00,02:06.6,,
9570,I Was Kaiser Bill's Batman,Whistling Jack Smith,,00:00:00,02:19.4,1967,
9571,Shapes Of Things,Yardbirds,,00:00:00,02:23.5,,
9572,Groovin',Young Rascals,,00:00:00,02:21.0,1967,
9573,Good Lovin',Young Rascals,,00:00:00,02:29.8,,
9600,Art For Art's Sake,10CC,,00:00:00,04:17.0,,
9601,Donna,10CC,,00:00:00,02:53.3,,
9602,Good Morning Judge,10CC,,00:00:00,02:50.3,,
9603,I'm Not In Love,10CC,,00:00:00,05:46.3,1975,
9604,The Things We Do For Love,10CC,,00:00:00,03:18.2,1976,
9605,The Wall Street Shuffle,10CC,,00:00:00,03:49.8,1974,
9606,Angel Eyes,Abba,,00:00:00,04:17.0,,
9607,Chiquitita,Abba,,00:00:00,05:14.2,1979,
9608,Does Your Mother Know,Abba,,00:00:00,03:15.1,1979,
9609,I Do I Do I Do I Do I Do,Abba,,00:00:00,03:13.6,,
9610,S.O.S.,Abba,,00:00:00,03:20.3,1975,
9611,The Name Of The Game,Abba,,00:00:00,03:59.0,,
9612,Voulez Vous,Abba,,00:00:00,04:21.7,1979,
9613,Live Wire,ACDC,,00:00:00,05:42.8,,
9614,How Long,Ace,,00:00:00,03:21.5,,
9615,Dream On,Aerosmith,,00:00:00,04:18.9,,
9616,How Can You Mend A Broken Heart,Al Green,,00:00:00,06:17.8,,
9617,Breakdown,Alan Parsons Project,,00:00:00,03:49.9,1977,
9618,Oh Lori,Alessi,,00:00:00,03:15.0,1976,
9619,Jealous Mind,Alvin Stardust,,00:00:00,02:35.8,1973,
9620,Tin Man,America,,00:00:00,03:26.3,,
9621,Can't Help Falling In Love,Andy Williams,,00:00:00,03:10.4,1970,
9622,Days Of Wine And Roses,Andy Williams,,00:00:00,02:47.7,,
9623,Where Do I Begin) Love Story,Andy Williams,,00:00:00,03:09.2,,
9624,Snowbird,Anne Murray,,00:00:00,02:09.5,,
9625,You Needed Me,Anne Murray,,00:00:00,03:35.1,1978,
9626,Spanish Harlem,Aretha Franklin,,00:00:00,03:27.0,1971,
9627,Until You Come Back To Me (That's What I'm Gonna D,Aretha Franklin,,00:00:00,03:22.1,,
9628,Bright Eyes,Art Garfunkel,,00:00:00,03:57.7,1978,
9629,Hey Won't You Play) Another Somebody Done Somebody,B J Thomas,,00:00:00,03:22.0,,
9630,Raindrops Keep Falling On My Head,B J Thomas,,00:00:00,02:58.8,,
9631,Can't Get Enough,Bad Company,,00:00:00,04:09.6,1970,
9632,Answer Me,Barbara Dickson,,00:00:00,02:57.7,1975,
9633,You Don't Bring Me Flowers,Barbra Streisand And Neil Diamond,,00:00:00,03:21.2,1978,
9634,Dancing) On A Saturday Night,Barry Blue,,00:00:00,03:13.9,1989,
9635,One Voice,Barry Manilow,,00:00:00,03:00.1,,
9636,I'm Gonna Love You Just A Little Bit More Baby,Barry White,,00:00:00,03:54.9,,
9637,Just The Way You Are,Barry White,,00:00:00,04:47.0,1975,
9638,Ships In The Night,Be Bop Deluxe,,00:00:00,04:00.3,1976,
9639,Across The Universe,Beatles,,00:00:00,03:44.6,1980,
9640,Too Much Heaven,Bee Gees,,00:00:00,04:54.0,,
9641,You Should Be Dancing,Bee Gees,,00:00:00,04:13.3,1976,
9642,If I Said You Had A Beautiful Body Would You Hold,Bellamy Brothers,,00:00:00,03:15.7,,
9643,Blanket On The Ground,Billie Jo Spears,,00:00:00,03:30.9,1975,
9644,What I've Got In Mind,Billie Jo Spears,,00:00:00,02:42.5,,
9645,With You I'm Born Again,Billy Preston And Syreeta,,00:00:00,03:12.0,1979,
9646,Banner Man,Blue Mink,,00:00:00,03:23.5,1971,
9647,Hooked On A Feeling,Blue Swede,,00:00:00,02:51.5,1973,
9648,Young Gifted and Black,Bob And Marcia,,00:00:00,03:00.0,1970,
9649,Knockin On Heaven's Door,Bob Dylan,,00:00:00,02:29.3,1973,
9650,Summer (The First Time),Bobby Goldsboro,,00:00:00,04:31.7,1973,
9651,Rivers Of Babylon,Boney M,,00:00:00,04:15.2,,
9652,Green Onions,Booker T And The MG's,,00:00:00,02:50.7,,
9653,Rat Trap,Boomtown Rats,,00:00:00,05:06.0,1978,
9654,Angelo,Brotherhood Of Man,,00:00:00,03:19.9,,
9655,Figaro,Brotherhood Of Man,,00:00:00,02:48.3,1977,
9656,Get the Funk Out Ma Face,Brothers Johnson,,00:00:00,05:58.7,,
9657,Strawberry Letter 23,Brothers Johnson,,00:00:00,04:58.4,,
9658,What do I Get,Buzzcocks,,00:00:00,02:52.1,,
9659,Convoy,C W McCall,,00:00:00,03:41.5,,
9660,Tap Turns On The Water,C.C.S,,00:00:00,03:41.9,1971,
9661,My Coo-Ca-Choo,Alvin Stardust,,00:00:00,02:47.3,2002,
9662,Nights On Broadway,Candi Staton,,00:00:00,03:30.2,1977,
9663,Kung Fu Fighting,Carl Douglas,,00:00:00,03:12.4,,
9664,Calling Occupants Of Interplanetary Craft,Carpenters,,00:00:00,07:03.5,1977,
9665,Goodbye To Love,Carpenters,,00:00:00,03:53.9,1972,
9666,I Won't Last A Day Without You,Carpenters,,00:00:00,03:48.0,1972,
9667,Only Yesterday,Carpenters,,00:00:00,03:48.1,1975,
9668,Please Mr Postman,Carpenters,,00:00:00,02:50.7,1974,
9669,Sing,Carpenters,,00:00:00,03:13.2,1973,
9670,Yesterday Once More,Carpenters,,00:00:00,03:55.4,1973,
9671,Pilot Of The Airwaves,Charlie Dore,,00:00:00,03:43.8,1979,
9672,Have You See Her,Chi,,00:00:00,04:37.7,,
9673,It's Time For Love,Chi,,00:00:00,05:01.9,,
9674,You Don't Have To Go,Chi,,00:00:00,04:41.5,,
9675,Everybody Dance,Chic,,00:00:00,03:25.2,1978,
9676,Lonely Sky,Chris De Burgh,,00:00:00,03:16.8,,
9677,Spanish Train,Chris De Burgh,,00:00:00,04:55.8,,
9678,Fool ( If You Think It's Over ),Chris Rea,,00:00:00,04:46.4,,
9679,Patches,Clarence Carter,,00:00:00,03:09.2,,
9680,Miss You Nights,Cliff Richard,,00:00:00,03:55.2,,
9681,Co-Co,Sweet,,00:00:00,03:04.1,1971,
9682,Judy Teen,Cockney Rebel,,00:00:00,03:37.9,,
9683,Still,Commodores,,00:00:00,03:43.0,1979,
9684,Na Na Na,Cozy Powell,,00:00:00,03:25.6,,
9685,This Is It,Dan Hartman,,00:00:00,03:25.4,,
9686,All Kinds Of Everything,Dana,,00:00:00,03:01.6,,
9687,Boy From New York City,Darts,,00:00:00,02:58.2,1978,
9688,Come Back My Love,Darts,,00:00:00,02:31.0,1977,
9689,Sarah Smile,Daryl Hall And John Oates,,00:00:00,03:05.4,,
9690,Double Barrel,Dave And Ansil Collins,,00:00:00,02:27.8,,
9691,Sorrow,David Bowie,,00:00:00,02:55.2,1973,
9692,Could it Be Forever,David Cassidy,,00:00:00,03:23.4,1972,
9693,How Can I Be Sure,David Cassidy,,00:00:00,03:05.2,1972,
9694,Gonna Make You A Star,David Essex,,00:00:00,03:39.3,,
9695,Don't Give Up On Us,David Soul,,00:00:00,03:34.6,1976,
9696,Going In With My Eyes Open,David Soul,,00:00:00,03:58.1,,
9697,Silver Lady,David Soul,,00:00:00,03:40.3,1977,
9698,Knock Three Times,Dawn,,00:00:00,02:55.4,1970,
9699,Tie A Yellow Ribbon Round The Old Oak Tree,Dawn Featuring Tony Orlando,,00:00:00,03:22.0,1982,
9700,Free,Denise Williams,,00:00:00,02:37.4,,
9701,Touch Me In The Morning,Diana Ross,,00:00:00,03:23.1,1973,
9702,Stop Look Listen (To Your Heart),Diana Ross And Marvin Gaye,,00:00:00,02:49.5,,
9703,You Are Everything,Diana Ross And Marvin Gaye,,00:00:00,02:52.3,,
9704,Drift Away,Dobie Gray,,00:00:00,03:53.2,1973,
9705,I Will Always Love You,Dolly Parton,,00:00:00,03:03.1,1974,
9706,I Recall A Gypsy Woman,Don Williams,,00:00:00,03:16.4,1973,
9707,The Twelfth Of Never,Donny Osmond,,00:00:00,02:43.2,1973,
9708,Misty Blue,Dorothy Moore,,00:00:00,03:30.7,,
9709,If Not You,Dr Hook,,00:00:00,03:09.8,,
9710,Sylvias Mother,Dr Hook,,00:00:00,03:45.3,,
9711,Kissin' In The Back Row Of The Movies,Drifters,,00:00:00,03:29.4,1974,
9712,Like Sister And Brother,Drifters,,00:00:00,03:21.2,,
9713,There Goes My First Love,Drifters,,00:00:00,02:54.5,1975,
9714,Best Of My Love,Eagles,,00:00:00,04:25.6,,
9715,Heartache Tonight,Eagles,,00:00:00,04:20.0,1979,
9716,Hotel California,Eagles,,00:00:00,06:30.2,1992,
9717,Lyin' Eyes,Eagles,,00:00:00,06:21.3,,
9718,Peaceful Easy Feeling,Eagles,,00:00:00,04:14.2,,
9719,Take It Easy,Eagles,,00:00:00,03:32.1,1972,
9720,Take It To The Limit,Eagles,,00:00:00,04:47.0,1975,
9721,Tequila Sunrise,Eagles,,00:00:00,02:52.0,,
9722,After The Love Has Gone,Earth Wind And Fire,,00:00:00,04:29.9,1979,
9723,Fantasy,Earth Wind And Fire,,00:00:00,04:34.0,1978,
9724,Two Tickets To Paradise,Eddie Money,,00:00:00,03:56.2,,
9725,Happy Radio,Edwin Starr,,00:00:00,03:22.8,,
9726,Evil Woman,Electric Light Orchestra,,00:00:00,04:13.8,1975,
9727,Showdown,Electric Light Orchestra,,00:00:00,04:07.5,,
9728,Don't Bring Me Down,Electric Light Orchestra,,00:00:00,04:03.3,1979,
9729,Shine A Little Love,Electric Light Orchestra,,00:00:00,04:10.1,1979,
9730,Sweet Talkin' Woman,Electric Light Orchestra,,00:00:00,03:24.1,,
9731,Heaven Must Have Sent You,Elgins,,00:00:00,02:30.0,,
9732,Don't Cry Out Loud,Elkie Brooks,,00:00:00,03:43.7,1978,
9733,Pearl's A Singer,Elkie Brooks,,00:00:00,03:37.5,1977,
9734,Sunshine After The Rain,Elkie Brooks,,00:00:00,03:22.4,1977,
9735,Bennie And The Jets,Elton John,,00:00:00,05:23.1,1973,
9736,Candle In The Wind,Elton John,,00:00:00,03:48.0,1974,
9737,Song For Guy,Elton John,,00:00:00,04:53.4,1978,
9738,I Dont Want to Go To Chelsea,Elvis Costello & The Attractions,,00:00:00,03:09.1,,
9739,Watching The Detectives,Elvis Costello & The Attractions,,00:00:00,03:44.3,1978,
9740,Always On My Mind,Elvis Presley,,00:00:00,03:25.2,1985,
9741,Don't Be Cruel (To A Heart That's True),Elvis Presley,,00:00:00,02:02.8,,
9742,Way Down,Elvis Presley,,00:00:00,02:35.3,,
9743,Here There And Everywhere,Emmylou Harris,,00:00:00,03:42.0,,
9744,I'd Really Love To See You Tonight,England Dan And John Ford Coley,,00:00:00,02:36.9,1976,
9745,I Shot The Sheriff,Eric Clapton,,00:00:00,04:17.3,1974,Fade
9746,Kiss You All Over,Exile,,00:00:00,03:28.6,1978,
9747,Cindy Incidentally,Faces,,00:00:00,02:36.6,1973,
9748,It's Four In The Morning,Faron Young,,00:00:00,02:46.4,,
9749,Good Old,Fashioned Lover Boy,,00:00:00,02:54.6,,
9750,Wedding Bell Blues,Fifth Dimension,,00:00:00,02:42.7,1969,
9751,Beach Baby,First Class,,00:00:00,04:47.1,,
9752,Float On,Floaters,,00:00:00,05:51.6,,
9753,A Bunch Of Thyme,Foster And Allen,,00:00:00,03:52.1,,
9754,Silver Star,Four Seasons,,00:00:00,04:00.7,,
9755,It's All In The Game,Four Tops,,00:00:00,02:42.3,,
9756,Darlin',Frankie Miller,,00:00:00,03:05.1,,
9757,My Eyes Adored You,Frankie Valli,,00:00:00,03:26.1,1974,
9758,Wishing Well,Free,,00:00:00,03:32.4,1972,
9759,Breakaway,Gallagher And Lyle,,00:00:00,04:01.7,1976,
9760,Heart On My Sleeve,Gallagher And Lyle,,00:00:00,02:56.7,1976,
9761,I Wanna Stay With You,Gallagher And Lyle,,00:00:00,02:57.0,1976,
9762,Nature Boy,George Benson,,00:00:00,04:19.6,,
9763,The Greatest Love Of All,Geroge Benson,,00:00:00,05:34.0,,
9764,Please Sing A Song For Us,Gerry Rafety,,00:00:00,02:43.7,,
9765,Clair,Gilbert O'Sullivan,,00:00:00,02:59.9,,
9766,Get Down,Gilbert O'Sullivan,,00:00:00,02:35.0,,
9767,Best Thing That Ever Happened To Me,Gladys Knight And The Pips,,00:00:00,03:41.7,,
9768,It's Only Make Believe,Glen Campbell,,00:00:00,02:25.3,1970,
9769,Satisfaction Guaranteed (Or Take Your Love Back),Harold Melvin And The Bluenotes,,00:00:00,03:05.0,,
9770,Always And Forever,Heatwave,,00:00:00,06:15.0,1992,
9771,Mind Blowing Decisions,Heatwave,,00:00:00,04:15.5,1977,
9772,Just Like Eddie,Heinz,,00:00:00,02:34.0,,
9773,Angie Baby,Helen Reddy,,00:00:00,03:24.4,,
9774,New York Groove,Hello,,00:00:00,02:36.3,,
9775,Tell Him,Hello,,00:00:00,03:05.2,,
9776,The Air That I Breathe,Hollies,,00:00:00,04:03.0,1974,
9777,Black Pearl,Horace Faith,,00:00:00,02:29.7,1970,
9778,Emma,Hot Chocolate,,00:00:00,03:49.7,,
9779,New Song,Howard Jones,,00:00:00,04:10.7,,
9780,Oh Babe What Would You Say,Hurricane Smith,,00:00:00,03:27.4,1972,
9781,Harvest For the World,Isley Brothers,,00:00:00,03:54.6,1976,
9782,Dancing Machine,Jackson 5,,00:00:00,02:36.7,,
9783,I'll Be There,Jackson 5,,00:00:00,03:56.7,,
9784,Never Can Say Goodbye,Jackson 5,,00:00:00,02:56.2,,
9785,Shake Your Body (Down To The Ground),Jacksons,,00:00:00,03:42.9,1978,
9786,Show You The Way To Go,Jacksons,,00:00:00,03:24.1,,
9787,In The City,Jam,,00:00:00,02:17.7,1977,
9788,Fire & Rain,James Taylor,,00:00:00,03:20.0,1970,
9789,How Sweet It Is (To Be Loved by You),James Taylor,,00:00:00,03:34.6,,
9790,You Got a Friend,James Taylor,,00:00:00,04:26.1,1971,
9791,Silly Games,Janet Kay,,00:00:00,03:48.0,1979,
9792,Satin Sheets,Jeanne Pruett,,00:00:00,03:18.6,,
9793,Dallas,Jerrold Immel,,00:00:00,02:40.8,,
9794,Sky High,Jigsaw,,00:00:00,02:42.5,,
9795,Love Hurts,Jim Capaldi,,00:00:00,03:09.1,1975,
9796,Time In A Bottle,Jim Croce,,00:00:00,02:21.8,,
9797,Voodoo Chile,Jimi Hendrix Experience,,00:00:00,04:23.3,,
9798,Now Is The Time,Jimmy James And The Vagabonds,,00:00:00,03:28.1,,
9799,Farewell Is A Lonely Sound,Jimmy Ruffin,,00:00:00,02:57.4,,
9800,I'll Say Forever My Love,Jimmy Ruffin,,00:00:00,02:55.7,,
9801,It's Wonderful (To Be Loved By You),Jimmy Ruffin,,00:00:00,02:41.8,,
9802,Love And Affection,Joan Armatrading,,00:00:00,04:23.9,1976,
9803,You Are So Beautiful,Joe Cocker,,00:00:00,02:37.7,,
9804,Lady in Blue,Joe Dolan,,00:00:00,03:03.6,,
9805,Like A Sad Song,John Denver,,00:00:00,04:03.6,,
9806,Fly Away,John Denver With Olivia Newton,,00:00:00,04:08.5,,
9807,He's Gonna Step On You Again,John Kongos,,00:00:00,04:18.5,,
9808,Music,John Miles,,00:00:00,05:50.3,,
9809,You're The One That I Want,John Travolta And Olivia Newton,,00:00:00,02:48.6,1978,
9810,Cavatina,John Williams,,00:00:00,03:10.2,,
9811,Hang On In There Baby,Johnny Bristol,,00:00:00,03:50.2,,
9812,A Thing Called Love,Johnny Cash,,00:00:00,02:31.9,1972,
9813,Riders In The Sky,Johnny Cash,,00:00:00,03:42.8,1979,
9814,Tears On My Pillow,Johnny Nash,,00:00:00,03:13.0,1975,
9815,Sunshine,Jonathan Edwards,,00:00:00,02:07.8,,
9816,Send In The Clowns,Judy Collins,,00:00:00,04:03.9,1975,
9817,Don't Cry For Me Argentina,Julie Covington,,00:00:00,05:25.6,1976,
9818,Hallelujah Freedom,Junior Campbell,,00:00:00,03:52.9,1972,
9819,Forever Autumn,Justin Hayward,,00:00:00,04:06.4,1984,
9820,Blue Guitar,Justin Hayward And John Lodge,,00:00:00,03:35.8,,
9821,Man With The Child In His Eyes,Kate Bush,,00:00:00,02:38.1,1978,
9822,Get Down Tonight,KC And The Sunshine Band,,00:00:00,03:06.8,1975,
9823,Everything I Own,Ken Boothe,,00:00:00,03:04.6,1974,Fade
9824,The Bump,Kenny,,00:00:00,02:32.1,1974,
9825,Lucille,Kenny Rogers,,00:00:00,03:39.8,,
9826,Ruby Don't Take Your Love To Town,Kenny Rogers,,00:00:00,02:48.9,,
9827,Dreams are Ten a Penny,Kincade,,00:00:00,02:36.4,,
9828,Dancing In The Moonlight,King Harvest,,00:00:00,02:51.6,1972,
9829,Apeman,Kinks,,00:00:00,03:49.2,1970,
9830,Jungle Boogie,Kool & The Gang,,00:00.9,03:02.1,,
9831,Good Times Bad Times,Led Zeppelin,,00:00:00,02:45.0,1969,
9832,I Was Made For Dancin',Leif Garrett,,00:00:00,03:10.7,1978,
9833,Lucky Number,Lena Lovich,,00:00:00,02:46.2,,
9834,Moonlighting,Leo Sayer,,00:00:00,04:05.6,1975,
9835,Mouldy Old Dough,Lieutenant Pigeon,,00:00:00,02:42.7,,
9836,You Can Do Magic,Limmie And The Family Cookin',,00:00:00,02:58.0,1972,
9837,I'd Love You To Want Me,Lobo,,00:00:00,03:55.5,1972,
9838,Me And You And A Dog Named Boo,Lobo,,00:00:00,02:54.0,,
9839,You'll Never Find Another Love Like Mine,Lou Rawls,,00:00:00,03:25.9,1976,
9840,Caroline Says,Lou Reed,,00:00:00,03:57.2,,
9841,It May Be Winter Outside (But In My Heart It's Spr,Love Unlimited,,00:00:00,03:06.3,,
9842,The Man With The Golden Gun,Lulu,,00:00:00,02:35.5,,
9843,Sugar Candy Kisses,Mac And Katie Kissoon,,00:00:00,03:18.0,1974,
9844,In The City,Madness,,00:00:00,02:58.2,1982,
9845,Blinded By The Light,Manfred Mann's Earth Band,,00:00:00,03:43.4,1976,
9846,Chanson D'Amour,Manhattan Transfer,,00:00:00,02:56.4,,
9847,Kiss And Say Goodbye,Manhattans,,00:00:00,04:26.2,,
9848,Midnight At The Oasis,Maria Muldaur,,00:00:00,03:40.2,,
9849,Dancing In The City,Marshall Hain,,00:00:00,03:21.1,1978,
9850,Abraham Martin And John,Marvin Gaye,,00:00:00,00:04:16,1969,
9851,Torn Between Two Lovers,Mary MacGregor,,00:00:00,03:35.6,1976,
9852,Woodstock,Matthews Southern Comfort,,00:00:00,04:27.2,,
9853,The Morning After,Maureen McGovern,,00:00:00,02:17.3,1973,
9854,Wild World,Maxi Priest,,00:00:00,03:23.9,,
9855,Paradise By The Dashboard Light,Meat Loaf,,00:00:00,08:27.7,1977,
9856,One And One Is One,Medicine Head,,00:00:00,03:21.5,,
9857,Ben,Michael Jackson,,00:00:00,02:44.5,1972,
9858,Got To Be There,Michael Jackson,,00:00:00,03:20.6,1972,
9859,Off The Wall,Michael Jackson,,00:00:00,03:48.6,1982,
9860,Chirpy Chirpy Cheep Cheep,Middle Of The Road,,00:00:00,02:56.0,1971,
9861,Love Machine,Miracles,,00:00:00,02:48.8,,
9862,The Pushbike Song,Mixtures,,00:00:00,02:30.8,1970,
9863,Positive Thinking,Morecambe & Wise,,00:00:00,02:28.7,,
9864,Bring Me Sunshine,Morecambe And Wise,,00:00:00,01:50.6,1969,
9865,Roll Away the Stone,Mott The Hoople,,00:00:00,03:06.3,1973,
9866,Groovin' With Mr Bloe,Mr Bloe,,00:00:00,02:40.8,,
9867,The Cat Crept In,Mud,,00:00:00,03:58.7,1974,
9868,Alright Alright Alright,Mungo Jerry,,00:00:00,02:45.7,1973,
9869,Lady Rose,Mungo Jerry,,00:00:00,03:08.5,1971,
9870,Cracklin Rosie,Neil Diamond,,00:00:00,02:54.9,1970,
9871,Forever in Blue Jeans,Neil Diamond,,00:00:00,03:39.1,1978,
9872,Love On The Rocks,Neil Diamond,,00:00:00,03:38.3,1980,
9873,Sweet Caroline,Neil Diamond,,00:00:00,04:24.7,1980,
9874,Laughter In The Rain,Neil Sedaka,,00:00:00,02:44.7,1974,
9875,"My My, Hey Hey",Neil Young,,00:00:00,03:50.8,,
9876,Circles,New Seekers,,00:00:00,03:36.5,,
9877,I Get A Little Sentimental Over You,New Seekers,,00:00:00,02:55.6,,
9878,Never Ending Song Of Love,New Seekers,,00:00:00,03:09.3,1971,
9879,Tom Tom Turnaround,New World,,00:00:00,03:18.2,1971,
9880,For The Love Of Money,O'Jays,,00:00:00,03:43.5,,
9881,Let Me In,Osmonds,,00:00:00,03:39.1,1973,
9882,The Proud One,Osmonds,,00:00:00,02:56.1,,
9883,are you ready,Pacific Gas & Electric,,00:00:00,05:51.7,,
9884,Staggolee,Pacific Gas & Electric,,00:00:00,03:48.3,,
9885,Because The Night,Patti Smith Group,,00:00:00,03:23.3,,
9886,You're) Having My Baby,Paul Anka Featuring Odia Coates,,00:00:00,02:30.0,,
9887,Mother And Child Reunion,Paul Simon,,00:00:00,02:39.1,1972,
9888,And I Love You So,Perry Como,,00:00:00,03:17.4,1944,
9889,Solsbury Hill,Peter Gabriel,,00:00:00,04:20.2,1977,
9890,Gee Baby,Peter Shelley,,00:00:00,02:52.1,,
9891,Love Me Love My Dog,Peter Shelley,,00:00:00,03:45.0,1975,
9892,You're A Lady,Peter Skellern,,00:00:00,04:32.4,,
9893,Don't Stay Away Too Long,Peters And Lee,,00:00:00,03:34.2,,
9894,That Same Old Feeling,Pickettywitch,,00:00:00,03:03.3,1970,
9895,Comfortably Numb,Pink Floyd,,00:00:00,06:24.1,1980,
9896,Mississippi,Pussycat,,00:00:00,04:31.7,,
9897,Fat Bottomed Girls,Queen,,00:00:00,03:18.7,,
9898,Love of My Life,Queen,,00:00:00,03:32.8,1979,
9899,You're my Best Friend,Queen,,00:00:00,02:52.2,1976,
9900,We Do It,R And J Stone,,00:00:00,03:19.3,,
9901,Indiana Wants Me,R Dean Taylor,,00:00:00,03:46.8,,
9902,Streets Of London,Ralph McTell,,00:00:00,04:24.7,1975,
9903,Uptown Uptempo Woman,Randy Edelman,,00:00:00,03:53.6,1976,
9904,The Streak,Ray Stevens,,00:00:00,03:19.5,1973,
9905,It Don't Come Easy,Ringo Starr,,00:00:00,03:01.5,,
9906,We're All Alone,Rita Coolidge,,00:00:00,03:34.6,1977,
9907,"Bad Case Of Loving You (Doctor, Doctor)",Robert Palmer,,00:00:00,03:09.1,,
9908,Where Is The Love,Roberta Flack And Donny Hathaway,,00:00:00,02:42.1,1972,
9909,I Don't Want To Talk About It,Rod Stewart,,00:00:00,04:49.8,1977,
9910,You're In My Heart,Rod Stewart,,00:00:00,04:28.3,1977,
9911,I Don't Believe In If Anymore,Roger Whittaker,,00:00:00,03:18.0,,
9912,Angie,Rolling Stones,,00:00:00,04:32.0,,
9913,Fool To Cry,Rolling Stones,,00:00:00,04:07.9,,
9914,Have You Seen My Baby,Rolling Stones,,00:00:00,02:36.9,1966,
9915,Love Don't Live Here Anymore,Rose Royce,,00:00:00,03:51.5,1978,
9916,Wishing On A Star,Rose Royce,,00:00:00,03:55.9,,
9917,Dance Away,Roxy Music,,00:00:00,03:40.5,1979,
9918,Juke Box Jive,Rubettes,,00:00:00,02:56.8,1974,
9919,Sugar Baby Love,Rubettes,,00:00:00,03:27.7,1974,
9920,Tonight,Rubettes,,00:00:00,03:40.9,1974,
9921,A Glass Of Champagne,Sailor,,00:00:00,02:38.7,1975,
9922,Girls Girls Girls,Sailor,,00:00:00,02:51.2,,
9923,Emotion,Samantha Sang,,00:00:00,03:37.3,1977,
9924,The Candy Man,Sammy Davis Jr,,00:00:00,03:10.5,,
9925,Black Magic Woman,Santana,,00:00:00,05:21.7,1992,
9926,Shame Shame Shame,Shirley And Company,,00:00:00,05:07.0,,
9927,For All We Know,Shirley Bassey,,00:00:00,02:40.3,,
9928,Moonraker,Shirley Bassey,,00:00:00,03:09.9,,
9929,Something,Shirley Bassey,,00:00:00,03:33.4,,
9930,Diamonds Are Forever,Shirley Bassy,,00:00:00,02:21.9,,
9931,Frankie,Sister Sledge,,00:00:00,03:49.5,1985,
9932,Bangin' Man,Slade,,00:00:00,04:07.9,1974,
9933,Far Far Away,Slade,,00:00:00,03:33.6,1974,
9934,Skweeze Me Pleeze Me,Slade,,00:00:00,04:21.5,1973,
9935,If You Think You Know How To Love Me,Smokie,,00:00:00,03:23.3,1975,
9936,Living Next Door To Alice,Smokie,,00:00:00,03:24.7,,
9937,All Around My Hat,Steeleye Span,,00:00:00,02:57.8,1975,
9938,Never Had A Dream Come True,Stevie Wonder,,00:00:00,03:05.2,,
9939,You Are The Sunshine Of My Life,Stevie Wonder,,00:00:00,02:54.3,1972,
9940,Part Of The Union,Strawbs,,00:00:00,02:54.3,1973,
9941,Betcha By Golly Wow,Stylistics,,00:00:00,03:41.3,,
9942,Can't Give You Anything (But My Love),Stylistics,,00:00:00,03:09.8,1975,
9943,Sing Baby Sing,Stylistics,,00:00:00,02:49.2,,
9944,Come Sail Away,Styx,,00:00:00,05:56.1,,
9945,Rapper's Delight,Sugarhill Gang,,00:00:00,03:59.2,1979,
9946,Goodbye Stranger,Supertramp,,00:00:00,05:48.1,1979,
9947,Stoned Love,Supremes,,00:00:00,03:20.5,,
9948,River Deep Mountain High,Supremes And The Four Tops,,00:00:00,03:04.7,,
9949,Arms Of Mary,Sutherland Brothers And Quiver,,00:00:00,02:35.1,1976,
9950,Can The Can,Suzi Quatro,,00:00:00,03:31.9,1973,
9951,Blockbuster,Sweet,,00:27.9,03:11.2,1989,
9952,Little Willy,Sweet,,00:00:00,03:10.7,,
9953,Love Is Like Oxygen,Sweet,,00:00:00,03:22.2,,
9954,The Ballroom Blitz,Sweet,,00:00:00,04:01.0,,
9955,Sad Sweet Dreamer,Sweet Sensation,,00:00:00,03:20.5,,
9956,20th Century Boy,T Rex,,00:00:00,03:09.2,1973,
9957,Children Of The Revolution,T Rex,,00:00:00,02:29.4,,
9958,Get It On,T Rex,,00:00:00,04:23.4,1971,
9959,Hot Love,T Rex,,00:00:00,04:48.7,1971,
9960,I Love To Boogie,T Rex,,00:00:00,02:09.9,1976,
9961,Jeepster,T Rex,,00:00:00,04:09.7,1971,
9962,Metal Guru,T Rex,,00:00:00,02:24.6,1972,
9963,Ride A White Swan,T Rex,,00:00:00,02:10.7,1970,
9964,Solid Gold Easy Action,T Rex,,00:00:00,02:15.7,,
9965,Telegram Sam,T Rex,,00:00:00,03:44.5,,
9966,Divorce,Tammy Wynette,,00:00:00,02:59.3,,
9967,Stand By Your Man,Tammy Wynette,,00:00:00,02:40.7,1969,
9968,Don't Take Away The Music,Tavares,,00:00:00,04:04.1,,
9969,If,Telly Savalas,,00:00:00,03:07.1,,
9970,Papa Was A Rolling Stone,Temptations,,00:00:00,05:08.9,,
9971,Seasons In The Sun,Terry Jacks,,00:00:00,03:12.9,1973,
9972,Long Cool Woman in a Black Dress,The Hollies,,00:00:00,03:15.0,1971,
9973,"Another Girl, Another Planet",The Only Ones,,00:00:00,03:00.1,,
9974,Sarah,Thin Lizzy,,00:00:00,03:23.4,1979,
9975,The Boys Are Back In Town,Thin Lizzy,,00:00:00,04:22.0,1976,
9976,Whiskey in the Jar,Thin Lizzy,,00:00:00,03:40.7,1983,
9977,Now That We’ve Found Love,Third World,,00:00:00,03:45.7,1978,
9978,Woman In Love,Three Degrees,,00:00:00,04:10.7,1979,
9979,Dr Love,Tina Charles,,00:00:00,02:59.7,,
9980,Daughter Of Darkness,Tom Jones,,00:00:00,03:16.4,1970,
9981,Hold Back The Night,Trammps,,00:00:00,03:42.6,,
9982,Me And My Life,Tremeloes,,00:00:00,03:14.7,,
9983,Ms Grace,Tymes,,00:00:00,02:49.6,1974,
9984,The Shuffle,Van McCoy,,00:00:00,04:14.0,,
9985,Come What May,Vicky Leandross,,00:00:00,03:32.9,,
9986,Look Around,Vince Hill,,00:00:00,03:24.4,,
9987,Gonna Get Along Without You Now,Viola Wills,,00:00:00,02:56.0,1979,
9988,Ooh Wakka Doo Wakka Day,Gilbert O'Sulivan,,00:00:00,02:44.8,,
9989,Wig Wam Bam,Sweet,,00:00:00,03:00.9,,
9990,Julie Do Ya Love Me,White Plains,,00:00:00,02:28.8,,
9991,My Baby Loves Lovin',White Plains,,00:00:00,02:44.8,,
9992,Wont Get Fooled Again,Who,,00:00:00,09:49.4,,
9993,Let 'Em In,Wings,,00:00:00,04:47.7,1976,
9994,Mull Of Kintyre,Wings,,00:00:00,04:42.7,1977,
9995,Silly Love Songs,Wings,,00:00:00,05:49.7,1976,
9996,Angel Fingers,Wizzard,,00:00:00,04:30.6,1973,
9997,Combine Harvester,Wurzels,,00:00:00,02:51.1,1976,
9998,Love Me,Yvonne Elliman,,00:00:00,03:18.0,1976,
10001,Happiness In Liquid Form,Alfie Templeman,,00:06.4,03:29.5,2020,
10002,Dress,Charlotte Sands,,00:00:00,02:21.8,,End
10003,Get Out My Head,Shane Cod,,00:00:00,03:22.0,,End
10004,Watch Your Step,Disclouse & Kelis,,00:14.6,03:46.4,,End
10005,Opus,Eric Prydz,,00:11.0,03:10.6,2015,End
10006,Let Me ReIntroduce Myself,Gwen Stefani,,00:13.8,03:04.2,,End
10007,Treat People With Kindness,Harry Styles,,00:00:00,03:10.9,,End
10008,Somebody,Justin Bieber,,00:11.0,00:02:56,,
10009,Headstart,Jade Bird,,00:00:00,02:12.7,2020,End
10010,Real Groove,Kylie Minogue,,00:07.8,03:09.6,2021,End
10011,Regardless,Rudimental & RAYE,,00:14.0,03:12.3,,End
10012,Into You,Mel C,,00:01.1,02:36.0,,End
10013,Love Is Back,Celeste,,00:08.5,04:07.3,,Fade
10014,Waiting On A War,Foo Fighters,,00:01.3,04:10.9,,End
10015,Black Hole,Griff,,00:03.3,03:13.2,,End
10016,Weekend Vibe,Jubel,,00:00:00,02:42.2,,End
10017,La La Love Me,Lola Lennox,,00:04.2,03:01.6,,Slow
10018,Lets Go Home Together,Ella Henderson & Tom Grennan,,00:01.2,03:25.8,2021,End
10019,Drivers License (Clean),Olivia Rodrigo,,00:00:00,03:49.0,2021,Fade
10020,Easy,Pale Waves,,00:04.3,02:50.3,,End
10021,Typhoons,Royal Blood,,00:06.9,03:41.4,2021,End
10022,To The Beat Of My Heart,Steps,,00:07.4,03:04.3,,End
10023,Everything Waiting For You,Tom Speight,,00:14.9,03:19.3,,
10024,Just One Kiss,Imelda May & Noel Gallager,,00:00:00,03:18.9,,End
10025,All You Ever Wanted,Rag N Bone Man,,00:04.6,03:02.3,2021,End
10026,Fall to Pieces,Pale Waves,,00:08.3,02:43.2,,End
10027,Good,MistaJam & KellieLeigh,,00:01.4,02:51.3,,End
10028,Were Good,Dua Lipa,,00:04.5,02:40.1,,End
10029,Deep End,Iraina Manini,,00:14.2,03:28.3,,Fade
10030,Little Bit Of love,Tom Grennan,,00:00:00,03:40.9,,End
10031,Beautiful Mistakes,Maroon 5 & Megan Thee Stallion,,00:09.2,03:42.8,2021,End
10032,Leave A Little Love,Alesso,,00:00:00,03:02.4,,
10033,Everybody's Gonna Love Somebody,Alfie Templeman,,00:08.4,03:12.1,,End
10034,Sacrifice,Bebe Rexha,,00:00.9,02:28.4,,Fade
10035,Last Time,Becky Hill,,00:06.8,03:29.4,,End
10036,Sunset,Demi Lovato,,00:00:00,03:58.7,,Slow
10037,Monster,Paloma Faith,,00:06.5,03:07.5,,End
10038,Shade Of Yellow,Griff,,00:04.6,02:36.1,,End
10039,Heat,Paul Woolford,,00:00:00,03:01.7,,
10040,Tumbling Dice,Linda Ronstadt,,00:10.7,02:49.9,2007,Fade
10041,In the Stars,The Rolling Stones,,00:21.3,04:10.0,2026,
10042,Long Shot Kick de Bucket,The Pioneers,,00:30.4,02:41.8,2010,Fade
10043,Last Night,The Mar-Keys,,00:04.1,02:30.5,2016,Fade
10045,Limbo,Royal Blood,,00:14.9,04:38.6,,
10046,Feels,Jax Jones,,00:00:00,02:27.4,,End
10047,Wait I Lied,Alfie Templeman,,00:00:00,03:11.7,,End
10048,Friday,Riton,,00:00:00,02:39.5,,
10049,Big,Rita Ora,,00:07.1,02:32.4,,End
10050,Break My Heart Myself,Bebe Rexha,,00:08.5,02:26.8,,
10051,Lonely Hearts,Ivory Lane,,00:04.4,03:15.6,,Fade
10052,Please,Jessie Ware,,00:18.8,03:37.8,2021,End
10053,Dance Floor Darling,Kylie Minogue,,00:08.6,03:09.6,,End
10054,Wherever You Go,Lola Lennox,,00:02.9,03:08.8,,Slow
10055,Good Without,Mini Webb,,00:03.9,02:57.2,,
10056,Cloudy Day,Tones and I,,00:01.9,03:02.5,,
10057,Dover Beach,Baby Queen,,00:11.3,03:27.1,,
10058,Tonight Tonight,Celeste,,00:00:00,03:32.1,,End
10059,Kiss Me More,Doja Cat,,00:07.2,03:27.5,,Fade
10060,Green Grass,Ellie Dixon,,00:00:00,03:03.1,,End
10061,One Foot In Front of The Other,Griff,,00:06.2,03:08.6,2021,
10062,Weird,YUNGBLUD,,00:10.2,02:58.9,,Fade
10063,Cold Light,KC Lights,,00:04.6,00:02:56,2021,End
10064,Heartbreak Anthem,Little Mix Feat. David Guetta,,00:05.2,02:58.5,,End
10065,Deja Vu,Olivia Rodrigo,,00:00:00,03:32.7,2021,End
10066,Higher Power,Coldplay,,00:12.0,03:21.9,2021,End
10067,Pick Me Up,Sam Fischer,,00:00:00,02:51.2,,
10068,Starstruck,Years & Years,,00:00:00,03:21.9,,
10069,Happy,Sports Team,,00:05.2,00:02:22,,
10070,Missing Piece,Vance Joy,,00:03.9,03:28.6,,Slow
10071,Distored Light Beam,Bastille,,00:07.7,02:53.5,,End
10072,By Your Side (Feat Tom Grennan),Calvin Harris,,00:00:00,03:06.6,,End
10073,Bad Habits,Ed Sheeran,,00:10.4,03:46.2,2021,End
10074,Shy Away,Twenty One Pilots,,00:07.1,02:50.4,,
10075,Butter,BTS,,00:04.0,02:41.7,2021,End
10076,I Want Love,Jessie J,,00:00:00,03:14.6,,End
10077,Holiday,KSI,,00:10.6,03:12.9,2021,End
10078,Solar Power,Lorde,,00:00:00,03:09.3,2021,End
10079,Let Them Know,Maybel,,00:00:00,02:26.3,,End
10080,Good 4 U,Olivia Rodrigo,,00:05.3,02:56.5,2021,End
10081,Anne Marie & Niall Horan,Our Song,,00:04.2,02:37.0,,End
10082,Call On Me,Raye,,00:00:00,03:10.4,,
10083,Mirror,Sigrid,,00:08.1,02:36.0,,End
10084,Love Again,Dua Lipa,,00:08.0,03:49.7,2015,Fade
10085,Anne-Marie Feat Little Mix,Kiss My (Uh-Oh),,00:04.6,02:51.2,,End
10086,Midnight,Anthony Russo,,00:00.8,02:34.2,,End
10087,Remember,Becky Hill Feat David Guetta,,00:00.7,02:35.4,,End
10088,Permission To Dance,BTS,,00:00:00,03:04.7,2021,End
10089,Stay (Clean),Kid Laroi & Justin Bieber,,00:10.6,02:15.9,,
10090,Don't Go Yet,Camila Cabello,,00:02.5,02:37.0,2021,End
10091,Cheer Up Baby,Inhaler,,00:05.6,03:46.7,2021,Fade
10092,Black Magic,Jonasu,,00:01.0,02:50.1,2019,End
10093,Take It Home,Mabel,,00:05.2,02:45.0,2021,End
10094,Psycho,Maisie Peters,,00:05.3,03:01.8,2021,End
10095,Chemical,MK,,00:01.4,02:39.4,2021,End
10096,Want Need Love,Prospa,,00:33.0,03:57.9,2020,Fade
10097,Seventeen Going Under,Sam Fender,,00:11.0,03:49.2,2021,Fade
10098,Out Out,Joel Corry & Jax Jones,,00:03.3,02:38.8,,
10099,Get You Down,Sam Fender,,00:01.9,03:37.3,,Fade
10100,Shivers,Ed Sheeran,,00:11.1,00:03:24,2021,End
10101,Scarlet,Holly Humberstone,,00:02.5,03:01.0,,End
10102,24-May,"Mini Webb, 5",,00:02.0,02:30.5,,End
10103,Hanging On Your Hinges,Stereophonics,,00:07.0,02:52.4,,End
10104,Save Your Tears,the Weeknd,,00:07.5,03:03.6,2019,End
10105,Montero (Clean),Lil Nas X,,00:00:00,02:08.6,,End
10106,I Wanna Be Your Slave,Maneskin,,00:00:00,02:46.6,,End
10107,Hold Me Close,Sam Feltd ft Ella Henderson,,00:00:00,03:02.4,,End
10108,Jessie J,I Want Love,,00:00:00,03:13.8,,Fade
10109,Confetti,Little Mix,,00:08.7,02:41.4,,End
10110,Honey Honey,Abba,,00:06.9,02:47.3,1974,
10111,Anywhere Away From Here,RagNBone Man ft Pink,,00:00:15,03:50.3,,End
10112,Love Tonight <David Guetta Remix>,"Shouse, David Guetta",,00:00:00,02:33.7,2021,End
10113,Goodbye,"Nathan Dawe, T.Matthias",,00:00:00,02:50.7,,End
10114,Visiting Hours,Ed Sheeran,,00:12.7,03:25.4,2021,End
10115,Love (Sweet Love),Little Mix,,00:00:02,03:35.7,2021,End
10116,Talk About,"Rain Radio, DJ Craig Gorman",,00:00:00,02:37.5,2021,End
10117,One Night,Griff,,00:03.8,02:46.0,2021,End
10118,Drive,"Clean Bandit, Topic, Wes Nelson",,00:00:08,02:55.4,2021,End
10119,If You Really Love Me (How Will I Know),"David Guetta, Mistajam, John Newman",,00:00:08,03:01.0,2021,End
10120,Take My Breath,the Weeknd,,00:00:29,03:33.1,2021,End
10121,My Universe,"Coldplay, BTS",,00:01.5,03:41.4,2021,Fade
10122,My Heart Goes (La Di Da),"Becky Hill, Topic",,00:00:07,02:27.3,2021,End
10123,Elton John Ft Dua Lipa Cold Heart,,,00:00:00,03:18.1,,Fade
10124,A Second To Midnight,"Kylie Minogue, Years & Years",,00:00:10,03:21.6,2021,End
10125,Unstoppable,James Blunt,,00:00:00,03:18.6,,End
10126,Just A Notion,Abba,,00:00:12,03:23.8,,End
10127,I Wish,"Joel Corry, Mabel",,00:00:00,02:58.4,2021,End
10128,Overpass Graffiti,Ed Sheeran,,00:00:06,03:50.3,2021,End
10129,Who You Are,"Craig David, MNEK",,00:00:07,03:22.6,,
10130,Love Like That,JC Stewart,,00:00:00,03:31.4,,End
10131,Marry Me,Jennifer Lopez ft Maluma,,00:00:00,03:27.1,,Fade
10132,I Want Love,Jessie J,,00:00:00,03:13.8,,End
10133,Eternal Love,JLS,,00:00:00,03:15.9,,End
10134,26,Lauv,,00:00:00,02:58.6,,End
10135,Industry Baby,"Lil Nas X, Jack Harlow",,00:00:00,03:32.0,,End
10136,Poolparty,Popcaan,,00:00:00,03:02.7,,End
10137,You For Me,"Sigala, Rita Ora",,00:00:00,02:51.4,,End
10138,Melody,Sigala,,00:00:00,02:45.4,2022,End
10139,Running Up That Hill,Kate Bush,,00:21.4,04:41.3,,
10140,I Want It All,The Script,,00:00:00,03:01.0,2021,End
10141,Here For you,"Wilinson, Becky Hill",,00:00:00,03:40.3,,
10142,Essense,"WizKid, Tems, Justin Bieber",,00:00:00,04:18.4,,End
10143,Peru,"Fireboy, Ed Sheeran",,00:00:00,03:02.3,2021,
10144,Where Did You Go,"Jax Jones, MNEK",,00:00:00,02:55.0,2022,
10145,Free Bird,Lynyrd Skynyrd,,01:09.4,08:53.7,1973,Fade
10146,Lightswitch,Charlie Puth,,00:00:00,02:53.6,,
10147,Need To Know,Doja Cat,,00:00:00,03:26.8,2021,End
10148,Joker And The Queen,"Ed Sheeran, Taylor Swift",,00:00:00,02:57.5,2022,
10149,Richest Man,Jay Sean,,00:00:00,02:23.2,,
10150,Love Like That,JC Stewart,,00:00:00,03:31.4,,
10151,Circles Around This Town,Marren Morris,,00:00:00,03:09.5,,
10152,Dancing Feet,"Kygo, DNCE",,00:00:00,03:30.9,,
10153,Everything But You,"Clean Bandit, A7S",,00:00:00,03:12.5,2022,
10154,Higher,Michael Buble,,00:00:00,03:03.7,,
10155,Kick,Def Leppard,,00:00:00,03:40.6,,
10156,Kiss It Better,Birdsmith,,00:00:00,03:57.4,,
10157,Let Somebody Go,"Coldplay, Selena Gomez",,00:00:00,03:55.3,,
10158,Love Like That,JC Stewart,,00:00:00,03:31.4,,
10159,Oh To Be Loved By You,Joss stone,,00:00:00,03:19.7,,
10160,Run,"Becky Hill, Galantis",,00:00:00,03:05.6,,
10161,West Coast,One Republic,,00:00:00,03:10.5,,
10162,You Don’t Have To Say You Love Me,Jack Savoretti,,00:00:00,03:35.1,,
10163,A New Dawn,Gizmo Varillas,,00:00:00,02:59.2,,
10164,AM Gold,Train,,00:00:00,02:44.8,,
10165,Anyone For You,George Ezra,,00:00:00,03:05.6,,
10166,Bam Bam,"Camila Cabello, Ed Sheeran",,00:00:00,03:22.2,2022,
10167,Because Of You,Tony Hadley,,00:00:00,03:11.0,,
10168,Beg For You,"Charli XCX, Rina Sawayama",,00:00:00,02:45.0,2022,
10169,Bring Back The Time,"New Kids On The Block, Salt N Pepa, Rick Astley, En Vogue",,00:00:00,03:47.1,,
10170,21 Reasons,"Nathan Dawe, Ella Henderson",,00:00:00,02:31.3,,
10171,Afriad To Feel,LF System,,00:00:00,02:54.2,,
10172,All These Nights,Tom Grennan,,00:00:00,02:30.2,2022,
10173,As It Was,Harry Styles,,00:00:00,02:37.1,2022,
10174,BREAK MY SOUL,Beyoncé,,00:00:00,04:10.4,2022,
10175,Crazy What Love Can Do,"David Guetta, Becky Hill, Ella Henderson",,00:00:00,02:45.6,2022,
10176,Deep Down,"Alok, Ella Eyre, Kenny Dope, Never Dull",,00:00:00,02:42.2,,
10177,Easy Lover,"Ellie Goulding, Big Sean",,00:00:00,03:29.5,,
10178,For My Hand,"Burna Boy, Ed Sheeran",,00:00:00,02:37.2,,
10179,Glimpse of Us,Joji,,00:00:00,03:44.7,,
10180,Green Green Grass,George Ezra,,00:00:00,02:45.9,2022,
10181,House On Fire,Mimi Webb,,00:00:00,02:14.2,2022,
10182,I Ain't Worried,One Republic,,00:00:00,02:25.7,,
10183,Late Night Talking,Harry Styles,,00:00:00,02:53.8,2022,
10184,Lizzo,About Damn Time,,00:08.7,02:54.2,,
10185,Massive,Drake,,00:01.7,05:15.6,,
10186,Stay the Night,"Sigala, Talia Mar",,00:00:00,02:50.8,2022,
10187,Stay With Me,"Calvin Harris, Justin Timberlake, Halsey, Pharrell Williams",,00:00:00,03:49.2,2022,
10188,Hot In It,"Tiesto, Charli XCX",,00:02.6,02:07.4,,
10189,Where Are You Now,"Lost Frequencies, Calum Scott",,00:00:00,02:25.9,,
10190,2 Be Loved (Am I Ready),Lizzo,,00:00:00,02:55.3,,
10191,Last Last,Burna Boy,,00:00:00,02:45.9,2022,
10192,Freeze,Kygo,,00:00:00,03:40.6,,
10193,Kilometre,Burna Boy,,00:10.6,02:30.3,2021,
10194,10:35,"Tiesto, Tate McRae",,00:00:00,02:47.4,,
10195,Anti Hero,Taylor Swift,,00:05.2,03:16.5,2022,
10196,Flowers,Miley Cyrus,,00:00:00,03:07.9,2023,
10197,Holy Water,"DOMINIC BYRNE, (feat. Abigail DB)",,00:00:00,05:14.0,,
10198,I'll Be Waiting,Cian Ducrot,,00:00:00,02:50.9,2022,
10199,I'm Good (Blue),"David Guetta, ft Bebe Rexha",,00:14.2,02:52.5,2022,
10200,I'm Not Here To Make Friends,Sam Smith,,00:00:00,03:29.2,2023,
10201,Kill Bill,SZA,,00:02.2,02:20.1,2023,
10202,Lionhart (Fearless),"Joel Corry, Tom Grennan",,00:05.7,03:03.2,,
10203,Made You Look,Meghan Trainor,,00:00:00,02:11.8,,
10204,Messy In Heaven,Venbee & Goddard,,00:00:00,02:48.3,,
10205,Neon Rainbow (Digitally Remastered: 1996),The Box Tops,,00:00:00,02:57.2,1996,
10206,Oh My,"Luude, Issey Cross, (feat. Moby)",,00:11.3,02:36.9,,
10207,People,Libianca,,00:10.6,02:58.3,,
10208,Pointless,Lewis Capaldi,,00:00:00,03:43.3,2022,
10209,Radio,"Sigala, (feat MNEK)",,00:07.7,03:12.4,2015,
10210,REACT,"Switch Disco, (Feat Ella Henderson)",,00:00:00,03:16.0,2023,
10211,Red Flags,Mimi Webb,,00:06.9,02:19.2,2023,
10212,Sure Thing,Miguel,,00:00:00,03:09.3,2011,
10213,TRUSTFALL,Pink,,00:00:00,03:44.5,,
10214,Voices,"KSI, (Feat Oliver Tree)",,00:09.8,03:03.2,2023,
10215,Forget Me,Lewis Capaldi,,00:00:00,03:20.3,2022,
10216,Weekends,Freya Ridings,,00:00:00,03:14.1,2023,
10217,Work With My Love,"Alok, James Arthur",,00:07.0,02:27.6,2023,
10218,Miracle,"Calvin Harris, Ellie Goulding",,00:00:00,02:25.5,2023,
10219,Players,Coi Leray,,00:09.1,02:16.7,2022,
10220,Baby Don't Hurt Me,"David Guetta, Anne-Marie, Coi Lerai",,00:06.1,02:16.9,2023,
10221,By The End Of The Night,Ellie Goulding,,00:05.4,03:00.5,2023,
10222,Fly Girl,"FLO, Missy Elliott",,00:08.3,02:55.0,2023,
10223,Waffle House,Jonas Brothers,,00:03.4,02:19.2,,
10224,Wish You The Best,Lewis Capaldi,,00:03.9,03:21.7,2023,
10225,People,Libianca,,00:10.4,02:58.3,2022,
10226,Escapism,"Raye, 070 Shake",,00:00:00,03:20.0,1944,
10227,Everleave,Alexandra Kay,,00:00:00,03:56.9,,
10228,Feels This Good,"Sigala, Caity Baser, Mae Muller, Stefflon Don",,00:00:00,03:07.1,2023,
10229,Messy In Heaven,"Venbee, Goddard",,00:00:00,02:09.2,2022,
10230,Can't Tame Her,Zara Larsson,,00:25.5,03:12.8,2023,
10231,Unhealthy,"Anne-Marie, Shania Twain",,00:00:00,02:25.7,,
10232,Disconnect,"Becky Hill, Chase & Status",,00:00:00,02:29.0,2023,
10233,Side Effects,"Becky Hill, Lewis Thompson",,00:07.4,02:32.8,2023,
10234,DNA,Billy Gillies & Hannah Boleyn,,00:00:00,02:41.7,2023,
10235,Prada,Casso x Raye x D Block Europe,,00:00:00,02:08.6,,
10236,<Untitled>,Dua Lipa,,00:07.0,02:51.2,2023,
10237,Good Love,"Hannah Laing, Roro",,00:00:00,02:46.2,,
10238,Whistle,"Jax Jones, Calum Scott",,00:06.7,02:58.1,,
10239,Giving Me,Jazzy,,00:15.6,02:46.2,2023,
10240,Seven,"Jung Kook, Latto",,00:09.0,02:58.9,,
10241,Padam Padam,Kylie Minogue,,00:15.3,02:40.1,2023,
10242,Dont Say Love,"Leigh-Anne, Dont Say Love (1)",,00:07.0,02:58.5,,
10243,0800 Heaven,"Nathan Dawe, Joel Corry, Ella Henderson",,00:00:00,02:19.0,,
10244,Vampire,Olivia Rodrigo,,00:14.7,03:37.3,2023,
10245,(It Goes Like) Nanana,Peggy Gou,,00:07.4,02:20.3,2023,
10246,Calm Down,"Rema, Selena Gomez",,00:00:00,03:17.3,2022,
10247,Dancing Is Healing,"Rudimental, Vibe Chemistry, Charlotte Plank",,00:00:00,02:54.3,,
10248,Cruel Summer,Taylor Swift,,00:05.6,02:55.0,2023,
10249,How Does It Feel,Tom Grennan,,00:00:00,02:17.2,2023,
10250,Paint The Town Red,Doja Cat,,00:00:00,02:14.2,2023,
10251,Houdini,Dua Lipa,,00:00:00,02:35.9,2023,
10252,American Town,Ed Sheeran,,00:00:00,03:15.6,,
10253,adore U,Fred again.. & Obongjayar,,00:00:00,02:30.7,2023,
10254,Lovin On Me,Jack Harlow,,00:00:00,02:17.1,2023,
10255,Won't Forget You,Jax Jones x D.O.D feat. Ina Wroldsen,,00:08.2,02:29.4,,
10256,Hey DJ,Joel Corry,,00:00:00,02:32.6,2023,
10257,Strangers,Kenya Grace,,00:00:00,02:49.9,2023,
10258,Heart Still Beating,Nathan Dawe x Bebe Rexha,,00:00:00,02:24.3,,
10259,On My Love,Zara Larsson x David Guetta,,00:00:00,03:07.6,2023,
10260,Lil Boo Thang,Paul Russell,,00:00:00,01:53.6,2023,
10261,Worth It,Raye,,00:00:00,03:19.7,2016,
10262,Asking (feat. Clementine Douglas),Sonny Fodera & MK,,00:00:00,03:01.8,,
10263,This Life,Take That,,00:00:00,03:36.4,,
10264,Greedy,Tate McRae,,00:00:00,02:09.0,2023,
10265,Water,Tyla,,00:00:00,03:16.7,2023,
10266,Time Machine,Paul Griggs,,00:00:00,03:14.0,,
10267,WAV,"Emma Elizabeth, Wake Me Up (radio edit)",,00:00:00,02:29.3,,
10268,Belle Fluorescent Light_s,,,00:00:00,03:38.6,,
10269,Beautiful Things,Benson Boone,,00:00:00,02:55.1,2024,
10270,Slow It Down,Benson Boone,,00:00:00,02:34.5,2024,
10271,Free,"Calvin Harris, Ellie Goulding",,00:00:00,03:16.2,2024,
10272,Good Luck Babe,chappell roan,,00:00:00,03:30.2,2024,
10273,Feels Like Im Falling In Love,Coldplay,,00:00:00,03:41.0,,
10274,Austin,Dasha,,00:00:00,02:46.6,2023,
10275,I Dont Wanna Wait,"David Guetta, One Republic",,00:00:00,02:27.8,,
10276,Too Sweet,Hozier,,00:00:00,03:16.9,2019,
10277,Who,Jimin,,00:00:00,02:46.3,,
10278,Woman's World,Katy Perry,,00:00:00,02:40.8,2024,
10279,Belong Together,Mark Ambor,,00:00:00,02:23.6,2024,
10280,Stargazing,Myles Smith,,00:00:00,02:46.3,2024,
10281,Stick Season,Noah Kahan,,00:00:00,02:55.0,2022,
10282,I Had Some Help,Post Malone x Morgan Wallen,,00:00:00,03:53.4,,
10283,Espresso,Sabrina Carpenter,,00:00:00,02:50.9,2024,
10284,Please Please Please,Sabrina Carpenter,,00:00:00,02:59.4,2024,
10285,A Bar Song (Tipsy),Shaboozey,,00:12.0,02:48.1,2024,
10286,Lose Control,Teddy Swims,,00:05.4,03:25.7,2023,
10287,The Door,Teddy Swims,,00:00:00,03:30.3,2024,
10288,Set My Heart On Fire (I'm Alive x And The Beat Goes On),"Majestic, Celine Dion",,00:00:00,02:56.3,,
10289,Ain't No Love In Oklahoma,Luke Combs,,00:00:00,03:23.3,,
10290,Apple,Charli XCX,,00:00:00,02:26.6,2024,
10291,At Your Feet,The Script,,00:00:00,03:21.0,,
10292,I Can Do It With A Broken Heart,Taylor Swift,,00:00:00,03:34.1,2024,
10293,Lift You Up,Jessie Ware,,00:00:00,03:41.6,,
10294,My Oh My,"Kylie Minogue, Tove Lo, Bebe Rexha",,00:00:00,02:55.6,2024,
10295,Work It Out,Joe Jonas,,00:00:00,02:24.2,2024,
10296,Dear Amy,The Murray Brothers,,00:00:00,03:38.4,,
10297,Sunflower Baby,Jael (local artist),,00:00:00,03:57.9,,
10298,Burn,Belle (Local artist),,00:00:00,03:24.6,,
10299,Anxiety,Doechii,,00:00:00,04:02.2,,
10300,Muse,Darcy Louch (Local Artist),,00:00:00,03:00.2,,
10301,I Won't Let Go<Original Mix>,Saco,,00:00:00,02:37.4,2024,
10302,Bad Dreams,Teddy Swims,,00:00:00,02:56.2,2024,
10303,The Door,Teddy Swims,,00:00:00,03:30.3,2024,
10304,Hot To Go,chappell roan,,00:00:00,02:58.9,2023,
10305,ALL MY LOVE,Coldplay,,00:00:00,03:33.8,2024,
10306,Filthy Rich,Ella Henderson,,00:00:00,02:49.7,2024,
10307,Thats So True,Gracie Abrams,,00:00:00,02:39.6,2024,
10308,Disease,Lady Gaga,,00:00:00,03:44.5,2024,
10309,Indestructible,"Becky Hill, Andy C",,00:00:00,02:13.3,2024,
10310,Kisses,"BL3SS, CamrinWatsin",,00:00:00,02:15.5,2024,
10311,Good Luck Babe,chappell roan,,00:00:00,03:30.1,2024,
10312,Messy,Lola Young,,00:00:00,03:06.2,2024,
10313,Nice To Meet You,Myles Smith,,00:00:00,02:51.6,2023,
10314,APT,"Rosé, Bruno Mars",,00:00:00,02:47.3,,
10315,Taste,Sabrina Carpenter,,00:00:00,02:33.2,2024,
10316,People Watching,Sam Fender,,00:00:00,03:57.4,2025,
10317,Blessings,"Calvin Harris, Clementine Douglas",,00:00:00,03:34.1,2025,
10318,Abracadabra,Lady Gaga,,00:00:00,02:36.5,,
10319,Azizam,Ed Sheeran,,00:00:00,02:37.9,2025,
10320,Mystical Magical,Bensoon Boone,,00:00:00,02:37.5,,
10321,Old Phone,Ed Sheeeran,,00:00:00,03:35.7,,
10322,Ordinary,Alex Warren,,00:00:00,03:00.4,2025,
10323,Pink Pony Club,chappell roan,,00:00:00,04:09.1,2023,
10324,Sorry I’m Here For Someone Else,Benson Boone,,00:00:00,02:31.5,2025,
10325,The Giver,chappell roan,,00:00:00,03:18.1,2025,
10326,The Way I Love You <Radio Edit>,Jorja Smith,,00:00:00,02:51.9,,
10327,Carry You Home,Alex Warren,,00:00:00,02:42.2,,
10328,Full Attention,Tom Grennan,,00:00:00,02:57.3,2025,
10329,More To Lose,Miley Cyrus,,00:00:00,04:32.4,2025,
10330,Plastic Box,JADE,,00:00:00,03:18.2,2025,
10331,Sapphire,Ed Sheeran,,00:00:00,02:54.1,,
10332,Survive,Lewis Capaldi,,00:00:00,03:40.2,2025,
10333,Gold,Myles Smith,,00:00:00,02:38.1,2025,
10334,Love Me Not,Ravyn Ranae,,00:00:00,03:17.4,,
10335,Rein Me In,Sam Fender,,00:00:00,03:55.9,,
10336,Bloodline,"Alex Warren, Jellyroll",,00:00:00,02:57.4,,
10337,Your Idol,"Saja Boys, Andrew Choi, Neckwav, Danny Chung, Kevin Woo, samUIL Lee & KPop Demon Hunters Cast",,00:00:00,03:03.4,,
10338,Takedown,"HUNTR/X, EJAE, AUDREY NUNA, REI AMI & KPop Demon Hunters Cast",,00:00:00,02:55.1,,
10339,Soda Pop,KPop Demon Hunters Cast,,00:00:00,02:26.6,,
10340,How It's Done,KPop Demon Hunters Cast,,00:00:00,02:49.1,,
10341,Golden,"HUNTRX, EJAE, AUDREY NUNA, REI AMI & KPop Demon Hunters Cast",,00:00:00,02:54.7,,
10342,American Girls,Harry Styles,,00:21.2,03:13.2,,Fade
10343,Click Clack Symphony,"Raye, Hans Zimmer",,00:02.3,04:52.1,2026,Fade
10344,Homewrecker,Sombr,,00:14.4,03:18.1,,Fade
10345,New Religion,Bebe Rexha,,00:07.6,02:50.6,2026,End
10346,Opalite,Taylor Swift,,00:06.4,03:51.0,2025,End
10347,The Fate Of Ophelia,Taylor Swift,,00:10.7,03:41.5,,End
10348,Where Is My Husband,Raye,,00:00.7,03:10.4,2025,End
10349,Choosin' Texas,Ella Langley,,00:00:00,03:45.8,2025,Fade
10350,Drop Dead,Olivia Rodrigo,,00:00:00,03:41.2,2026,End
10351,Fever Dream,Alex Warren,,00:00:00,02:26.6,2026,End
10352,Material Things,SIENNA SPIRO,,00:00:00,02:53.7,,
10353,Summertime,Billy Stewart,,00:04.1,00:04:53,2005,End
10354,Tusk,Fleetwood Mac,,00:26.6,03:20.6,2002,
10355,Louisa Interview Radio Harrow,,,00:00:00,04:43.2,,
10356,Shaft,Chosen Few,,00:00:00,03:34.2,2012,
10357,Pata Pata <Stereo Version>,Miriam Makeba,,00:09.7,02:52.5,2019,
10358,Rose of Cimarron,Poco,,00:27.2,06:27.5,2011,
10359,Young Gifted and Black,Bob & Marcia,,00:04.7,03:01.6,1993,
10360,It's a Long Way to the Top (If You Wanna Rock 'n' Roll),"AC DC, DC",,00:29.0,04:52.4,1976,
10361,Diamond Dogs (1997 Digital Remaster),David Bowie,,00:00:00,06:02.1,2005,
10362,Boy Blue,Electric Light Orchestra,,01:23.3,05:17.6,1976,
10363,Love Me Two Times,The Doors,,00:14.4,03:12.2,1970,
10364,Louisa Nomikos - Health,Radio Harrow - Peter Ransom,,00:00:00,04:10.4,2026,
10365,Exodus,Bob Marley & The Wailers,,00:21.7,07:14.5,,
10366,Stay,Jackson Browne,,00:00.4,03:17.3,1979,
10367,Communication Breakdown,Led Zeppelin,,00:10.3,03:04.8,1974,
10368,Faraway Look,Yola,,00:12.6,03:04.2,2019,
10369,Silver Threads & Golden Needles,Dolly Parton,,00:06.0,02:18.7,2014,Fade
10370,Two Doors Down,Dolly Parton,,00:20.1,02:45.9,2014,
10373,It's Raining Again,Supertramp,,00:15.1,04:02.2,1974,
10374,Hanging On The Telephone,Blondie,,00:04.8,02:15.0,2002,
10375,Blackbird,Milos Karadaglic,,00:00:00,02:24.5,2016,
10376,Eagle,Abba,,00:22.7,05:39.4,1979,
10377,Just the Two of Us,Bill Withers,,00:20.0,03:49.7,1975,Fade
10378,Kodachrome,Paul Simon,,00:13.4,03:22.5,1973,
10379,"Both Sides, Now",Joni Mitchell,,00:10.8,04:28.5,1996,
10380,Rainbow Chaser,Nirvana <UK>,,00:16.7,02:28.7,1968,
10381,T.N.T. <Live>,"AC/DC, DC",,00:32.9,03:45.5,1976,
10382,In Trance,Scorpions,,00:14.8,04:06.3,1995,
10383,Medicate My Mind,Blackberry Smoke,,00:13.8,04:34.4,1975,
10384,Orange Crush,R.E.M.,,00:17.6,03:47.3,1988,
10385,"All Day, All Night",Blonde on Blonde,,00:09.1,03:26.5,1967,
10386,All Right Now,Free,,00:15.5,05:29.9,1970,
10387,D'yer Maker,Led Zeppelin,,00:14.8,04:15.0,1974,
10388,Time,Pink Floyd,,02:13.8,06:44.1,1973,
10389,As Tears Go By,The Rolling Stones,,00:09.5,02:36.9,1965,
10390,Theme One,,,00:00:00,00:56.0,,
11003,Chal Halke Halke - www.Songs.P,"Sunidhi Chauhan, Raja Hasan &",,00:00:00,04:37.1,,
11004,Pyar Itna Na Kar - www.Songs.P,Shreya Ghoshal,,00:00:00,04:51.9,,
11005,Meetha Sa (unplugged) - www.So,"Kailash Kher, Suzanne D'mello",,00:00:00,05:25.8,,
11006,Dil Kashi - www.Songs.PK,"Sonu Nigam, Raja Hasan, Aditi",,00:00:00,05:41.8,,
11007,Nede Nede - www.Songs.PK,Sukhwinder Singh,,00:00:00,04:18.3,,
11008,Nede Nede - www.Songs.PK,Sukhwinder Singh,,00:00:00,04:10.6,,
11009,More Piya - www.Songs.PK,Ripul & Momita,,00:00:00,04:18.4,,
11010,Hare Jhande Ke Shehzaade - www,Shahid Ali Khan & Ripul,,00:00:00,03:59.7,,
11011,Nede Nede (Remix) - www.Songs.,Sukhwinder Singh,,00:00:00,02:50.8,,
11012,Love Theme - www.Songs.PK,Instrumental Theme,,00:00:00,01:02.3,,
11013,Beach Music - www.Songs.PK,Instrumental,,00:00:00,01:57.8,,
11014,Billy Trance - www.Songs.PK,Instrumental,,00:00:00,02:47.5,,
11015,AA AB LAUT CHALEN,www.Mp3pk.com,,00:00:00,05:36.1,,
11016,Jalwa - www.Songs.PK,www.Songs.PK,,00:00:00,04:49.8,,
11017,Bulle Shah - www.Songs.PK,www.Songs.PK,,00:00:00,05:16.9,,
11018,Jalwa - www.Songs.PK,www.Songs.PK,,00:00:00,04:47.8,,
11019,Nazar Lage Na - www.Songs.PK,www.Songs.PK,,00:00:00,05:12.0,,
11020,Parwazen - www.Songs.PK,www.Songs.PK,,00:00:00,04:02.4,,
11021,Bekali - www.Songs.PK,www.Songs.PK,,00:00:00,03:15.1,,
11022,Bulle Shah (Remix) - www.Songs,www.Songs.PK,,00:00:00,05:13.5,,
11023,Bulle Shah - www.Songs.PK,www.Songs.PK,,00:00:00,05:18.2,,
11024,Tu Hi Mera @ Mp3HunGama.Com,Shafqat Amanat Ali,,00:00:00,04:29.4,,
11025,Kuch Kuch Hota Hai,Kuch Kuch Hota Hay @ Mp3HunGam,,00:00:00,04:55.6,,
11026,Aaj Na Chhodenge Bas Humjoli K,Lata-Kishore,,00:00:00,05:11.8,,
11027,Aaja Nachle,Unknown,,00:00:00,03:27.3,,
11028,Aapka Kya Hoga (Dhanno) @ Mp3H,"Mika, Sunidhi Chauhan & Sajid",,00:00:00,05:02.9,,
11029,Chaiyya Chaiyya,Sukhwinder Singh & Sapna Awast,,00:00:00,06:43.7,,
11030,Chingam Chabake @ Mp3HunGama.C,Shankar Mahadevan & Shalmali K,,00:00:00,03:56.3,,
11031,Dance Pe Chance,Sunidhi Chauhan & Labh Janjua,,00:00:00,04:13.7,,
11032,Dhinka Chika @ Mp3HunGama.Com,Mika Singh & Amrita Kak,,00:00:00,04:29.1,,
11033,High Heels @ IndiaMp3.Com,"Yo Yo Honey Singh , Jaz Dhami, Meet Bros , Aditi S",,00:00:00,03:29.2,,
11034,Gandi Baat @ Mp3HunGama.Com,Mika Singh & Kalpana Patowary,,00:00:00,04:04.7,,
11035,Haule Haule,Sukhwinder Singh,,00:00:00,04:17.9,,
11036,Holi Ke Din.mp3,Transfer Oct 2015,,00:00:00,03:15.3,,
11037,Maa Da Laadla,Saleem,,00:00:00,03:59.8,,
11038,Pardesi @ Mp3HunGama.com,Raja Hindustani @ Mp3HunGama.c,,00:00:00,07:23.6,,
11039,tujhay dekha to jana sanam,www.Mp3pk.com,,00:00:00,04:59.0,,
11040,Rum Whisky @ Mp3HunGama.Com,Akshay Verma,,00:00:00,03:57.3,,
11041,Salaam-e-ishq,Sonu Nigam  Shreya Ghoshal  Ku,,00:00:00,00:07:02,,
11042,Saree Ke Fall Sa (Remix) @ Mp3,"Antara Mitra, Nakash Aziz",,00:00:00,03:45.7,,
11043,Tattad Tattad @ Mp3HunGama.Com,Aditya Narayan,,00:00:00,04:41.1,,
11044,ruk ja o dil deewane,www.Mp3pk.com,,00:00:00,05:08.1,,
11045,Thanks God Its Friday @ Mp3Hun,Sunidhi Chauhan,,00:00:00,02:58.1,,
11046,Tu Cheez Bari Hai Mast Mast @,Mohra @ Mp3HunGama.com,,00:00:00,05:20.5,,
11047,Radha,Student of the Year (2012),,00:00:00,05:38.6,,Fade
11048,The Disco Song,Student of the Year (2012),,00:00:00,05:38.5,,Fade
11049,Tum Hi Ho Bandhu,Cocktail (2012),,00:00:00,04:40.1,,End
11073,Rang Barse 1 @ Mp3HunGama.Com,@ Mp3HunGama.Com,,00:00:00,05:50.1,,
11074,Ek Ladki Ko dekha,1942 Love Story,,00:00:00,04:31.1,,
11075,Dhoom Machale Dhoom @ Mp3HunGa,Aditi Singh Sharma,,00:00:00,03:51.8,,
11076,Chammak Challo,Akon & Hamsika Iyer,,00:00:00,03:42.3,,
11077,Total Siyapaa,Ali Zafar,,00:00:00,03:04.1,2014,
11078,You Are My Soniya,"Alka Yagnik,Sonu Nigam",,00:00:00,05:37.6,,
11079,Suraj Hua Madhham,"Alka Yagnik,Sonu Nigam",,00:00:00,06:56.5,,
11080,Deewana Hai Dekho,"Alka Yagnik,Sonu Nigam & Karee",,00:00:00,05:42.3,,
11081,Dil Mera Muft,Altamush Faridi Muazzam Shabab,,00:00:00,04:23.5,,
11082,Kala Chashma Songs,"Amar Arshi, Badshah & Neha Kakkar",,00:00:00,02:48.5,,Fade
11083,Naino Mein Sapna,Amit Kumar & Shreya Ghoshal,,00:00:00,04:15.8,,
11084,Lazy Lad @ IndiaMp3.Com,Amit Trivedi,,00:00:00,03:12.2,,
11085,Bol Bachchan  @ Mp3HunGama.Com,Amitabh Bachchan Abhishek Bach,,00:00:00,05:56.2,,
11086,Tum Hi Ho,Arijit Singh,,00:00:00,04:18.4,2014,
11087,Dilliwaali Girlfriend @ Mp3Hun,Arijit Singh & Sunidhi Chauhan,,00:00:00,04:15.7,,
11088,Jeene Laga Hoon @ IndiaMp3.Com,Atif Aslam & Shreya Ghoshal,,00:00:00,03:47.2,,
11089,Bachna Ae Haseeno,Bachna Ae Haseeno,,00:00:00,03:28.2,,
11090,Kar Gayi Chull @ IndiaMp3.Com,"Badshah, Amaal Mallik, Fazilpuria, Sukriti Kakar &",,00:00:00,03:06.4,,
11091,Tune Maari Entriyaan @ Mp3HunG,Bappi Lahiri KK Neeti Mohan &,,00:00:00,00:05:05,,
11092,Lat Lag Gayee @ IndiaMp3.Com,Benny Dayal & Shalmali Kholgade,,00:00:00,04:36.9,,
11093,Badtameez Dil,Benny Dayal & Shefali Alvaris,,00:00:00,04:05.9,,
11094,Karle Pyaar Karle,Benny Dayal Palak Muchhal Mona,,00:00:00,04:31.6,,
11095,Ek Main Aur Ekk Tu,"Benny Dayal, Anushka Manchanda",,00:00:00,04:13.4,,
11096,05_SAY SHAWA SHAWA (Mp3HunGama.com).mp3,Bolly,,00:00:00,06:46.5,,End
11097,Humma Humma,Bombay @ IndiaMp3.com,,00:00:00,05:11.1,,
11098,Kajrare Kajrare,Bunty Aur Babli 2005,,00:00:00,07:52.3,,
11099,Manhattan,Clinton Cerejo & Bianca Gomes,,00:00:00,04:27.6,,
11100,Tu Hi Rab Tu Hi Dua (Reprise),Dangerous Ishq,,00:00:00,04:42.4,,
11101,Titli @ Mp3HunGama.Com,Gopi Sunder & Chinmayi Sripaad,,00:00:00,05:41.8,,
11102,Photocopy @ Mp3HunGama.Com,Himesh Reshammiya,,00:00:00,04:34.3,,
11103,Chalao Na Naino Se,Himesh Reshammiya & Shreya Gho,,00:00:00,05:37.5,,
11104,Hookah Bar,Himesh Reshammiya Vineet Singh,,00:00:00,04:10.9,,
11105,Sunny Sunny,Honey Singh Neha Kakkar,,00:00:00,03:56.6,,
11106,Senorita @ Mp3HunGama.Com,Hrithik Roshan  Farhan Akhtar,,00:00:00,03:46.3,,
11107,Le Le Chumma Le Le,Hum,,00:00:00,03:28.8,,
11108,Dholi Taro @ IndiaMp3.com,Hum Dil De Chuke Sanam @ IndiaMp3.com,,00:00:00,06:10.2,,
11109,Yeh Ishq Hai,Jab We Met,,00:00:00,04:38.9,,
11110,Tayyab Ali @ Mp3HunGama.Com,Javed Ali,,00:00:00,04:33.8,,
11111,Make Some Noise For The Desi Boys,K.K. & Bob,,00:00:00,00:03:52,,
11112,Party On My Mind @ IndiaMp3.Com,"K.K., Shefali Alvares & Yo Yo Honey Singh",,00:00:00,03:38.3,,
11113,Rock N Roll Soniye,Kabhi Alvida Na Kehna @ Mp3Hun,,00:00:00,05:37.9,,
11114,Tere Chehre Se Nazar,Kabhie Kabhie,,00:00:00,04:56.7,,
11115,MEIN PAL DO PAL KA,Kabhie Kabhie,,00:00:00,03:19.9,,
11116,PYAR KAR LIYA TO KYA,Kahbhie Kabhie,,00:00:00,03:37.0,,
11117,Pretty Women,Kal Ho Na Ho 2003,,00:00:00,05:45.7,,
11118,Dil Dooba,Khakee  2004,,00:00:00,03:56.2,,
11119,Balma @ Mp3HunGama.Com,Khiladi 786,,00:00:00,03:43.9,,
11120,Phoolon Ka Taron,Kishore Kumar,,00:00:00,05:57.6,,
11121,Bachna Ae Haseeno,Kishore Kumar Sumit Kumar & Vi,,00:00:00,03:28.4,,
11122,Phoolon Ka Taron,Lata Mangeshkar,,00:00:00,03:35.8,,
11123,Kabhi Khushi Kabhie Gham,Lata Mangeshkar,,00:00:00,07:48.5,,
11124,Humko Humise Chura Lo,Lata Mangeshkar & Udit Narayan,,00:00:00,07:52.4,,
11125,Anarkali Disco Chali @ Mp3HunG,Mamta Sharma & Sukhwinder Sing,,00:00:00,04:49.3,,
11126,Fevicol Se @ Mp3HunGama.Com,Mamta Sharma Wajid Keerthi Sag,,00:00:00,04:46.3,,
11127,Munni Badnaam,"Mamta Sharma, Aishwariya",,00:00:00,04:57.4,,
11128,Chittiyaan Kalaiyaan @ Mp3HunG,Meet Bros Anjjan,,00:00:00,04:01.8,,End
11129,Baby Doll @ Mp3HunGama.Com,"Meet Bros.,Kanika Kapoor & Kun",,00:00:00,03:29.7,,End
11130,Marjaani (Kilogram's Balkan Mi,Mi,,00:00:00,04:08.8,,
11131,Chinta Ta Ta Chita Chita @ IndiaMp3.Com,Mika Singh - Wajid,,00:00:00,04:20.4,,
11132,Taki Taki,Mika Singh & Shreya Ghoshal,,00:00:00,03:55.7,,
11133,Desi Beat,"Mika Singh, Amrita Kak",,00:00:00,04:00.3,,
11134,Barfi @ IndiaMp3.Com,Mohit Chauhan,,00:00:00,05:12.2,,
11135,Tip Tip Barse Paani @ IndiaMp3.com,Mohra @ IndiaMp3.com,,00:00:00,05:55.1,,
11136,Sawaar Loon @ Mp3HunGama.Com,Monali Thakur,,00:00:00,04:10.6,,
11137,Raghupati Raghav @ Mp3HunGama.,Neeraj Shridhar Monali Thakur,,00:00:00,05:12.3,,
11138,Jiya Re @ IndiaMp3.Com,Neeti Mohan,,00:00:00,05:10.8,,
11139,Go Go Govinda (Reprise),OMG,,00:00:00,05:03.0,,
11140,Laila Main Laila @ IndiaMp3.Com,Pawni Pandey,,00:00:00,05:03.9,,
11141,Teri Meri,Rahat Fateh Ali Khan & Shreya,,00:00:00,05:01.1,,
11142,Teri Ore,Rahat Fateh Ali Khan & Shreya,,00:00:00,05:34.6,,
11143,Tere Mast Mast Do Nain,"Rahat Fateh Ali Khan, Shreya G",,00:00:00,05:52.8,,
11144,Tujh Mein Rab Dikhta Hai,Roopkumar Rathod,,00:00:00,04:32.2,,
11145,Saans (Reprise) @ IndiaMp3.Com,Shreya Ghoshal,,00:00:00,01:57.1,,
11146,Chikni Chameli,Shreya Ghoshal,,00:00:00,04:59.9,,
11147,Nagada Sang Dol,Shreya Ghoshal Osman Mir,,00:00:00,04:28.5,,
11148,Balma,Shriram & Shreya Ghoshal,,00:00:00,03:43.6,,
11149,Rang Barse,Silisila,,00:00:00,05:50.0,,
11150,Har Ek Friend Kamina Hota Hai,Sonu Nigam,,00:00:00,03:50.0,,
11151,Jabse Mere Dil Ko Uff @ IndiaMp3.Com,Sonu Nigam & Sunidhi Chauhan,,00:00:00,04:39.5,,
11152,Dreamum Wakeupum,Soumya Rao,,00:00:00,03:28.0,,
11153,Banjaara,Sukhwinder Singh,,00:00:00,04:29.8,,
11154,Udi Udi Jaye @ IndiaMp3.Com,Sukhwinder Singh - Bhoomi Trivedi - Karsan Sagathi,,00:00:00,04:16.9,,
11155,Moto Ghotalo @ Mp3HunGama.Com,Sukhwinder Singh Sanah Moidutt,,00:00:00,04:16.9,,
11156,Tu Hi Khwahish @ Mp3HunGama.Co,Sunidhi Chauhan,,00:00:00,04:47.5,,
11157,Halkat Jawani @ IndiaMp3.Com,Sunidhi Chauhan,,00:00:00,03:56.4,,
11158,Punjabi Wedding Song @ Mp3HunG,Sunidhi Chauhan & Benny Dayal,,00:00:00,03:51.0,,
11159,Kashmir Main Tu Kanyakumari @,Sunidhi Chauhan Arijit Singh &,,00:00:00,05:01.5,,
11160,Kashmir Main Tu Kanyakumari @,Sunidhi Chauhan Arijit Singh &,,00:00:00,05:01.5,,
11161,Lucky Boy,Sunidhi chauhan Hard kaur & Raja Hassan,,00:00:00,04:07.8,,
11162,Navrai Majhi,Swanand Kirkire,,00:00:00,04:18.6,,
11163,Gun Gun Guna @ Mp3HunGama.Com,"Udit Narayan , Sunidhi Chauhan",,00:00:00,04:30.7,,
11164,Yeh Ladka Hai Deewana,"Udit Narayan, Alka Yagnik",,00:00:00,06:31.4,,
11165,Dhoom Taana,Unnone,,00:00:00,06:11.1,,
11166,Om Shanti Om Medley Mix,Unnone,,00:00:00,05:58.9,,
11167,Kambakkht Ishq,unone,,00:00:00,04:43.9,,
11168,Dard-E-Disco,Various,,00:00:00,04:22.7,2007,
11169,Tere Liye.,Veer Zaara,,00:00:00,05:30.3,,
11170,Aisa Des Hai Mera,Veer Zaara,,00:00:00,07:04.1,,
11171,Po Po @ IndiaMp3.Com,"Vikas Bhalla, Aman Trikha & Himesh Reshammiya",,00:00:00,04:00.2,,
11172,I hate Luv Storys,Vishal Dadlani,,00:00:00,04:42.8,,
11173,Ghagra @ Mp3HunGama.Com,Vishal Dadlani & Rekha Bhardwa,,00:00:00,05:00.8,,
11174,Balam Pichkari,Vishal Dadlani & Shalmali Khol,,00:00:00,04:48.5,,
11175,Anjaana Anjaani,Vishal Dadlani & Shilpa Rao,,00:00:00,05:50.9,,
11176,1234 Get On The Dance Floor @,Vishal Dadlani Hamsika Iyer,,00:00:00,03:46.3,,
11177,1234 Get On The Dance Floor,Vishal Dadlani Hamsika Iyer &,,00:00:00,00:03:46,,
11178,1234 Get On The Dance Floor @,Vishal Dadlani Hamsika Iyer &,,00:00:00,03:46.3,,
11179,Mukhtasar @ Mp3HunGama.Com,Wajid,,00:00:00,04:54.3,,
11180,Pandeyjee Seeti,Wajid Mamta Sharma & Shreya Gh,,00:00:00,04:13.8,,
11181,Humse Pyaar Kar Le Tu,Wajid Mika Singh Shreya Ghosha,,00:00:00,05:40.0,,
11182,Mash Allah,Wajid Shreya Ghoshal,,00:00:00,03:19.1,,
11183,MashAllah (Remix) @ Mp3HunGama,Wajid Shreya Ghoshal,,00:00:00,03:18.9,,
11184,Mukhtasar (Remix) @ IndiaMp3.Com,"Wajid, DJ Suketu",,00:00:00,06:41.8,,
11185,Holi Ke Din,Www.Mp3HunGama.com,,00:00:00,03:16.4,,
11186,Maan doola re doola,www.Mp3pk.com,,00:00:00,06:29.0,,
11187,hogaya hai tujko to pyar,www.Mp3pk.com,,00:00:00,05:43.9,,
11200,Hunger Of The Pine,Alt J,,00:04.9,03:41.3,2014,
11201,Don't Play That Song,Aretha Franklin,,00:15.9,02:51.4,1970,
11203,So Good To Me,Chris Malinchak,,00:15.9,05:01.3,,
11204,Wee Wee Hours,Chuck Berry,,00:05.3,03:00.2,1955,
11205,Trouble Sleeping,Corinne Bailey Rae,,00:05.4,03:17.7,2006,
11206,Blue Moon,Ella Fitzgerald,,00:06.3,03:08.6,,
11207,Worried Life blues,Eric Clapton,,00:14.6,05:21.9,2000,
11208,Cough Cough,Everything Everything,,00:01.0,03:40.1,,
11209,Water No Get No Enemy,Fela Kuti,,00:00.5,04:57.3,,
11210,Stonebridge,FenechSoler,,00:01.1,04:29.4,,
11211,Mountain At My Gates,FOALS,,00:10.3,03:55.9,,
11212,Superior,Gentlemen,,00:00.5,03:42.5,,
11213,Two Ghosts,Harry Styles,,00:14.6,03:41.7,,
11214,Watermelon Man,Herbie Hancock,,00:00.9,06:12.7,,
11215,Worry,Jack Garratt,,00:01.1,03:38.4,2016,
11216,Limit To Your Love,James Blake,,00:00.5,03:15.8,2010,
11217,Cold Sweat,James Brown,,00:00:08,07:22.5,,
11218,Losing Control,Jamesy P,,00:01.3,03:35.1,,
11219,Make It Mine,Jason Mraz,,00:07.2,02:58.6,2008,
11220,Cocaine,JJ Cale,,00:16.3,02:41.3,,
11221,Gravity,John Mayer,,00:07.6,09:36.0,,
11222,She's On My Mind,JP Cooper,,00:00.1,02:54.1,,
11223,Where I'm From,Kiko Bun,,00:07.0,03:10.8,,
11224,Closer,Kings Of Leon,,00:09.6,03:53.4,,
11225,Tokyo,Lianne La Havas,,00:10.5,03:23.2,,
11226,Till the End,Lucy Rose,,00:01.6,03:18.4,,
11227,Let Me Go,Maverick,,00:12.9,03:21.2,2011,
11228,Chase The Devil,Max Romeo,,00:00.4,03:19.9,,
11229,Heads High,Mr Vegas,,00:04.7,04:30.6,1997,
11230,Carry On,Norah Jones,,00:16.9,02:34.7,2016,
11231,Ten Out Of Ten,Paolo Nutini,,00:08.2,02:50.9,,
11232,Beautiful Loved Blessed ft Tamara,Prince,,00:00.5,05:15.8,,
11233,I Can Make It Thru The Days,Ray Charles,,00:08.3,03:50.0,,
11234,Little Monster,Royal Blood,,00:11.1,03:30.2,,
11235,Mama He Treats Your Daughter Mean,Ruth Brown,,00:09.8,02:51.6,,
11236,These Hands,Samm Henshaw,,00:08.8,03:14.5,,
11237,Leave Me Alone,Santana,,00:17.1,03:51.4,,
11238,Mas Que Nada Brazil 66,Sergio Mendes,,00:11.4,02:32.8,,
11239,Dont Kill My Vibe,Sigrid,,00:12.6,02:58.4,,
11240,Let It Happen,Tame Impala,,00:15.2,04:06.4,2015,
11241,Cape Dory,Tennis,,00:12.1,02:14.0,,
11242,Black Magic,The Amazons,,00:09.1,04:25.5,,
11243,Your Love,The Magic Gang,,00:02.3,02:57.2,,
11244,Melody Calling,The Vacinnes,,00:06.0,02:55.8,,
11245,On Hold,The xx,,00:04.6,03:40.3,,
11246,Funky Kingston,Toots & The Maytal,,00:01.3,04:48.2,1990,
11247,Reasons ft Hunterz,UB40,,00:01.0,03:50.9,,
11248,Close Enough for Jazz feat. Joey DeFrancesco,Van Morrison,,00:01.6,04:37.6,,
11249,Run Boy Run,Wood Kid,,00:13.7,03:28.1,,
11250,Goodbye pork pie hat,Charles Mingus,,00:02.5,05:39.5,1989,
11251,Lose Yourself to Dance,Daft Punk,,00:19.7,05:39.4,2013,
11252,Real Life,Duke Dumont,,00:07.7,03:21.3,,
11253,My Angel (Malaika),Harry Belefont,,00:08.8,03:12.5,,
11254,Solo Dancing,Indiana,,00:12.9,03:27.8,,
11255,Midnight,Jessie Ware,,00:19.9,03:19.3,,
11256,Heavy California,Jungle,,00:06.7,03:01.2,,
11257,Parallel Line,Keith Urban,,00:00.2,04:05.4,,
11258,Everybody Loves The Sunshine,Roy Ayres,,00:02.5,03:45.4,,
11701,Frosty The Snowman,The Jackson 5,,00:00:00,02:36.0,,
11702,Feels Like Christmas,The Feeling,,00:00:00,03:19.3,2008,
11705,Santa Baby,Pussycat Dolls,,00:00:00,02:57.2,,
11706,All I Want For Christmas,Mariah Carey,,00:00:00,03:51.5,1994,
11707,Christmas Tree,Lady GaGa ft Space Cowboy,,00:00:00,02:20.4,,
11708,I Wish It Could Be Christmas Everyday,Girls Aloud,,00:00:00,03:59.6,,
11711,Merry Christmas Baby,Elvis Presley,,00:00:00,05:35.9,1971,
11713,The Christmas Song,Christina Aguilera,,00:00:00,03:58.9,,
11715,Dream A Dream,Charlotte Church,,00:00:00,03:44.2,,
11716,Mary's Boy Child + Oh My Lord,Boney M,,00:00:00,03:57.6,1978,
11718,Do They Know It's Christmas?,Band Aid,,00:00:00,03:36.7,1984,
11719,Happy New Year,Abba,,00:00:00,04:16.4,1981,
11721,Merry Xmas Everybody,Slade,,00:00:00,03:22.1,1973,
11722,Wintersong,Sarah McLachlan,,00:00:00,03:20.2,,
11723,Walking in the Air,Peter Auty,,00:00:00,03:27.1,,
11724,O Christmas Tree,Mario Lanza,,00:00:00,01:57.8,,
11725,Home For Christmas,Maria Mena,,00:00:00,03:36.4,,
11726,Have Yourself A Merry Little Christmas,Luther Vandross,,00:00:00,04:58.0,,
11728,The Little Drummer Boy,Johnny Cash,,00:00:00,02:28.4,1959,
11729,Deck the Halls,Jackie Wilson,,00:00:00,01:12.2,,
11730,Love On Layaway,Gloria Estefan,,00:00:00,04:19.2,,
11731,Do You Hear What I Hear,Gladys Knight & The Pips,,00:00:00,03:52.5,1978,
11732,December Song (I Dreamed Of Christmas),George Michael,,00:00:00,03:23.7,2008,
11733,Over the Rainbow,Eva Cassidy,,00:00:00,04:53.6,,
11735,Christmas Day,Dido,,00:00:00,03:54.4,2001,
11736,Early Christmas Morning,Cyndi Lauper,,00:00:00,03:33.3,,
11738,Joy To The World,Aretha Franklin,,00:00:00,02:58.5,,
11739,What Christmas Means To Me,Al Green,,00:00:00,03:37.9,,
11740,The Power of Love,Frankie Goes To Hollywood,,00:00:00,05:22.2,,
11741,2000 Miles,The Pretenders,,00:00:00,03:30.7,,
11742,Blue Christmas,Shakin' Stevens,,00:00:00,02:37.7,,
11743,Merry Xmas Everybody,Steps,,00:00:00,03:33.5,,
11744,I Have A Dream,Westlife,,00:00:00,04:10.7,,
11745,Christmas Time,Backstreet Boys,,00:00:00,04:00.6,2012,
11746,I Don't Wanna Spend One More Christmas Without You,Nsync,,00:00:00,03:59.0,,
11747,My Only Wish (This Year),Britney Spears,,00:00:00,04:11.1,,
11748,Wombling Merry Christmas,The Wombles,,00:00:00,03:16.5,1974,
11749,Proper Crimbo,Bo Selecta,,00:00:00,03:35.4,2003,
11750,It's Christmas Time,Status Quo,,00:00:00,04:05.0,2008,
11751,Christmas Bop,T-Rex,,00:00:00,03:27.1,,
11752,Sleigh Ride,Air Supply,,00:00:00,02:18.8,,
11753,Mary's Boy Child,Harry Belafonte,,00:00:00,02:51.9,,
11754,Silent Night,G4,,00:00:00,02:47.7,,
11755,Pie Jesu,Angelis,,00:00:00,03:11.4,,
11756,Santa's Little Helpers,The Rainbow Collections,,00:00:00,03:17.8,,
11757,All I Want For Christmas (Is My Two Front Teeth),Spike Jones And His City Slickers,,00:00:00,03:08.1,1948,
11758,Lonely This Christmas,The Great British Barbershop Boys,,00:00:00,03:10.4,,
11759,Ave Maria,The Priests,,00:00:00,04:20.4,,
11760,It's the Most Wonderful Time of the Year,Andy Williams,,00:00:00,02:39.4,,
11761,The Millennium Prayer,Cliff Richard,,00:00:00,04:30.6,1999,
11762,Let It Snow! Let It Snow! Let It Snow!,Frank Sinatra,,00:00:00,02:33.6,,
11763,I Believe In Father Christmas,Greg Lake,,00:00:00,03:28.5,,
11764,A Winter's Tale,David Essex,,00:00:00,04:07.5,,
11765,I Believe,Robson & Jerome,,00:00:00,02:03.9,,
11766,Winter Wonderland,Tony Bennett,,00:00:00,02:10.4,2008,
11767,A Spaceman Came Travelling,Chris De Burgh,,00:00:00,04:52.6,,
11768,When You Wish Upon A Star,Glenn Miller,,00:00:00,02:48.9,,
11769,When A Child Is Born,Johnny Mathis,,00:00:00,03:33.5,,
11770,Santa Baby,Eartha Kitt,,00:00:00,03:22.8,,
11771,I'll Be Home For Christmas,Doris Day,,00:00:00,02:22.3,,
11772,White Christmas,Vera Lynn w Mantovani & His Orchestra,,00:00:00,03:16.1,,
11773,Oh Happy Day,The Edwin Hawkins Singers,,00:00:00,05:01.4,,
11774,We Three Kings,Winchester Cathedral Choir,,00:00:00,02:33.1,,
11775,Ding! Dong! Merrily On High,"The Choir of Trinity College, Cambridge",,00:00:00,01:41.9,,
11776,O Come All Ye Faithful,"The Choir of Trinity College, Cambridge",,00:00:00,02:41.2,,
11777,Hark the Herald Angels Sing,"The Choir of Trinity College, Cambridge",,00:00:00,02:51.7,,
11778,O Little Town of Bethlehem,"The Choir of Trinity College, Cambridge",,00:00:00,02:25.0,,
11779,Auld Lang Syne,Gay Gordon,,00:00:00,03:26.1,,
11780,The Best Christmas Yet,The Burnt Bridges,,00:24.6,04:25.0,,Fade
11781,Hark the Herald Angels Sing,Cum Cantibus in Choro - Harrow Choral Society,,00:00:00,03:50.2,,
11782,Birthday Carol,Cum Cantibus in Choro - Harrow Choral Society,,00:00:00,02:39.2,,
11783,Ding Dong Merrily On High,Cum Cantibus in Choro - Harrow Choral Society,,00:00:00,01:42.7,,
11785,Past Three A Clock,Cum Cantibus in Choro - Harrow Choral Society,,00:00:00,02:09.0,,
11786,Unto us is Born a Son,Cum Cantibus in Choro - Harrow Choral Society,,00:00:00,02:05.6,,
11787,Noel Nouvelet,Cum Cantibus in Choro - Harrow Choral Society,,00:00:00,01:28.0,,
11788,Good King Wenceslas,Cum Cantibus in Choro - Harrow Choral Society,,00:00:00,01:15.8,,
11789,Coventry Carol,Cum Cantibus in Choro - Harrow Choral Society,,00:00:00,03:01.4,,
11790,O Little Town of Bethlehem,Cum Cantibus in Choro - Harrow Choral Society,,00:00:00,03:18.5,,
11791,Alleluia,Cum Cantibus in Choro - Harrow Choral Society,,00:00:00,02:47.3,,
11792,The Coventry Carol,Cum Cantibus in Choro - Harrow Choral Society,,00:00:00,02:10.8,,
11793,"God Rest You Merry, Gentlemen",Cum Cantibus in Choro - Harrow Choral Society,,00:00:00,02:18.7,,
11794,Ave Maria,Cum Cantibus in Choro - Harrow Choral Society,,00:00:00,02:24.3,,
11795,Joseph's Carol,Cum Cantibus in Choro - Harrow Choral Society,,00:00:00,03:45.8,,
11796,It Came Upon The Midnight Clear,Cum Cantibus in Choro - Harrow Choral Society,,00:00:00,03:21.0,,
11797,Angelus ad Virginem,Cum Cantibus in Choro - Harrow Choral Society,,00:00:00,02:08.4,,
11798,Gaudeamus,Cum Cantibus in Choro - Harrow Choral Society,,00:00:00,02:56.0,,
11799,The Holly and the Ivy,Cum Cantibus in Choro - Harrow Choral Society,,00:00:00,01:34.3,,
11800,Whence is that Goodly Fragrance?,Cum Cantibus in Choro - Harrow Choral Society,,00:00:00,01:36.8,,
11801,I Saw Three Ships,Cum Cantibus in Choro - Harrow Choral Society,,00:00:00,02:15.5,,
11802,Christmas Day,Cum Cantibus in Choro - Harrow Choral Society,,00:00:00,07:24.5,,
11803,A Merry Christmas,Cum Cantibus in Choro - Harrow Choral Society,,00:00:00,01:41.9,,
11804,"O Come, All Ye Faithful",Cum Cantibus in Choro - Harrow Choral Society,,00:00:00,04:30.8,,
11805,Santa Claus Is Coming To Town,The Overtones,,00:00:00,02:30.8,,
11806,It's The Most Wonderful Time o,The Overtones,,00:00:00,02:39.5,,
11807,Winter Wonderland,The Overtones,,00:00:00,02:23.4,,
11808,Chestnuts Roasting on an Open,The Overtones,,00:00:00,03:34.9,,
11809,Driving Home for Christmas,The Overtones,,00:00:00,03:16.2,,
11810,Have Yourself A Merry Little C,The Overtones,,00:00:00,03:07.9,,
11811,Sleigh Ride,The Overtones,,00:00:00,02:46.1,,
11812,Good Ol' Fashioned Christmas,The Overtones,,00:00:00,03:00.2,,
11813,"Let It Snow, Let It Snow, Let",The Overtones,,00:00:00,03:09.4,,
11814,White Christmas,The Overtones,,00:00:00,02:36.7,,
11815,Holiday Piano.mp3,Classical Christmas,,00:00:00,04:48.1,,
11816,An Angel Came Down,Trans-Siberian Orchestra,,00:00:00,03:45.5,,
11817,Christmas Dinner,Classical Christmas,,00:00:00,03:51.4,,
11818,Joy To The World,Mormon Tabernacle Choir,,00:00:00,02:08.9,,
11819,Silent Night,Christmas Classical,,00:00:00,04:32.9,,
11820,Little Drummer Boy,Classical Christmas,,00:00:00,03:19.5,,
11821,O Come All Ye Faithful/O Holy,Trans-Siberian Orchestra,,00:00:00,04:13.3,,
11822,O Little Town of Bethlehem,Mormon Tabernacle Choir,,00:00:00,04:26.1,,
11823,Schubert_ Mille Cherubini In Coro,Christmas Classical,,00:00:00,03:18.6,,
11824,A Star to Follow,Trans-Siberian Orchestra,,00:00:00,03:45.9,,
11825,Amazing Grace,Classical Christmas,,00:00:00,05:16.4,,
11826,Christmas Music,Classical Christmas,,00:00:00,04:18.9,,
11827,O Come All Ye Faithful,Mormon Tabernacle Choir,,00:00:00,02:43.4,,
11828,03 Veni Veni.mp3,OI9,,00:00:00,04:08.9,,
11829,"Brahms_ Wiegenlied, Op. 49",Classical Christmas,,00:00:00,02:31.4,,
11830,Carol of The Bells,Mormon Tabernacle Choir,,00:00:00,01:42.1,,
11831,Carol of The Bells,Christmas Choir,,00:00:00,03:59.1,,
11832,First Snow,Trans-Siberian Orchestra,,00:00:00,03:41.8,,
11833,Little Drummer Boy,Christmas Choir,,00:00:00,02:38.6,,
11834,Hallelujah Chorus,Mormon Tabernacle Choir,,00:00:00,03:56.2,,
11835,The First Noel,Christmas Classical,,00:00:00,03:37.3,,
11836,The Silent Nutcracker,Trans-Siberian Orchestra,,00:00:00,02:18.1,,
11837,A Mad Russian's Christmas,Trans-Siberian Orchestra,,00:00:00,04:38.1,,
11838,Amazing Grace,Classical Christmas,,00:00:00,03:07.4,,
11839,Gift of Love,Classical Christmas,,00:00:00,03:30.3,,
11840,White Christmas,Mormon Tabernacle Choir,,00:00:00,03:55.7,,
11841,Navidad,Classical Christmas,,00:00:00,03:42.9,,
11842,O Holy Night,Christmas Choir,,00:00:00,04:09.2,,
11843,The Prince of Peace,Trans-Siberian Orchestra,,00:00:00,03:29.0,,
11844,Winter Wonderland,Mormon Tabernacle Choir,,00:00:00,02:34.7,,
11845,Carol of the Drum (Little Drum,Mormon Tabernacle Choir,,00:00:00,02:28.9,,
11846,Christmas Eve (Sarajevo 12/24),Trans-Siberian Orchestra,,00:00:00,03:09.1,,
11847,Jingle Bells,Christmas Choir,,00:00:00,02:43.2,,
11848,08 White Christmas.mp3,88HJCF,,00:00:00,02:16.6,,
11849,For Unto Us a Child Is Born,Mormon Tabernacle Choir,,00:00:00,04:17.1,,
11850,Good King Joy,Trans-Siberian Orchestra,,00:00:00,06:25.7,,
11851,09 Greensleeves.mp3,PO8MAS,,00:00:00,03:21.8,,
11852,Joy To The World,Christmas Choir,,00:00:00,03:03.6,,
11853,"09 Schubert_ Ave Maria, D 389.mp3",99UU,,00:00:00,04:24.0,,
11854,10 Greensleeves.mp3,GF4,,00:00:00,03:06.3,,
11855,10 Mascagni_ Ave Maria.mp3,93T5,,00:00:00,03:11.4,,
11856,Ornament,Trans-Siberian Orchestra,,00:00:00,03:34.1,,
11857,Silver Bells,Mormon Tabernacle Choir,,00:00:00,03:36.9,,
11858,Hark the Herald Angels Sing,Christmas Choir,,00:00:00,03:15.9,,
11859,It's the Most Wonderful Time of the Year,8GR4,,00:00:00,02:16.9,,
11860,O Tannenbaum,Mormon Tabernacle Choir,,00:00:00,02:11.0,,
11861,The First Noel,Trans-Siberian Orchestra,,00:00:00,00:52.5,,
11862,Old City Bar,Trans-Siberian Orchestra,,00:00:00,06:12.7,,
11863,Pachelbel Canon in D,YT54,,00:00:00,04:34.1,,
11864,Silent Night,Mormon Tabernacle Choir,,00:00:00,04:33.1,,
11866,13 If we hold on together.mp3,UYT55,,00:00:00,02:58.0,,
11867,"13 Jesu, Joy.mp3",99UUU,,00:00:00,03:57.2,,
11868,Promises to Keep,Trans-Siberian Orchestra,,00:00:00,02:38.5,,
11869,14 Medley.mp3,EER4,,00:00:00,13:16.2,,
11870,The Holly and the Ivy,Christmas Choir,,00:00:00,03:22.3,,
11871,This Christmas Day,Trans-Siberian Orchestra,,00:00:00,04:14.2,,
11872,An Angel Returned,Trans-Siberian Orchestra,,00:00:00,03:35.2,,
11873,15 Hallelujah.mp3,7YYY,,00:00:00,03:27.9,,
11874,15 Stille Nacht.mp3,8YYF,,00:00:00,03:26.0,,
11875,16 Christmas Lullaby.mp3,545EE,,00:00:00,02:33.4,,
11876,O Holy Night,Trans-Siberian Orchestra,,00:00:00,02:34.1,,
11877,Away In A Manger,Christmas Choir,,00:00:00,03:13.5,,
11878,God Rest Ye Merry Gentlemen,Trans-Siberian Orchestra,,00:00:00,01:08.5,,
11880,O Come All Ye Faithful,Christmas Choir,,00:00:00,02:44.3,,
11881,20 Holiday Music.mp3,77GY,,00:00:00,02:54.0,,
11883,22 Ode to Joy.mp3,9988,,00:00:00,03:31.8,,
11884,23 Christmas.mp3,23WSFGYU,,00:00:00,04:15.7,,
11885,24 The Wind Beneath My Wings.mp3,ZXCEQ,,00:00:00,04:11.1,,
11886,25 Love Actually.mp3,66TTJI,,00:00:00,03:51.6,,
11887,Christmas Waltz,Christmas Classical,,00:00:00,02:53.0,,
11888,27 You Raise Me Up.mp3,7766TL,,00:00:00,03:54.7,,
11889,28 Christmas Spirit.mp3,545,,00:00:00,03:31.2,,
11890,JingleBells_keezer.mp3,Christmas Music,,00:00:00,02:23.1,,
11891,Deck the Halls,New York Symphony Orchestra &,,00:00:00,02:15.3,,
11892,Twelve Days Of Christmas,The Andrews Sisters & Bing Cr,,00:00:00,03:20.4,,
11893,Silent Night,Frank Sinatra,,00:00:00,03:10.8,,
11894,The First Noel,New York Symphony Orchestra &,,00:00:00,02:35.6,,
11895,Ave Maria,Orchestra,,00:00:00,02:33.8,,
11896,God Rest Ye Merry Gentlemen,New York Symphony Orchestra &cd,,00:00:00,01:54.7,,
11897,Silent Night,New York Symphony Orchestra &cd,,00:00:00,03:07.3,,
11898,The First Noel,Ella Fitzgerald,,00:00:00,01:44.5,,
11899,Here We Come a Wassailing,New York Symphony Orchestra,,00:00:00,03:06.0,,
11909,Jingle Bells,Winchester Cathedral Choirtt,,00:00:00,01:03.1,,
11910,Naked In The Rain,Blue Pearl,,00:29.2,03:43.5,1990,Fade
11911,We Wish You A Merry Christmas,Winchester Cathedral,,00:00:00,01:26.9,,
11912,We Wish You A Merry Christmas,New York Symphony Orchestra &utdut,,00:00:00,02:30.3,,
11913,Messiah - Pastoral Symphony,RSO Ljubljana - Conductor: An,,00:00:00,01:54.3,,
11914,O Tannenbaum,iugiuylstra &,,00:00:00,00:03:04,,
11915,"O Come, All Ye Faithfull",ls Cathedral Choir,,00:00:00,03:29.6,,
11916,O Holy Night,kliyfiuytra &,,00:00:00,02:55.1,,
11917,Hark! The Herald Angels Sing,yifi76,,00:00:00,02:39.2,,
11918,Winter Wonderland,Johnny Mercer,,00:00:00,02:52.2,,
11919,Adeste Fidelis,Bing Crosby,,00:00:00,03:08.4,,
11920,The Holly and the Ivy,jgfiiuony Orchestra &,,00:00:00,03:28.6,,
11921,O Come All Ye Faithful,kjyfi63sd,,00:00:00,03:08.8,,
11922,Rejoice & Be Merry,gfuyftminster Cathedral Choir,,00:00:00,01:45.1,,
11923,Away In A Manger,77uyt,,00:00:00,03:31.5,,
11924,12 Go Tell It On The Mountain.mp3,yyttuuju,,00:00:00,03:36.3,,
11925,(There'll Be) Peace In The Va,Elvis Presley,,00:00:00,03:19.1,,
11926,Up on a Housetop,77uuppSymphony Orchestra &,,00:00:00,01:53.5,,
11927,unknown holiday,diaos,,00:00:00,04:34.9,,
11928,We Three Kings,erafwefe,,00:00:00,02:52.2,,
11929,Jingle Bells,x3fg4hy5,,00:00:00,02:26.3,,
11930,O'tannenbaum,Nat King Cole,,00:00:00,02:53.8,,
11931,God Rest Ye Merry Gentlemen,St. Pauls Cathedral Choir,,00:00:00,02:21.8,,
11932,O Little Town of Bethlehem,wef Orchestra &,,00:00:00,03:05.6,,
11933,Ding Dong Merrily On High,The Cambridge Epiphany,,00:00:00,01:45.0,,
11934,White Christmas,H890LYTOrchestra &,,00:00:00,03:25.9,,
11935,I Wonder As I Wander,The Island Choral 98,,00:00:00,03:49.4,,
11936,Joy To The World,7654EFFtra &,,00:00:00,03:00.5,,
11937,Noél Blanc,Jacqueline Francois,,00:00:00,02:52.8,,
11938,20 The Nutcracker Suite from The Ballet Op 71 - 7,MHFAWQ2,,00:00:00,02:33.5,,
11939,Away In A Manger,G453TQFedral Choir,,00:00:00,02:19.6,,
11940,Greensleeves,Marcus Shelton,,00:00:00,03:12.6,,
11941,Good King Wenceslas,CEGA4EGFphany Singers,,00:00:00,02:30.8,,
11942,GOK,IUFUD,,00:00:00,02:25.1,,
11943,Hallelujah Chorus,Various Artists X,,00:00:00,03:58.4,,
11945,Youre a Mean One Mr Grinch,Brian Setzer Orchestra,,00:08.0,02:26.4,,
11946,Ive Got My Love to Keep me Warm,Dean Martin,,00:08.7,02:39.3,,
11947,Everything Gonna Be Cool This Christmas,Eels,,00:09.8,02:43.5,,
11948,Ruldolph The Red Nosed Reindeer,Ella Fitzgerald,,00:06.8,02:49.3,,
11949,Winter Wonderland,Elvis Presley,,00:07.0,02:15.8,,
11950,I Believe,Frank Sinatra,,00:06.8,02:26.3,,
12000,3 Waltzes,Abbey Simon,,00:00:00,02:35.3,,
12001,In The Mist,Andante,,00:00:00,04:17.5,,
12002,(Gayane) Sabre Dance,Aram Khachaturan,,00:00:00,02:14.5,,
12003,Rule Britannia,Arne,,00:00:00,06:01.8,,
12004,Air on a G String,Bach,,00:00:00,03:04.6,1988,
12005,Brandenburg Concerto #3,Bach,,00:00:00,06:36.2,1991,
12006,Cantata,Bach,,00:00:00,03:27.4,,
12007,Cello Suite,Bach,,00:00:00,02:14.4,,
12008,Sicilliano from Flute Sonata,Bach,,00:00:00,02:08.9,,
12009,Toccata & Fugue in D Minor,Bach,,00:00:00,02:24.0,,
12010,Adagio,Barber,,00:00:00,06:17.3,,
12011,5th Symphony,Beethoven,,00:00:00,06:25.9,,
12012,9th Symphony,Beethoven,,00:00:00,00:50.0,,
12013,Fur Elise,Beethoven,,00:00:00,02:55.9,,
12014,Moonlight Sonata,Beethoven,,00:00:00,05:24.0,,
12015,Piano Sonata No 8,Beethoven,,00:00:00,04:50.4,,
12016,Habanera Carmen (Brook Ensemble),Bizet,,00:00:00,02:42.7,,
12017,Intermezzo,Bizet,,00:00:00,03:05.0,,
12018,March of Toreadore,Bizet,,00:00:00,04:12.3,,
12019,Toreador (Carmen),Bizet,,00:00:00,05:27.0,,
12020,Etude for the Left Hand in A Flat Major,Blumenfield,,00:00:00,04:53.6,,
12021,Minuet,Boccherini,,00:00:00,03:51.0,,
12022,Hungarian Dance No5,Brahams,,00:00:00,02:06.0,,
12023,Violin Concerto No1,Bruch,,00:00:00,07:39.3,,
12024,O Fortuna,Carmina Burana,,00:00:00,02:33.6,,
12025,"Te Denum, (Prelude)",Charpentier,,00:00:00,01:58.8,,
12026,Prelude in D Flat Majot,Chopin,,00:00:00,05:25.9,,
12027,Waltz in E Flat Major,Chopin,,00:00:00,05:11.0,,
12028,Fanfare For The Common Man,Copland,,00:00:00,03:43.2,1990,
12029,Clair De Lune,Debussy,,00:00:00,04:52.8,1990,
12030,Syrinx,Debussy,,00:00:00,02:23.9,,
12031,Miserere Mei,Deus,,00:00:00,04:27.7,,
12032,The Sorcerer's Apprentice,Dukas,,00:00:00,02:02.3,,
12033,Largo (New World Symphony),Dvorak,,00:00:00,04:17.1,,
12034,Nimrod,Edward Elgar,,00:00:00,04:08.3,1995,
12035,Pomp & Circumstance (Land of Hope & Glory),Edward Elgar,,00:00:00,05:44.1,2021,
12036,Merrymakers Dance from Nell Gwynn,Edward German,,00:00:00,02:37.1,,
12037,In the Hall of the Mountain King,Edward Grieg,,00:00:00,02:35.5,,
12038,Morning (Peer Gynt),Edward Grieg,,00:00:00,03:41.9,,
12039,24 Preludes,Evengy Kissin,,00:00:00,01:52.0,,
12040,Military March for Piano (4 Hands),Evengy Kissin,,00:00:00,05:51.6,,
12041,Obras Para Guiatarra,Fernando Espi,,00:00:00,02:45.8,,
12042,Ave Maria (Brook Ensemble),Franz Schubert,,00:00:00,04:58.9,,
12043,Symphony No 8. in B Minor,Franz Schubert,,00:00:00,14:02.8,,
12044,Sicilienne,Gabriel Faure,,00:00:00,03:55.2,,
12045,Rhapsody in Blue for Clarinet,George Gershwin,,00:00:00,08:27.3,,
12046,Air Minuet,Handel,,00:00:00,05:24.3,,
12047,Arrival of the Queen of Sheba (Brook Ensemble),Handel,,00:00:00,03:03.1,,
12048,Messiah (Hallelujah Chrous),Handel,,00:00:00,04:01.2,,
12049,Water Music,Handel,,00:00:00,03:07.6,1988,
12050,Zadok the Priest,Handel,,00:00:00,05:35.8,,
12051,"Trumpet Concerto In E Flat, H",Haydn,,00:00:00,04:34.5,,
12052,The Planets (Jupiter The Bringer Of Jollity),Holst,,00:00:00,08:10.1,1923,
12053,The Planets Mars,Holzt,,00:00:00,07:04.8,,
12054,Danube Waves (Waltz),Ivanovici,,00:00:00,08:00.0,,
12055,Galop Infernal (The CanCan),Jacques Offenbach,,00:00:00,02:21.5,,
12056,Meditation from Thais,Jules Massenet,,00:00:00,04:12.9,,
12057,Hwai Horses,Lang Lang,,00:00:00,02:34.3,,
12058,Piano Sonata No 23 (Appassionata),Lang Lang,,00:00:00,08:25.3,,
12059,Gold and Silver (Waltz),Lehar,,00:00:00,08:41.0,,
12060,Dreams of Love In A,Liszt,,00:00:00,04:38.6,,
12061,Hungarian Rhapsody No 2,Liszt,,00:00:00,10:19.9,,
12062,La Campanella,Liszt,,00:00:00,05:28.4,,
12063,Spring Song,Mendelssohn,,00:00:00,02:43.2,,
12064,Eine Kleine Nachtmusik (Brook Ensemble),Mozart,,00:00:00,05:27.9,,
12065,Horn Concerto,Mozart,,00:00:00,03:33.1,,
12066,Symphony No 36 (4th Movement),Mozart,,00:00:00,07:57.3,,
12067,Night on the Bare Mountain,Mussorgsky,,00:00:00,03:12.3,,
12068,Jerusalem,Parry,,00:00:00,02:26.8,1991,
12069,L'Isle Joyeuse,Paul Crossley,,00:00:00,06:42.4,,
12070,Nessun Dorma,Pavarotti,,00:00:00,03:18.0,1990,
12071,Dance of The Hours,Ponchielli,,00:00:00,01:24.6,1912,
12072,Dance of the Knights (Romeo & Juliet),Prokofiev,,00:00:00,01:58.0,,
12073,Omio Babbino Caro,Puccini,,00:00:00,02:37.8,,
12074,"Piano Concerto #2, Op. 18",Rachmaninoff,,00:00:00,10:14.3,1996,
12075,Prelude In C Sharp Minor,Rachmaninoff,,00:00:00,04:08.5,,
12076,Alborado Del Gracioso,Ravel,,00:00:00,07:13.5,,
12077,Bolero,Ravel,,00:00:00,05:17.4,,
12078,Meistersinger Overture,Richard Wagner,,00:00:00,09:45.4,,
12079,Koraskov,Rimsky,,00:00:00,01:13.4,,
12080,Barber of Seville,Rossini,,00:00:00,04:46.5,,
12081,William Tell Overture,Rossini,,00:00:00,03:09.4,1968,
12082,God Save the Queen,Royal Philharmonic Orchestra,,00:00:00,04:06.8,,
12083,Light Cavalry Overture,Royal Philharmonic Orchestra,,00:00:00,06:39.9,,
12084,Jack The Lad,Royal Philiharmonic Orchestra,,00:00:00,02:08.5,,
12085,3 Gnossiesses,Satie,,00:00:00,03:09.3,,
12086,Gymnopedie No 1,Satie,,00:00:00,03:21.5,2013,
12087,L'enfance Du Christ Part II,Sir Colin Davis,,00:00:00,04:32.5,,
12088,Beautiful Blue Danube (Waltz),Strauss,,00:00:00,09:38.6,,
12089,Die Fledermals Overture,Strauss,,00:00:00,03:00.3,,
12090,Nuns' Chorus & Laura's Aria,Strauss,,00:00:00,04:26.2,,
12091,Vienna Blood (Waltz),Strauss,,00:00:00,08:17.0,,
12092,Zarathustra (2001),Strauss,,00:00:00,01:17.8,1989,
12093,1812 Overture,Tchaikovsky,,00:00:00,03:31.0,,
12094,Dance of the Reed Flutes,Tchaikovsky,,00:00:00,02:05.7,,
12095,Dance of the Swans,Tchaikovsky,,00:00:00,01:33.8,,
12096,Piano Concerto in B Flat Minor,Tchaikovsky,,00:00:00,03:13.0,,
12097,Romeo & Juliet Fantasy Overture,Tchaikovsky,,00:00:00,06:26.7,,
12098,Symphony No 6 in B minor (Pathétique),Tchaikovsky,,00:00:00,07:59.6,,
12099,Waltz from Swan Lake,Tchaikovsky,,00:00:00,07:47.1,,
12100,Waltz of the flowers,Tchaikovsky,,00:00:00,07:33.3,,
12101,The British Grenadiers,Thomas Arne,,00:00:00,03:57.9,,
12102,Greensleeves,Vaughan Williams,,00:00:00,02:37.0,,
12103,The Lark Ascending,Vaughan Williams,,00:00:00,14:54.2,,
12104,Four Seasons,Vivaldi,,00:00:00,03:21.6,1977,
12105,Sping (the four seasons),Vivaldi,,00:00:00,03:10.2,,
12106,Ride of The Valkyries,Wagner,,00:00:00,03:01.1,,
12107,The Skaters (Waltz),Waldteufel,,00:00:00,07:52.9,,
12108,Crown Imperial,Walton,,00:00:00,06:37.9,,
12300,LIVE Dont Stop,5 Seconds Of Summer,,00:03.5,02:35.0,,
12301,LIVE Head Over Feet (Accoustic),Alanis Morrissette,,00:00:00,04:08.2,,
12302,LIVE No Roots,Alice Merton,,00:11.3,03:49.7,,
12303,LIVE You know you Like It,AlunaGeorge,,00:01.2,03:39.9,,
12304,LIVE Dumb,Beautiful South,,00:00:00,03:32.2,,
12305,LIVE Perfect 10,Beautiful South,,00:00:00,03:27.7,,
12306,LIVE Im a Mess,Bebe Rexha,,00:04.4,02:30.4,,
12307,LIVE Meant To Be,Bebe Rexha,,00:05.9,02:33.8,,
12308,LIVE Back & Forth,Becky Hill,,00:00.9,03:00.2,,
12309,LIVE Rearrange,Biffy Clyro,,00:00:00,03:52.1,,
12310,LIVE I Cant Stand It,Blossoms,,00:18.6,03:14.5,,
12311,LIVE Theres a Reason Why,Blossoms,,00:15.4,03:34.0,,
12312,LIVE End of a Century,Blur,,00:00:00,02:36.7,,
12313,LIVE Electric Love,BORNS,,00:02.5,04:47.3,,
12314,LIVE Stay High,Britanny Howard,,00:00:00,03:32.5,,
12315,LIVE Summer of 69,Bryan Adams,,00:00:00,03:48.2,,
12316,LIVE Acceptable 80s,Calvin Harris,,00:00.4,03:05.1,,
12317,LIVE By your Side,Calvin Harris & Tom Grennan,,00:00:00,03:07.0,,
12318,LIVE Impossible,Charlatans,,00:00:00,04:53.5,,
12319,LIVE Tilted,Christine & The Queens,,00:00.5,03:51.1,,
12320,LIVE Put Your Records On,Corinne Bailey Rae,,00:00:00,03:25.5,,
12321,LIVE Not 19 Forever,Courteeners,,00:00.1,03:57.0,,
12322,LIVE Change,Daniel Merryweather,,00:00:00,03:24.6,,
12323,LIVE Bad Day,Daniel Powter,,00:00.6,03:26.9,,
12324,LIVE Beautiful Faces,Declan McKenna,,00:00:00,03:02.1,,
12325,LIVE Outnumbered,Dermort Kennedy,,00:00:00,03:48.6,,
12326,LIVE Good Enough,Dodgy,,00:00:00,04:02.1,,
12327,LIVE Im Not The Only One,Dua Lipa,,00:01.5,03:09.8,,
12328,LIVE New Rules,Dua Lipa,,00:00.4,03:25.1,,
12329,LIVE The One,Dua Lipa,,00:00.3,03:14.6,,
12330,LIVE Mercy,Duffy,,00:00:00,03:32.4,,
12331,LIVE The Writer,Ellie Goulding,,00:00.6,04:10.8,,
12332,LIVE Stary Eyed,Ellie Goulding,,00:00:00,02:51.1,,
12333,LIVE Next to Me,Emeli Sande,,00:00:00,03:20.4,,
12334,LIVE I Wanna Dance with Somebody,Fall Out Boy,,00:00:00,04:19.6,,
12335,LIVE Dog Days are Over,Florence & The Machine,,00:00:00,04:27.7,,
12336,LIVE Everlong,Foo Fighters,,00:00:00,04:06.1,,
12337,LIVE Take Me Out,Franz Ferdinand,,00:00:00,03:46.3,,
12338,LIVE Chelsea Dagger,Fratellis,,00:00.4,03:25.2,,
12339,LIVE Whistle For The Choir,Fratellis,,00:00:00,03:18.6,,
12340,LIVE Sweet About Me,Gabriella Cilmi,,00:00:00,03:35.8,,
12341,LIVE Dont Matter Now,George Ezra,,00:00.1,02:44.9,,
12342,LIVE Hold My Girl,George Ezra,,00:00:00,03:21.1,,
12343,LIVE Shotgun,George Ezra,,00:00.2,03:06.2,,
12344,LIVE Good Morning,Group Love,,00:00.4,02:53.9,,
12345,LIVE Cash Machine,Hard Fi,,00:00:00,03:37.3,,
12346,LIVE Worries About Ray,Hoosier,,00:00:00,02:55.5,,
12347,LIVE Take Me To Church,Hozier,,00:00:00,04:00.8,,
12348,LIVE Say My Name,Hozier,,00:00:00,04:23.4,,
12349,LIVE Daydream,I Monster,,00:00:00,03:54.8,,
12350,LIVE Thunder,Imagine Dragons,,00:00:00,03:24.9,,
12351,LIVE Un Huh,Jade Bird,,00:00:00,02:49.1,,
12352,LIVE Lightning Bolt,Jake Bugg,,00:00:00,02:16.2,,
12353,LIVE The Best,James Bay,,00:00:00,04:15.5,,
12354,LIVE You Give Me Something,James Morrison,,00:00:00,04:33.9,,
12355,LIVE This Is Real,Jax Jones,,00:00.8,02:43.7,,
12356,LIVE Price Tag,Jessie J,,00:00:00,03:26.9,,
12357,LIVE Are you gonna be My Girl,Jet,,00:00:00,03:45.9,,
12358,LIVE Holy,Justin Bieber,,00:00:00,03:23.2,,
12359,LIVE Oh My God,Kaiser Chiefs,,00:00:00,03:19.5,,
12360,LIVE Somewhere on we Know,Keane,,00:00:00,03:45.2,,
12361,LIVE Beacuse of You,Kelly Clarkson,,00:00:00,03:20.2,,
12362,LIVE She Moves in Her Own Way,Kooks,,00:00:00,02:45.4,,
12363,LIVE Im So Tired,Lauv,,00:02.1,03:01.7,,
12364,LIVE Once,Liam Gallagher,,00:00.8,03:19.1,,
12365,LIVE Shout Out To My Ex,Little Mix,,00:00:00,02:39.3,,
12366,LIVE Dont Call Me Up,Mabel,,00:00:00,03:28.6,,
12367,LIVE I Tray,Macy Gray,,00:00:00,04:12.5,,
12368,LIVE Wont Go Home Without You,Maroon 5,,00:00:00,03:57.4,,
12369,LIVE Solo Dance,Martin Jensen,,00:00:00,03:09.8,,
12370,LIVE All About That Bass,Meghan Trainor,,00:00:00,02:40.2,,
12371,LIVE Never Be The Same Again,Mel C,,00:00:00,03:26.1,,
12372,LIVE Feeling Good,Michael Buble,,00:00:00,04:20.9,,
12373,LIVE Grace Kelly,Mika,,00:00:00,03:03.5,,
12374,LIVE Nothing Breaks Like A Heart,Miley Cyrus,,00:00:00,03:33.5,,
12375,LIVE The Cave,Mumford & Sons,,00:00:00,03:48.8,,
12376,LIVE Torn,Natalie Imbruglia,,00:00:00,03:02.2,,
12377,LIVE Slow Hands,Niall Horan,,00:00:00,02:36.2,,
12378,LIVE Just A Girl,No Doubt,,00:00:00,03:32.7,,
12379,LIVE Five Years Time,Noah & The Whale,,00:00:00,04:05.7,,
12380,LIVE LIFEGOESON,Noah & The Whale,,00:00:00,03:43.4,,
12381,LIVE Go Let It Out,Noah Gallagher,,00:00:00,04:55.6,,
12382,LIVE Dont Know Why,Norah Jones,,00:00:00,02:59.4,,
12383,LIVE Riverboat Song,Ocean Colour Scene,,00:00:00,04:41.4,,
12384,LIVE Day We Caught the Train,Ocean Colour Scene,,00:00:00,03:14.0,,
12385,LIVE Here It Goes Again,OK GO,,00:00:00,03:08.2,,
12386,LIVE Up,Ollie Murs & Demi Lovato,,00:00:00,03:33.3,,
12387,LIVE Stop & Stare,OneRepublic,,00:00:00,03:55.1,,
12388,LIVE Only Love Can Hurt Like This,Paloma Faith,,00:00.3,03:42.1,,
12389,LIVE Last Request,Paolo Nutini,,00:00:00,03:07.7,,
12390,LIVE Jenny Dont be Hasty,Paolo Nutini,,00:00:00,03:23.3,,
12391,LIVE Friday Im in Love,Pheobe Bridgers,,00:00:00,03:31.7,,
12392,LIVE Feel It Still,Portugal The Man,,00:00:00,02:44.7,,
12393,LIVE Common People,Pulp,,00:00:00,05:42.1,,
12394,LIVE No Surprises,Radiohead,,00:00:00,03:45.8,,
12395,LIVE Somewhere Else,Razorlight,,00:00:00,03:11.8,,
12396,LIVE Big Yellow Taxi,Rita Ora,,00:00:00,02:25.6,,
12397,LIVE My Type,Saint Motel,,00:00:00,03:30.8,,
12398,LIVE Love Song,Sarah Baralies,,00:00:00,04:28.5,,
12399,LIVE She's So Lovely,Scounting For Girls,,00:00:00,03:51.9,,
12400,LIVE Going for Gold,Shed Seven,,00:00:00,04:14.3,,
12401,LIVE She Left Me on Friday,Shed Seven,,00:00:00,03:28.4,,
12402,LIVE Everyday is a winding road,Sheryl Crow,,00:00:00,04:55.3,,
12403,LIVE Came Here For Love,Sigala & Ella Eyre,,00:00:00,03:25.2,,
12404,LIVE We Got Love,Sigala & Ella Henderson,,00:00.6,03:21.1,,
12405,LIVE Dont Feel Like Crying,Sigrid,,00:01.5,02:26.7,,
12406,LIVE Dont Kill My Vibe,Sigrid,,00:00:00,02:57.3,,
12407,LIVE Chasing Cars,Snow Patrol,,00:00:00,05:07.9,,
12408,LIVE Spitting Games,Snow Patrol,,00:00:00,03:35.0,,
12409,LIVE Tempted,Squeeze,,00:00:00,03:44.9,,
12410,LIVE Local Boy In the Photograph,Stereophonics,,00:00:00,03:10.5,,
12411,LIVE Push The Button,Sugababes,,00:00:00,03:18.4,,
12412,LIVE Every Morning,Sugar Ray,,00:00.0,03:15.1,,
12413,LIVE Pumping on you Stereo,Supergrass,,00:00:00,03:09.4,,
12414,LIVE Shine,Take That,,00:00:00,03:37.6,,
12415,LIVE September,Taylor Swift,,00:00:00,03:00.1,,
12416,LIVE Give,Ten Tonnes,,00:00:00,03:04.2,,
12417,LIVE Black Eye Boy,Texas,,00:00:00,03:20.4,,
12418,LIVE Halo,Texas,,00:00:00,03:49.8,,
12419,LIVE Pull The Other One,The Big Moon,,00:00:00,03:16.7,,
12420,LIVE Fill My Little World,The Feeling,,00:00:00,02:57.7,,
12421,LIVE Sewn,The Feeling,,00:00:00,04:55.5,,
12422,LIVE Shut & Let Me Go,The Ting Tings,,00:00:00,04:11.5,,
12423,LIVE Barbed Wire,Tom Grennan,,00:00:00,04:14.5,,
12424,LIVE This Is The Place,Tom Grennan,,00:00:00,03:33.1,,
12425,LIVE Angles,Tom Walker,,00:00:00,03:16.5,,
12426,LIVE Just You & I,Tom Walker,,00:00:00,03:10.1,,
12427,LIVE Dance Monkey,Tones and I,,00:00:00,02:44.9,,
12428,LIVE Dancing in the Moonlight,Toploader,,00:00:00,02:55.8,,
12429,LIVE This Life,Vampire Weekend,,00:00:00,05:00.9,,
12430,LIVE Shut Up And Dance,Walk The Moon,,00:00:00,03:11.6,,
12431,LIVE Hotel Yorba (live at Hotel Yorba),White Stripes,,00:00:00,02:06.2,,
12432,LIVE You dont Know What Love (You Do As Your Told),White Stripes,,00:00:00,03:54.2,,
12433,LIVE Cotton Candy,YUNGBLUD,,00:00:00,02:02.9,,
12434,LIVE Valerie,Zutons,,00:00:00,03:55.2,,
12500,One,A Chorus Line,,00:00:00,05:03.2,,
12501,Elmer Bernstein,Airplane!,,00:00:00,01:22.7,,
12502,Swanee,Al Jolson,,00:00:00,01:51.4,1962,
12503,American Beauty Theme,American Beauty,,00:00:00,02:53.6,,
12504,Tomorrow,Annie,,00:00:00,02:23.1,,
12505,Never Fully Dressed Without A Smile,Annie,,00:00:00,03:01.2,,
12506,Let's Go The Movies,Annie,,00:00:00,04:39.9,,
12507,Anything You Can Do (Doris Day),Annie Get Your Gun,,00:00:00,03:30.5,,
12508,Anything Goes,Anything Goes,,00:00:00,03:58.1,2001,
12509,Everybody Wants to be a Cat,Aristocats,,00:00:00,01:59.7,1970,
12510,Alan Silvestri,Avengers,,00:00:00,01:59.3,,
12511,Alan Silvestri,Back To The Future,,00:00:00,02:55.4,,
12512,Be Our Guest,Beauty & The Beast,,00:00:00,03:41.1,,
12513,Everybody Needs Somebody,Blue Brothers,,00:00:00,03:21.9,1980,
12514,You Give A Little Love,Bugsy Malone,,00:00:00,03:50.0,,
12515,Fat Sam's,Bugsy Malone,,00:00:00,01:43.2,,
12516,Bad Guys,Bugsy Malone,,00:00:00,02:13.4,,
12517,Put On A Happy Face,Bye Bye Birdy,,00:00:00,03:37.0,,
12518,Wilkommen,Cabaret,,00:00:00,04:29.8,,
12519,Cabaret (Liza Minnelli),Cabaret,,00:00:00,03:34.0,,
12520,All That Jazz,Chicago,,00:00:00,04:25.2,1975,
12521,All I Care About,Chicago,,00:00:00,04:08.6,,
12522,The Dambusters Theme,Dambusters,,00:00:00,03:52.8,,
12523,Memory,Elaine Paige,,00:00:00,04:17.2,1981,
12524,The Ecstacy of Gold,Ennio Morricone,,00:00:00,03:21.0,,
12525,For A Few Dollars More,Ennio Morricone,,00:00:00,03:04.0,,
12526,John Williams,ET,,00:00:00,03:21.5,,
12527,There's No Business Like Show Business,Ethel Merman,,00:00:00,02:31.0,1955,
12528,Puttin' On The Ritz,Fred Astaire,,00:00:00,02:49.0,1930,
12529,Let It Go (Idina Menzel),Frozen,,00:00:00,03:34.6,,
12530,Gone with the Wind Theme,Gone with the Wind,,00:00:00,04:22.9,,
12531,You're The One That I Want,Grease,,00:00:00,02:48.6,,
12532,Summer Nights,Grease,,00:00:00,03:36.0,,
12533,Greased Lightnin',Grease,,00:00:00,03:14.0,,
12534,Grease is the Word,Grease,,00:00:00,03:22.1,,
12535,Main Theme (Elmer Bernstein),Great Escape,,00:00:00,02:07.0,,
12536,Lydia the Tattooed Lady,Groucho Marx,,00:00:00,02:42.7,,
12537,Luck Be a Lady,Guys & Dolls,,00:00:00,02:57.0,,
12538,Timeless,Hairspray,,00:00:00,04:11.4,,
12539,Flash Bang Wallop (Tommy Steele),Half a Sixpence,,00:00:00,02:17.9,,
12540,(Hedwig's Theme) John Williams,Harry Potter,,00:00:00,04:50.7,,
12541,Catch The Plane (John Williams),Home Alone,,00:00:00,00:50.9,,
12542,Dream is Collapsing (Han Zimmer),Inception,,00:00:00,02:24.6,,
12543,Raiders of the Lost Ark (John Williams),Indiana Jones,,00:00:00,03:23.8,,
12544,Self Preservation Society,Italian Job,,00:00:00,03:15.7,,
12545,You Only Live Twice (John Barry),James Bond,,00:00:00,02:55.6,,
12546,On Her Majesty's Secret Service (John Barry),James Bond,,00:00:00,02:34.3,,
12547,James Bond Theme,James Bond,,00:00:00,02:51.8,,
12548,John Williams,Jaws Theme,,00:00:00,02:19.2,,
12549,The Bare Necessities,Jungle Book,,00:00:00,04:47.9,,
12550,I Wanna Be Like You,Jungle Book,,00:00:00,04:35.6,,
12551,John Williams,Jurassic Park,,00:00:00,03:26.8,,
12552,Getting to Know You,King And I,,00:00:00,04:59.4,,
12553,Who Am I,Les Miserables,,00:00:00,02:49.9,,
12554,Circle Of Life.,Lion King,,00:00:00,03:58.4,,
12555,Elmer Bernstein,Magnificent Seven Theme,,00:00:00,02:08.2,,
12556,Diamonds Are A Girls Best Friend,Marilyn Monroe,,00:00:00,03:33.3,,
12557,Supercalfragulistic,Mary Poppins,,00:00:00,01:59.5,,
12558,Spoonful of Sugar,Mary Poppins,,00:00:00,04:05.8,,
12559,Last Night Of The World,Miss Saigon,,00:00:00,04:25.3,,
12560,Lalo Schifrin,Mission Impossible,,00:00:00,02:29.5,,
12561,Diamonds Are A Girls Best Friend (Nicole Kidman),Moulin Rouge,,00:00:00,02:34.0,,
12562,Come What May (Kidman And McGregor),Moulin Rouge,,00:00:00,04:46.6,,
12563,We're Doing A Sequel,MUPPETS,,00:00:00,04:15.0,,
12564,The Big House,MUPPETS,,00:00:00,02:24.2,,
12565,Me Party,MUPPETS,,00:00:00,01:52.8,,
12566,Life's a Happy Song,MUPPETS,,00:00:00,04:28.4,,
12567,Ya Got Trouble (Robert Preston),Music Man,,00:00:00,03:56.2,,
12568,Wouldn't it Be Lovely,My Fair Lady,,00:00:00,03:50.2,,
12569,Get Me to the Church on Time (Stanley Holloway),My Fair Lady,,00:00:00,05:54.8,,
12570,Elmer Bernstein,North By Northwest,,00:00:00,03:05.1,,
12571,Pick a Pocket or Two,Oliver,,00:00:00,02:39.6,,
12572,Food Glorious Food,Oliver,,00:00:00,03:19.2,,
12573,Consider Yourself,Oliver,,00:00:00,03:06.0,,
12574,Henry Mancini,Pink Panther,,00:00:00,02:38.0,,
12575,When You Wish Upon A Star,Pinocchio,,00:00:00,03:14.1,,
12576,There's Nothing Like a Show on Broadway,Producers,,00:00:00,03:42.1,,
12577,Bernard Herman,Psycho,,00:00:00,02:04.0,,
12578,The Time Warp,Rocky Horror Picture Show,,00:00:00,03:16.6,1978,
12579,Singing In The Rain (Gene Kelly),Singing In The Rain,,00:00:00,02:38.6,,
12580,Moses,Singing In The Rain,,00:00:00,03:04.7,,
12581,Good Morning,Singing In The Rain,,00:00:00,04:14.1,,
12582,Heigh Ho,Snow White & The Seven Dwarfs,,00:00:00,02:44.9,,
12583,The Sound Of Music (Hills are alive),Sound Of Music,,00:00:00,02:32.1,,
12584,The Lonely Goatherd,Sound Of Music,,00:00:00,03:09.5,,
12585,My Favourite Things,Sound Of Music,,00:00:00,02:18.2,,
12586,Do Re Me,Sound Of Music,,00:00:00,05:32.0,,
12587,Nothing Like A Dame,South Pacific,,00:00:00,03:48.8,,
12588,Im Gonna Wash That Man right out of my hair,South Pacific,,00:00:00,02:53.1,,
12589,The Song That Goes Like This,Spamalot,,00:00:00,02:54.1,,
12590,His Name Is Lancelot,Spamalot,,00:00:00,01:57.3,,
12591,John Williams,Star Wars,,00:00:00,05:46.3,,
12592,Imperial March (John Williams),Star Wars,,00:00:00,02:59.6,,
12593,He Whistled At Me,Starlight Express,,00:00:00,04:27.6,,
12594,John Williams,Superman,,00:00:00,04:26.6,,
12595,Pretty Women,Sweeny Todd,,00:00:00,04:07.3,,
12596,Rhythm of Life (Sammy Davis),Sweet Charity,,00:00:00,03:52.5,,
12597,If My Friends Could See Me Now (Shirley Maclaine),Sweet Charity,,00:00:00,03:25.1,,
12598,John Barry,The Iprcress Files,,00:00:00,03:51.5,,
12599,Fred Astaire And Ginger Rogers,Top Hat White Tie And Tails,,00:00:00,04:27.5,,
12600,You’ve Got A Friend In Me (Randy Newman),Toy Story,,00:00:00,02:00.7,,
12601,I Want To Be In America,Westside Story,,00:00:00,04:50.1,,
12602,Over The Rainbow (Judy Garland),Wizard Of OZ,,00:00:00,03:37.6,,
12603,Ugly Bug Ball,Burl Ives,,00:00:00,02:55.4,,
12604,"The Good, The Bad & The Ugly",Ennio Morricone,,00:00:00,02:38.1,1989,
12607,I Dreamed a Dream,Anne Hathaway,,00:00:00,04:31.6,,Fade
12608,Do You Hear The People Sing?,Aaron Tveit and Eddie Redmayne,,00:05.6,01:58.4,,End
12609,Master of the House,Helena Bonham Carter and Les M,,00:00:00,04:47.3,,Fade
12610,Bring Him Home,Hugh Jackman,,00:10.9,03:22.9,,
12611,Stars,Russell Crowe,,00:11.1,02:28.8,,Fade
12856,Baby Queen,You Shaped Hole,,00:00:00,02:56.0,,
12857,Fake Happy,Paramore,,00:07.1,03:10.2,2017,
12858,Space Girl,Frances Forever,,00:04.8,03:36.5,2020,Fade
12859,Looking For The Light,Steven Page,,00:10.5,04:37.4,,End
12860,Young American,David Bowie,,00:24.4,03:04.8,,Fade
12861,Its a Shame,Detroit Spinners,,00:13.3,03:00.1,,Fade
12862,I like,Divine Comedy,,00:20.5,03:23.9,,Fade
12863,Melodies Haunt You,Dodgy,,00:00:00,03:35.0,,End
12864,Do Anything you wanna Do,Eddie & Hotrods,,00:11.8,03:46.3,,Fade
12865,Munich,Editors,,00:12.0,03:39.7,,
12866,Ex's & Ohs,Elle King,,00:05.0,03:18.3,,End
12867,Rubberneckin' Remix,Elvis Presley,,00:15.8,03:23.7,,End
12868,This Kill,Faith Hill,,00:08.8,03:01.2,,Fade
12869,Come On Home,Franz Ferdinand,,00:09.1,03:39.5,,End
12870,Breaking up the Girl,Garbage,,00:03.6,03:25.5,2002,Fade
12871,AM 180,Grandaddy,,00:00:00,03:12.2,,Fade
12872,Celebrity Skin,Hole,,00:01.3,02:37.8,,End
12873,Rollerover DJ,Jet,,00:00.5,03:11.0,,Slow
12874,D.a.n.c.e,Justice,,00:00:00,02:22.6,,End
12875,Everything is Average Nowadays,Kaiser Chiefs,,00:02.8,02:35.3,,Fade
12876,Do Wah Do,Kate Nash,,00:05.1,02:30.6,,
12877,Phunk Phoolin,Kephunk,,00:00:00,03:32.6,,End
12878,Bulletproof,La Roux,,00:00:00,03:24.9,,End
12879,Sweetest Soul Sensations,Lightning Seeds,,00:11.1,03:14.7,,Fade
12880,It's Getting Better,Mama Cass,,00:03.2,02:47.5,,Fade
12881,Postcards of a Young Man,Manic Street Preachers,,00:11.7,03:28.9,2010,Fade
12882,Room on The 3rd Floor,McFly,,00:04.6,03:03.6,,End
12883,Suddenly Monday,Mel C,,00:03.2,02:23.9,,Fade
12884,Chillin',Modjo,,00:14.7,04:42.6,,End
12885,Last Train To Clarksville,Monkees,,00:07.9,02:36.9,,Fade
12886,Panic Station (Clean),Muse,,00:08.8,03:01.2,,End
12887,Holy Mountain,Noel Gallagher's High Flying Birds,,00:06.1,03:46.3,,Slow
12888,Still Into You,Paramore,,00:08.4,03:31.2,,End
12889,Monday Morning 5.19,Rialto,,00:04.6,03:45.4,,Fade
12890,Alarm Clock,Rumble Strips,,00:05.0,03:06.4,,End
12891,Home,She & Him,,00:06.9,04:32.6,,Fade
12892,Something 4 the Weekend,Super Furry Animals,,00:00:00,02:35.0,,
12893,Tonight,Supercar,,00:00:00,03:30.5,,End
12894,Ladyflash,The Go Team,,00:06.8,04:01.1,,Fade
12895,Shut Up & Let Me Go,The Ting Tings,,00:07.5,02:48.8,,End
12896,Ain't Good Enough For You,Bruce Springsteen,,00:02.9,03:52.5,,Slow
12897,This Girl,Cooking on 3 Burns,,00:03.7,03:12.6,,End
12898,You Dont Know What Love is (You Just Do As your To,Daniel Merryweather,,00:22.7,03:55.2,,Slow
12899,Not If You Were the Last Junkie on Earth,Dandy Warhols,,00:00.7,03:01.1,,End
12900,Dont Stop,5 Seconds Of Summer,,00:06.2,02:48.2,,
12901,Dirty Little Secret,All American Rejects,,00:14.9,03:11.2,,
12902,FloriDada,Animal Collective,,00:06.2,03:47.0,,Fade
12903,Dont Beat The Girl Out Of My Boy,Anna Calvi,,00:20.4,03:59.9,,
12904,Black Treacle,Arctic Monkeys,,00:04.4,03:30.3,,
12905,Sometimes,Ash,,00:08.1,04:05.5,,End
12906,The Golden Age,Asteroids Galaxy Tour,,00:00.6,03:38.2,,Slow
12907,Go Home,Barenaked Ladies,,00:00.2,02:34.1,,Fade
12908,Sound of Your Voice,Barenaked Ladies,,00:09.8,03:06.0,,Fade
12909,Party Line,Belle & Sebastian,,00:15.6,04:06.3,,End
12910,Not Alone,Bernard Butler,,00:09.7,03:50.1,1998,End
12911,On Your Own,Blur,,00:08.4,04:14.8,,Slow
12912,Hey Elvis,Bryan Adams,,00:01.8,03:30.6,,Fade
12913,She's Not Your Thing,Buffalo Tom,,00:00:00,01:57.9,,
12914,Happy,C2C,,00:00:00,03:49.2,,End
12915,Cut To The Feeling,Carley Rae Jepson,,00:05.0,03:22.7,,End
12916,Cassius 99,Cassius,,00:00:00,03:24.3,,
12917,Strange Glue,Catatonia,,00:03.9,03:16.7,,Slow
12918,Crippling Self Doubt,Courtney Barnett,,00:00:00,02:42.9,,End
12919,Amy Run For The Hills,Courtship,,00:04.1,03:01.4,,End
12920,Youre No Good,DeeDee Warwick,,00:00:00,02:21.0,,Fade
12921,La La Land,Demi Lovato,,00:02.2,03:07.9,,End
12922,Fate Dont Know You,Desi Valentine,,00:11.6,03:54.3,,Fade
12923,Our Love Is Here To Stay,Dinah Washington,,00:02.6,03:04.9,,End
12924,Big When I Was Little,Eliza Doolitle,,00:00:00,03:46.1,,
12925,Accidents Will Happen,Elvis Costello,,00:00:00,02:53.6,1979,Slow
12926,Youre an Ocean,Fastball,,00:00:00,03:12.8,,
12927,are you ready,Fatty Gets a Stylist,,00:06.4,03:03.3,,
12928,Yeah Yeah Yeah Song,Flaming Lip,,00:04.3,03:48.6,2006,Fade
12929,Mexican Wine,Fountains Of Wayne,,00:00:00,03:17.2,,
12930,Radio Bar,Fountains Of Wayne,,00:00:00,02:49.6,,End
12931,Mittens,Frank Turner,,00:16.3,03:33.7,,Fade
12932,Confusion Girl (Shame Shame Shame),Frankmusik,,00:09.3,02:54.7,,End
12933,Mistress Mayble,Fratellis,,00:14.7,04:22.6,,End
12934,She Needs Me,Fyfe Dangerfield,,00:13.2,04:28.5,,Slow
12935,Marty McFly,Gasoard Royant,,00:00:00,01:59.8,,
12936,Somebody Stole the Thunder From My Heart,Georgie Fame,,00:13.8,02:59.5,,Slow
12937,Ugly Heart,GRL,,00:07.5,03:14.2,,End
12938,Welcome To Your Life,Grouplove,,00:10.5,03:38.1,,
12939,Cash Machine,Hard Fi,,00:18.1,03:40.0,,End
12940,Bumpy Ride,Hoosier,,00:00:00,03:33.4,,Fade
12941,Evil,Interpol,,00:06.8,03:29.0,,
12942,Gorgeous,Izzy Bizu,,00:00:00,03:13.7,,Fade
12943,How I Want Ya,"JMan, Lara Wilson",,00:09.4,02:32.3,,
12944,Torn on the Platform,Jack Penate,,00:00:00,03:44.4,,Fade
12945,Destiny Calling,James,,00:00:00,03:43.1,,End
12946,Dont Let Him Waste Your Time,Jarvis,,00:21.3,04:03.5,,
12947,Happy Man,Jungle,,00:00:00,03:00.3,2018,
12948,Nice Weather for Ducks,Lemon Jelly,,00:00:00,03:51.6,,Fade
12949,The World Should Revovle,Little Jackie,,00:00:00,02:52.0,,
12950,The Weekend,Michael Gray,,00:00:00,03:10.2,,End
12951,Paddling Out,Miike Snow,,00:00:00,03:34.1,,End
12952,Good Gone Girl,Mika,,00:00:00,02:47.5,,Fade
12953,Talk About You,Mika,,00:02.6,03:13.7,,End
12954,Rock & Roll Bar,Mint Royale,,00:13.0,04:31.6,,Fade
12955,Alive & Amplified,Mooney Suzuki,,00:00:00,03:02.5,,End
12956,Get A Move On,Mr Scruff,,00:07.3,03:22.7,,End
12957,Posed Lions,My Golden Calf,,00:14.0,04:53.5,,Fade
12958,In My Arms,Mylo,,00:00:00,03:04.6,,
12959,Any Other Girl,Nu,,00:06.8,03:16.5,,
12960,I Hope I Think I Know,Oasis,,00:16.7,04:13.6,,Fade
12961,Stay Young,Oasis,,00:00.9,04:47.1,,Fade
12962,Television Romance,Pale Waves,,00:03.7,03:20.4,2017,End
12963,Romance Is Dead,Paloma Faith,,00:06.7,03:00.9,,End
12964,Wildwind,Young Dreams,,00:00.6,00:03:53,,End
12965,I Like It Like That,Pete Rodriguez,,00:00:00,04:16.7,,Fade
12966,If I Ever Feel Better,Pheonix,,00:00:00,03:58.3,,Fade
12967,Take Her Back,Pigeon Dectectives,,00:04.1,03:06.5,,Fade
12968,Vice,Razorlight,,00:00:00,03:10.8,,End
12969,"Alligator, Aviator, Autopilot, Antimatter",REM,,00:09.2,02:34.2,,Fade
12970,Skip To The Good Bit,Rizzle Kicks,,00:00:00,03:12.5,,End
12971,Dancing On My Own,Robyn,,00:08.0,04:29.2,2010,Fade
12972,I'll See You Around,Silver Sun,,00:00:00,03:23.1,,End
12973,Sale Of The Century,Sleeper,,00:11.6,04:03.0,,End
12974,Cry to Me,Solomon Burke,,00:06.9,02:25.6,1962,Fade
12975,Northern Lites,Super Furry Animals,,00:00:00,03:16.5,1999,Fade
12976,This Is Why We Cant Have Nice Things,Taylor Swift,,00:00.6,03:20.1,,End
12977,Touch Sensitive,The Fall,,00:00:00,03:07.3,1999,End
12978,Start The Commotion,WiseGuys,,00:00:00,03:40.3,,End
12979,Mayday,The Go Team,,00:00:00,03:53.2,,End
12980,Jenny was a Friend of Mine,The Killers,,00:06.5,03:42.1,,Fade
12981,Modern life Has Let Me Down,The King Blues,,00:00:00,03:29.8,,
12982,All This Way,The Magic Gang,,00:09.4,03:08.2,,End
12983,Talk About It,The Metros,,00:03.1,03:19.4,,
12984,Yellow Sun,The Racontuers,,00:08.1,03:04.3,,Fade
12985,She Rather Be With Me,The Turtles,,00:06.9,02:12.8,,Fade
12986,Run (Clean),Tiggs Da Author,,00:00:00,02:42.2,,
12987,I Saw The Light,Todd Rungrenn,,00:00:00,02:48.9,,Fade
12988,Tear In My Heart,Twenty One Pilots,,00:00:00,03:00.8,,End
12989,Shark In The Water,VV Brown,,00:00:00,02:59.8,,End
12990,Love In June,Wannadies,,00:03.0,02:55.7,,End
12991,You Dont Know What Love Is,White Strips,,00:00:00,03:46.7,,End
12992,"10,000 Nights",Alphabeat,,00:03.1,04:22.0,,End
12993,Alcohol,Barenaked Ladies,,00:11.6,03:34.5,,Fade
12994,Too Little Too Late,Barenaked Ladies,,00:06.7,03:12.6,,Fade
12995,Ingrid Michaelson,Be OK,,00:02.2,02:23.3,,
12996,Up All Night,Beck,,00:15.4,03:01.8,,End
12997,Theme From Gutbuster,Bentley Rhythm Ace,,00:07.3,03:22.9,,Slow
12998,After Hours,Bluetones,,00:08.2,03:31.8,,End
12999,Hello Hello Hello (remix),Remi Wolf,,00:09.3,03:50.3,,End
13000,Mother,Tallies,,00:25.0,04:13.5,,
13001,Enjoy Yourself (Its Later Than You Think),The Specials,,00:06.4,03:26.7,,Fade
13002,Touch Of Love,Allen Toussaint,,00:09.0,03:06.6,,End
13003,Didya Think,Arlie,,00:00.2,03:10.3,,Slow
13004,The Price of a Cup of Tea,Belle & Sebastian,,00:09.6,03:10.3,,Fade
13005,Ever Again,Bernie Williams,,00:16.6,02:25.4,,Fade
13006,Blow It Out,The Features,,00:15.9,02:54.6,,
13007,Electric Love,BORNS,,00:06.5,03:32.4,,End
13008,Karmin,Brokenhearted,,00:15.1,03:44.1,,End
13009,More Of The Same,Caroline Rose,,00:13.1,03:59.7,,Fade
13010,Brooklyn Girls,Catey Shaw,,00:07.9,03:30.8,,End
13011,Don't Have Me Back,Childhood,,00:03.6,03:39.8,,Fade
13012,Love You Like That,Dagny,,00:04.3,02:53.5,,End
13013,Birds and the Bees,Dean Martin,,00:08.4,01:59.8,,Fade
13014,Help Me,Eli Paperboy Reed,,00:07.1,03:18.6,,Fade
13015,Am Radio,Everclear,,00:00:00,03:51.0,,Fade
13016,Perfect Tense,Fallulah,,00:00:00,03:35.6,,End
13017,Take It Slow,Fazerdaze,,00:16.8,03:05.3,,End
13018,Desire,Future Works Orchetra,,00:09.6,03:08.4,,Fade
13019,Good Morning,Grouplove,,00:06.7,03:33.5,,Fade
13020,There's Always Something There To Remind Me,Housemartins,,00:07.2,03:25.9,,End
13021,Let Me (Let Me Be Your Lover),Jimmy Bo Horne,,00:19.0,03:15.2,,
13022,Stay the Night,Jukebox The Ghost,,00:00:00,02:48.4,,End
13023,I Dont Want It At All,Kim Petras,,00:06.3,04:06.4,,
13024,Whatta Man,Linda Lyndell,,00:09.3,02:36.9,,
13025,Baby Youre Out,Mac Demarco,,00:05.4,02:29.5,,
13026,Bed & Breakfast Man,Madness,,00:04.7,02:27.2,,
13027,Franny,Magic City Hippies,,00:00.8,03:12.3,,End
13028,The More You Ignore Me The Closer I get,Morrissey,,00:10.1,03:35.4,,Fade
13029,I Want to be Loved,Muddy Waters,,00:04.8,02:19.6,,End
13030,Pumping Blood,Nonono,,00:07.6,03:24.6,,End
13031,One Of Those Crazy Girls,Paramore,,00:07.1,03:28.6,,
13032,Pull Shapes,Pippettes,,00:01.4,02:55.1,,End
13033,Never Know,Primary 1,,00:02.9,03:49.0,,
13034,Open Your Window,Reverend & The Makers,,00:01.6,03:23.0,,Fade
13035,Girls & Boys In Love,Rumble Strips,,00:04.4,02:22.1,,
13036,Am I The Same Girl,Salena Jones,,00:01.5,03:08.9,1970,Fade
13037,Love Me & Leave Me,Sammy Davis Jnr,,00:05.8,02:54.8,,End
13038,Be Bop Deluxe,Ships In The Night,,00:03.4,03:52.1,,
13039,She's A Good Girl,Sleeper,,00:00:00,03:47.3,,Fade
13040,Handfree (If You hold my Hand),Sonny J,,00:11.9,03:04.2,,
13041,Submarine #3,Starlight Mints,,00:10.2,01:57.5,,End
13042,Hey Now Now (Radio Edit),Swirl 360,,00:12.6,04:05.7,,End
13043,A Minha Menina,The Bees,,00:02.5,02:40.2,,
13044,Pull The Other One,The Big Moon,,00:18.4,03:23.9,,End
13045,Pitcure Book,The Kinks,,00:07.1,02:32.2,,
13046,Let Go,The Undercover Dream,,00:05.3,02:55.7,,End
13047,Beatles,The Word,,00:00.8,02:36.2,,
13048,15 Minutes,The Yeah Yous,,00:14.4,03:24.8,,
13049,I Know Enough,Theaudience,,00:08.6,03:09.1,,End
13050,No Matter What,Badfinger,,00:05.2,02:55.0,,
13051,Break Away,Beach Boys,,00:01.1,02:49.7,,
13052,Wanted More,Betsy,,00:15.0,03:37.7,,
13053,Im Not gonna teach your boyfriend,Black Kids,,00:29.3,03:38.6,,
13054,What do I Get,Buzzcocks,,00:07.4,02:49.7,,
13055,Completely,Caro Emerald,,00:14.4,02:25.1,,
13056,Thats What I like,Chas & Dave,,00:08.5,02:24.8,,
13057,Here Come the Romans,Cherry Ghosts,,00:11.8,03:52.6,,
13058,Our Love Is Here To Stay,Chris Montez,,00:01.1,02:21.5,,
13059,Miracle Mile,Cold War Kids,,00:06.4,02:58.5,,
13060,Youre The One For Me,D-Train,,00:15.2,04:14.6,,
13061,Cha Cha Twist,Detroit Cobras,,00:08.4,02:25.0,,
13062,She Does It Right,Dr Feelgood,,00:10.9,03:12.4,1975,
13063,Best Friend's Girl,Electracy,,00:00.7,02:33.7,,Slow
13064,Girl I Cant Forget,Fountains Of Wayne,,00:12.9,03:18.4,,
13065,Wessex Boy,Frank Turner,,00:18.4,03:25.4,,
13066,Strut Your Funky Stuff,Frantique,,00:00:00,03:30.7,,
13067,No Way,Freak Power,,00:00.3,03:56.0,,
13068,Joy,Gay Dad,,00:06.2,04:52.4,1999,
13069,To Earth With Love,Gay Dad,,00:11.9,03:46.9,,
13070,No Thanks,Georgie Fame,,00:13.4,02:30.0,,Slow
13071,Stay the Night,Ghosts,,00:11.0,03:38.3,,
13072,Make Me Like You,Gwen Stefani,,00:07.5,03:32.3,,
13073,Cant Get Along Without You Now (Clean),Hard-Fi,,00:00.4,02:53.1,,
13074,Ole Father Time,Helen Shapiro,,00:07.5,01:49.6,,
13075,You Wont Come Home,Helen Shapiro,,00:07.0,02:21.3,,
13076,Supermans Big Sister,Ian Dury & Blockhead,,00:07.4,02:42.5,,
13077,Get Your Way,Jamie Cullum,,00:10.9,03:50.8,,
13078,House of Moody,Jim Charles Moody,,00:07.1,03:36.4,,
13079,My Patch,Jim Noir,,00:07.3,03:56.8,,
13080,Will It Go Round In Circles,Jools Holland & Paul Weller,,00:10.3,03:22.4,,
13081,Orange & Lemons,Jools Holland & Suggs,,00:12.9,03:28.8,,
13082,Ga Ga,Mel C,,00:04.6,03:48.3,,
13083,Great Big Storm,Nate Ruess,,00:00:00,03:55.0,2015,
13084,S.O.B (Clean),Nathiel Rateliff & The Night Sweats,,00:16.7,04:02.7,,
13085,All Men are Liars,Nick Lowe,,00:10.9,03:13.4,,
13086,Untrue Unfaithful,Nita Rossi,,00:08.5,02:29.3,,
13087,New,No Doubt,,00:00:00,04:05.9,,
13088,Shock of The Lightning,Oasis,,00:26.9,04:40.4,,
13089,Ca Plane Pour moi,Plastic Bertand,,00:10.8,02:54.7,,
13091,Happy Up Here,Royksopp,,00:00:00,02:37.5,,
13092,Why Do you Let Me Stay here,She & Him,,00:08.8,02:23.1,,
13093,Home is in Your Heart,Solomon Burke,,00:00.5,02:00.9,,
13094,A New Shore,Steven Page,,00:00:00,03:42.4,,
13095,Cupid,The Big Moon,,00:08.2,03:37.4,,
13096,"Have Love, Will Travel",The Sonics,,00:03.6,02:34.9,,
13097,Pictures of Lilly,The Who,,00:03.2,02:41.4,,
13098,Changing of the Season,Two Door Cinema Club,,00:05.5,03:36.4,,
13099,Angry People,Barenaked Ladies,,00:01.9,03:58.4,,
13100,Wet Leg,Chaise Longue,,00:02.8,03:14.0,,
13104,Wall of 60s Rare,WOS,,00:00:00,32:02.1,,
13105,Wall of KPM,WOS,,00:00:00,31:40.5,,End
13106,Wall of Misc,WOS,,00:00:00,31:44.8,,
13107,Wall of Rare 70s,WOS,,00:00:00,32:33.2,,
13108,Wall of Ska,WOS,,00:00:00,29:59.3,,
13109,Wall of Tarantino,WOS,,00:00:00,31:54.5,,
13110,Wall of Deeper Disco,WOS,,00:00:00,31:05.2,,
13111,Wall of Espionage,WOS,,00:00:00,30:59.8,,
13112,Wall of Misc 2,WOS,,00:00:00,31:42.3,,
13113,Wall of Misc 3,WOS,,00:00:00,30:18.5,,
13114,Wall of French Pop,WOS,,00:00:00,29:57.7,,
13115,Wall of Misc #5 (Helen Shap),WOS,,00:00:00,31:05.9,,
13116,Wall of Misc #6,WOS,,00:00:00,31:26.7,,
13117,Wall of Misc 4 (Oxfam),WOS,,00:00:00,34:02.1,,
13118,Wall of Rare 70s 2,WOS,,00:00:00,32:27.1,,
13119,Dance Pop (88,Finest Hour,,00:00:00,00:11.1,,
13120,Rock 90,Finest Hour,,00:00:00,01:08.8,,
13121,Ballads 90,Finest Hour 2,,00:00:00,00:09.2,,
13122,Lost Found 90,Finest Hour 3,,00:00:00,00:00.1,,
13123,Big Pop 88,Finest Hour 4,,00:00:00,00:17.6,,
13124,78,Finest Hour 5,,00:00:00,00:07.2,,
13125,Classic 70,Finest Hour 6,,00:00:00,00:10.5,,
13126,77-90,Finest Hour 7,,00:00:00,59:54.5,,
13127,88-02,Finest Hour 8,,00:00:00,02:24.9,,
13128,85-97,Finest Hour 9,,00:00:00,00:54.6,,
13129,94 to 09,Finest Hour 10,,00:00:00,01:25.2,,
13130,94 -07,Finest Hour 11,,00:00:00,00:11.2,,
13131,85-99,Finest Hour 12,,00:00:00,00:32.0,,
13132,79-93,Finest Hour 13,,00:00:00,00:15.0,,
13133,70-84,Finest Hour 14,,00:00:00,00:26.1,,
13134,86-99,Finest Hour 15 -,,00:00:00,00:35.9,,
13135,82-95,Finest Hour 16 -,,00:00:00,00:15.8,,
13146,79-92,Finest Hour #17,,00:00:00,00:00.0,,
13147,73-87,Finest Hour #19,,00:00:00,01:02.2,,
13148,89-02,Finest Hour #18,,00:00:00,00:48.9,,
13256,DA,5pm OUTRO,,00:00:00,00:11.5,,
13520,You're Welcome,Dwayne Johnson,,00:00:00,02:40.2,2023,
13521,What Time Is It,"Zac Efron, Vanessa Hudgens, Lucas Grabeel, Corbin Bleu, Ashley Tisdale & Monique Coleman",,00:00:00,03:16.2,2018,
13522,We're All In This Together,The Cast of High School Musical,,00:00:00,03:48.5,2018,
13523,We Don't Talk About Bruno,Encanto,,00:00:00,03:27.4,,
13524,Waiting On A Miracle,Stephanie Beatriz,,00:00:00,02:34.7,,
13525,Under the Sea,"Daveed Diggs, Cast - The Little Mermaid & Disney",,00:00:00,03:00.6,2023,
13526,True Colors (Film Version),Anna Kendrick & Justin Timberlake,,00:00:00,02:52.0,2024,
13527,Tin Pan Boy,YUNGBLUD,,00:00:00,03:06.1,,
13528,This Wish,Ariana DeBose & Disney,,00:00:00,03:15.9,2023,
13529,The Wizard And I,Cynthia Erivo ft_ Michelle Yeoh,,00:00:00,05:31.3,,
13530,The Family Madrigal,Stephanie Beatriz and others,,00:00:00,04:14.5,,
13531,Show Yourself,Idina Menzel And Evan Rachel Wood,,00:00:00,04:13.3,2019,
13532,"Pure Imagination (from ""Wonka"")",Timothée Chalamet,,00:00:00,03:03.1,2023,
13533,Popular,Ariana Grande,,00:00:00,03:56.1,2024,
13534,Pop,Harry Styles,,00:00:00,03:26.0,,
13535,Polygraph Eyes,Yunblud,,00:00:00,03:39.4,,
13536,Phychotic Kids,YUNGBLUD,,00:00:00,02:37.7,,
13537,Patience,YUNGBLUD,,00:00:00,03:00.2,,
13538,Original Me,YUNGBLUD,,00:00:00,03:23.9,,
13539,One Short Day,"Cynthia Erivo, Ariana Grande, Kristin Chenoweth, Idina Menzel ft_ Michael McCorry Rose",,00:00:00,06:27.9,,
13540,Obey (with YUNGBLUD),Bring Me The Horizon,,00:00:00,03:40.3,2020,
13541,Marmalade,Paddington The Musical,,00:00:00,03:42.8,,
13542,Love Is An Open Door,"Kristen Bell, Santino Fontana",,00:00:00,01:58.0,,
13543,Loner,YUNGBLUD,,00:00:00,03:29.4,,
13544,Into The Unknown,Idina Menzel Featuring Aurora,,00:00:00,03:09.3,2019,
13545,I Love You Will You Marry Me,YUNGBLUD,,00:00:00,02:55.9,,
13546,How Far I'll Go,Auli'i Cravalho,,00:00:00,02:38.3,2016,
13547,Hope For The Underrated Youth,YUNGBLUD,,00:00:00,03:34.6,,
13548,Hakuna Matata,Nathan Lane and others,,00:00:00,03:20.6,,
13549,For the First Time in Forever,Idina Menzel & Kristen Bell,,00:00:00,03:40.0,2023,
13550,Explorer and The Bear,Cast of Paddington The Musical,,00:00:00,03:47.0,,
13551,Defying Gravity (feat. Ariana Grande),Cynthia Erivo,,00:00:00,07:29.9,2024,
13552,Cotton Candy,YUNGBLUD,,00:00:00,02:42.8,,
13553,Coming Up Roses,Harry Styles,,00:00:00,03:56.3,2026,
13554,Breaking Free,Cast of High School Musical,,00:00:00,03:20.7,,
13555,As Long As You're Mine,"Cynthia Erivo, Jonathan Bailey",,00:00:00,03:56.7,2025,
13556,Aperture,Harry Styles,,00:00:00,03:09.3,,
13557,"Beauty and the Beast (From ""Beauty and the Beast"")",Angela Lansbury,,00:00:00,02:35.1,2018,
13558,American Girls,Harry Styles,,00:00:00,03:13.2,,
13559,acting like that,YUNGBLUD,,00:00:00,03:09.9,2020,
13560,A World of Your Own,Timothée Chalamet & The Cast of Wonka,,00:00:00,03:31.0,2023,
13561,A Friend Like Me,Robin WIlliams,,00:00:00,02:24.2,,
13562,11 Minutes,Yungblood,,00:00:00,02:24.1,,
13969,Finest Hour at Home #8 (90-04).mp3,Ben,,00:00:00,00:02.2,,
13972,Finest Hour at Home #4 (72-87).mp3,Downloads,,00:00:00,00:14.5,,
14051,(MAY) Baby Queen,Flavour Of The Month,,00:00:00,03:59.6,,
14123,Half Marathon MP3,,,00:00:00,08:22.5,,
14124,Music In Pinner,,,00:00:00,01:22.2,2021,
14193,Sarika MAY,Flavour of Month,,00:00:00,04:52.9,,
14206,Finest Hour Last Wed,,,00:00:00,00:25.3,2021,
14207,Finest Hour (2nd to Last),,,00:00:00,00:02.0,2021,
14208,Sublime,I Love My Dog,,00:00:00,04:14.3,,
14209,Rufus Thomas,The Dog,,00:00:00,02:28.7,,
14210,Patti Page,(How Much Is) That Doggie In The Window,,00:00:00,02:24.4,,
14211,Lobo,Me and You and a Dog Named Boo,,00:00:00,02:48.2,,
14212,Harry Nilsson,The Puppy Song,,00:00:00,02:34.6,,
14213,Etta James,Watch Dog,,00:00:00,02:20.5,,
14214,Elvis,Hound Dog,,00:00:00,02:11.5,,
14215,Baha Men,Who Let The Dogs Out,,00:00:00,03:05.8,,
14216,The Monkees,Gonna Buy Me A Dog,,00:00:00,02:32.8,,
14217,The Stooges,I Wanna Be Your Dog,,00:00:00,03:02.5,,
14218,Yusuf_Cat Stevens,I Love My Dog,,00:00:00,02:13.0,,
14224,Dance With Me,Rishi Rich,,00:00:00,02:50.5,2003,
14225,Snake,Nora Fatehi Jason Derulo,,00:00:00,01:50.1,,
14228,Shree & Tej Talk Bed,,,00:00:00,03:55.0,,
14229,alliwantforchristmas,,,00:00:00,02:26.3,,
14230,JingleBells,,,00:00:00,02:01.5,,
14231,silentnight,,,00:00:00,01:44.4,,
14232,WhiteChristmas,,,00:00:00,02:07.5,,
14233,SHOWTIME BACK UP 24 7,,,00:00:00,00:00.2,,
14234,pre record 16 feb part 2,,,00:00:00,03:34.7,,
14239,Radio Harrow 8th October,,,00:00:00,04:22.7,,
14240,2. Talent from around the world,Josh Interview 16 bit,,00:00:00,59:54.3,,
14243,Self Care Auroa,,,00:00:00,59:16.9,2023,
14244,SONIC SPECIAL 3 FOR 24 HOUR RADIO,,,00:00:00,59:55.1,,
14246,Phil Collins Something Happened On The Way To Heaven,,,00:00:00,04:41.1,,
14247,Causing A Commotion,Madonna,,00:00:00,04:10.8,1987,
14248,Mike & The Mechanics,Word Of Mouth,,00:21.0,03:35.9,,
14249,Let Me Be The One,Exposé,,00:20.9,04:13.7,1991,
14250,Shout,Ant & Dec,,00:00:00,03:42.6,2017,
14281,Free Play Hour,,,00:00:00,00:11.0,,
15012,ARTS PROGRAME JUNE 23 PART 1 MP3,,,00:00:00,59:58.2,2023,
15013,ARTS PROGRAMME JUNE PART 2 MP3,,,00:00:00,59:55.9,2023,
15014,AF SHOWTIME 14,"05, 23, Sun, 1400",,00:00:00,00:00.0,2023,
15015,AF SHOWTIME 14,"05, 23, Sun, 1500",,00:00:00,59:59.8,2023,
15017,23.7.23 Gospel Show,,,00:00:00,59:23.0,,
15503,Headstone Part 1,Radio Harrow,,00:00:00,13:18.8,2023,
15504,Headstone Part 2,Radio Harrow,,00:00:00,17:59.4,2023,
15505,Headstone Part 3,Radio Harrow,,00:00:00,04:37.7,2023,
15512,13 08 23,Gospel Show,,00:00:00,59:52.8,,
16000,Good Morning,Kanye West,,00:00:00,03:16.6,,
16001,Jurassic 5,Quality Control,,00:00:00,04:48.3,,
16002,Summer Wine,"Nancy Sinatra, Lee Hazlewood",,00:00:00,03:33.3,1966,
16003,Thunderstruck,ACDC,,00:00:00,04:49.6,,
16004,Very Ape,Nirvana,,00:00:00,01:56.8,,
16008,colin raye radio harrow,,,00:00:00,00:05.1,,
16009,Pierre Songbirds Sweeper,,,00:00:00,00:07.1,,
16012,60s Jukebox Show 1,Radio Harrow,,00:00:00,59:58.5,2024,
16013,60s Jukebox Show 2,Radio Harrow,,00:00:00,59:59.6,2024,
16014,60s Jukebox Show 3,Radio Harrow,,00:00:00,59:59.8,2024,
16015,60s Jukebox Show 4,Radio Harrow,,00:00:00,59:59.2,2024,
16016,60s Jukebox Show 5,Radio Harrow,,00:00:00,00:00.5,2024,
16501,PIZZA EXPRESS,LIVE SHOW AD,,00:00:00,00:33.6,2022,
17000,By The Creek,"Natasha Ghosh, Devon Rea, Diiolme",,00:00:00,02:31.6,2022,
17001,Dreamy Sights From The Heights,dLira,,00:00:00,02:09.3,,
17002,Fall In Love In September,Staysea,,00:00:00,01:30.9,,
17003,Furry Love,"Krynoze, Tibeauthetraveler, Banks",,00:00:00,02:26.3,,
17004,Half Light,Moderator,,00:00:00,02:16.6,,
17005,Later Than Expected,Taffey,,00:00:00,02:26.5,,
17006,Looking for Her,Kaiyo,,00:00:00,02:33.9,,
17007,Sweet Harmonies,"Banks, Cosmic Koala",,00:00:00,02:47.4,,
17008,Before Dawn,Iddy P,,00:00:00,03:01.6,,
17009,Daylight,Thymes,,00:00:00,01:47.2,,
17010,Eggin,Masuyu,,00:00:00,01:56.3,,
17011,Endless Days,Socrab,,00:00:00,01:57.2,,
17012,Hamster Wheel,Finera,,00:00:00,03:04.5,,
17013,Heart Shaped,Lovely Rascals,,00:00:00,02:45.9,,
17014,Monday Blues,Wasted Glitter,,00:00:00,02:11.8,2021,
17015,Shaped By The Sea,"Elijah Nang, Nogymx",,00:00:00,02:27.7,,
17016,Shiny Cement,HIKE,,00:00:00,02:18.4,,
17017,Skylights,Blue Wednesday,,00:00:00,02:31.9,,
17018,The Thing You Do,Ouija Chords,,00:00:00,01:25.5,,
17019,Waiting You,Dosi,,00:00:00,01:38.9,,
18000,On This Ship Together,Nicky Johns,,00:00:00,06:17.6,2009,
18001,I Won't Back Down,Tom Petty,,00:00:00,02:51.5,1989,
18002,River Song,sproatly smith,,00:00:00,03:09.6,2022,
18003,Sweet Bird,Joni Mitchell,,00:00:00,04:14.7,,
18004,Before They Excavate,Lanterns on the Lake,,00:00:00,04:40.1,2020,
18005,Bridge Over Troubled Water,Aretha Franklin,,00:00:00,05:22.6,2007,
18006,Across The Water,Vashti Bunyan,,00:00:00,03:32.9,2014,
18007,Ain't Got No - I Got Life,Nina Simone,,00:00:00,02:16.1,1968,
18008,Ascolta a noi (listen to us),SquiffEye and Lou Romain,,00:00:00,03:14.3,2023,
18009,Big Yellow Taxi,Joni Mitchell,,00:00:00,02:12.8,1970,
18010,"Can't Put It In The Hands Of Fate (feat. Rapsody, Cordae, Chika & Busta Rhymes)",Stevie Wonder,,00:00:00,06:36.4,2020,
18011,Cetacean David Ridley,,,00:00:00,04:27.3,2022,
18012,Change is Coming (featuring Greta Thunberg),Squiffeye and Greta Thunberg,,00:00:00,03:57.3,2020,
18013,Concrete Jungle (Original),Bob Marley & The Wailers,,00:00:00,04:01.5,1972,
18014,Copy of Satans Chimneys v2,,,00:00:00,04:19.7,2023,
18015,Earth Cry (feat. Akae Beka),Jahdan Blakkamoore,,00:00:00,04:27.5,2017,
18016,Earth Song <Radio Edit>,Michael Jackson,,00:00:00,04:53.9,2003,
18017,Feels Like Summer,Childish Gambino,,00:00:00,04:21.0,2018,
18018,Flourishing,Tom Rosenthal,,00:00:00,02:56.7,2020,
18019,From Manahatta to Samoa in the blink of an eye (Dub),SquiffEye and Lou Romain,,00:00:00,04:21.6,2023,
18020,George Fenton - The Blue Planet,Various Artists,,00:00:00,02:26.7,,
18021,Harvest For the World,The Isley Brothers,,00:00:00,03:51.5,1977,
18022,He's Just a Scientist,Connie Francis,,00:00:00,02:17.0,2011,
18023,Lazy River,Louis Prima & Keely Smith,,00:00:00,03:23.7,2009,
18024,Love Letter to the Earth Benji Bower,Benji Bower,,00:00:00,02:30.4,2022,
18025,Many Rivers to Cross,Jimmy Cliff,,00:00:00,02:50.6,2000,
18026,Mercy Mercy Me (The Ecology),Marvin Gaye,,00:00:00,03:05.8,1971,
18027,Mission Impossible,James Taylor Quartet,,00:00:00,03:18.1,1986,
18028,Redwood Tree,Van Morrison,,00:00:00,02:56.5,1972,
18029,Refugee (feat. Nomadic Status),Aar Maanta,,00:00:00,04:27.2,2014,
18031,Sail The Summer Winds,John Barry,,00:00:00,03:33.5,1974,
18032,"Season Suite: Late Winter, Early Spring (When Everybody Goes to Mexico)",John Denver,,00:00:00,03:54.8,1972,
18033,Subcubensis,Alex H Duncan,,00:00:00,04:39.7,2022,
18034,Supernature,Cerrone,,00:00:00,03:50.3,,
18035,Tampanensis,Alex H Duncan,,00:00:00,06:09.7,2022,
18036,The Creator Has A Master Plan,Brooklyn Funk Essentials,,00:00:00,03:04.9,1994,
18037,The Effects of Climate Change on Densely Populated Areas,People Under the Stairs,,00:00:00,04:11.3,2019,
18038,The Lost Words Blessing,The Lost Words: Spell Songs,,00:00:00,03:31.8,2019,
18039,Walkin' By the River (11-03-40),Una Mae Carlisle,,00:00:00,02:58.6,2008,
18040,Where Do the Children Play?,Cat Stevens,,00:00:00,03:44.7,1970,
18041,Where Have All the Flowers Gone?,The Kingston Trio,,00:00:00,02:58.2,1958,
18042,Why Can't We Live Together,Timmy Thomas,,00:00:00,03:50.4,1973,
18043,Wonderful World,Sam Cooke,,00:00:00,02:02.8,2014,
18048,Christians caring for the environment - Cross Rhythms Plymouth Radio,,,00:00:00,03:53.4,,
18049,"Coldplay Tour - 21:10:2022, 12.54",,,00:00:00,02:29.7,2022,
18050,Plymouth - How to have a more green christmas - Cross Rhythms Plymouth Radio,,,00:00:00,06:21.6,,
18051,Msg from Stop Ecocide,,,00:00:00,01:41.6,,
18052,New Type of Refillable Milk Bottle Long Version,,,00:00:00,06:59.9,2023,
18053,New type of Refillable Milk Bottle Short Version,,,00:00:00,02:10.9,2023,
18054,Rights of Nature Paul Powesland,,,00:00:00,05:22.8,2023,
18055,RobGreenland East Leeds Radio,,,00:00:00,10:34.0,,
18056,Adam - University Climate Course,,,00:00:00,02:37.0,,
18057,Transition together,,,00:00:00,03:01.1,,
18058,What is River Action? James Wallace,,,00:00:00,02:51.9,2023,
18060,1950's Global Warming Warning,,,00:00:00,00:57.0,2022,
18061,Carl Sagan Pale Blue Dot Speech,,,00:00:00,03:24.7,2022,
18062,Earth Day News 1970 US,,,00:00:00,01:33.5,2022,
18063,Harrison Ford Speech - Let's Protect Nature,,,00:00:00,06:16.8,2023,
18064,IPCC warning about ecology and tipping points,,,00:00:00,01:25.5,,
18065,The Greenhouse Effect Explanation 1980 Steffi,,,00:00:00,01:03.8,2022,
18066,William Shatner (Star Trek) on going into space,,,00:00:00,03:31.8,,
18067,World In Action Clip Global Warming Problem,,,00:00:00,01:14.1,2022,
18068,Young women from Just Stop Oil Jennifer Hannah Orla and Rosie,,,00:00:00,01:27.0,2022,
18069,Power for People London,,,00:00:00,01:23.2,,
18070,The Climate App introduced by Sam Naef,,,00:00:00,03:04.8,,
20036,3am,You Me At Six,,00:27.2,03:17.4,2018,
20037,Ain't It Fun,Paramore,,00:08.4,04:42.1,2013,
20038,Beautiful People,Marilyn Manson,,00:45.2,03:38.3,1997,
20039,Can I Play With Madness,Iron Maiden,,00:00:00,03:28.9,1988,
20040,Heart Shaped Glasses,Nirvana,,00:10.8,04:37.0,,
20041,Hysteria,Muse,,00:41.4,03:42.5,,
20042,I'm Not Okay (I Promise),My Chemical Romance,,00:27.0,03:05.9,,
20043,Kings And Queens <Radio Edit>,Thirty Seconds To Mars,,00:22.8,04:51.6,2009,
20044,Last Resort,Papa Roach,,00:00:00,03:17.1,,
20045,Lived A Lie,You Me At Six,,00:06.4,03:18.7,,
20046,Make Me Feel Alive,You Me At Six,,00:14.2,02:08.0,2020,
20047,Misery Business,Paramore,,00:11.6,03:14.3,,
20048,Mobscene,Marilyn Manson,,00:17.7,03:24.8,2003,
20049,Na Na Na,My Chemical Romance,,00:11.6,03:19.9,,
20050,Night People,You Me At Six,,00:18.5,02:56.1,,
20051,One More Light,Lincoln Park,,00:27.5,04:05.1,,
20052,Rainbow Chaser,Nirvana,,00:16.9,02:29.6,1968,
20053,511394_vocals_(Split_by_LALAL.AI),,,00:16.5,03:49.7,2016,
20054,Running Free (2015 Remaster),Iron Maiden,,00:27.6,03:13.1,1980,
20055,Sing,My Chemical Romance,,00:09.3,04:24.8,,
20056,Tainted Love,Marilyn Manson,,00:33.4,03:18.0,,
20057,Take On The World,You Me At Six,,00:08.9,03:41.1,,
20058,Teenagers,My Chemical Romance,,00:00:00,02:35.5,,
20059,The Ending,Papa Roach,,00:21.7,03:09.4,2019,
20060,The Kill,30 Seconds To Mars,,00:01.9,03:28.7,2006,
20061,The Trooper,Iron Maiden,,00:36.6,04:09.8,,
20062,Underdog,You Me At Six,,00:09.0,02:21.7,,
20063,Welcome To The Black Parade,My Chemical Romance,,00:12.6,05:06.1,,
20067,If I Lose You,Billy Fury,,00:00:00,03:01.0,,
20068,I'm Hurting All Over,Bily Fury,,00:00:00,03:28.5,,
20069,I Love How You Love Me,Billy Fury,,00:00:00,02:51.0,,
20070,I Go,Billy Fury,,00:00:00,02:20.8,,
20071,He Will Break Your Heart,Billy Fury,,00:00:00,03:08.4,,
20072,Have I Told You Lately That I Love You,Billy Fury,,00:00:00,02:44.7,,
20073,Halfway To Paradise,Billy Fury,,00:00:00,03:30.0,,
20074,Don't Worry,Billy Fury,,00:00:00,02:53.5,,
20075,C'Mon Everybody,Billy Fury,,00:00:00,02:00.2,,
20076,Low Down Blues,Billy Fury,,00:00:00,02:49.7,,
20077,Mean Woman Blues,Billy Fury,,00:00:00,02:43.8,,
20078,Since You've Been Gone,Billy Fury,,00:00:00,02:09.7,,
20079,Stick Around,Billy Fury,,00:00:00,02:37.1,,
20080,Sweet Little Sixteen,Billy Fury,,00:00:00,02:27.1,,
20081,You Don't Know,Billy Fury,,00:00:00,02:51.1,,
40004,Take Your Seats,SHOWTIME,,00:00:00,00:06.1,,
40012,Curtain Up,SHOWTIME,,00:00:00,00:04.5,,
40017,Quiet in the Wings,SHOWTIME,,00:00:00,00:03.8,,
40019,Xmas Showtime Opener,SHOWTIME,,00:00:00,02:02.2,2007,
40020,Jingle Jangle Score Suite,John Cardon Debney,,00:00:00,03:42.5,2020,
40021,What Sweeter Music,"The Choir of King's College, Cambridge & Sir Stephen Cleobury",,00:00:00,03:48.9,2006,
40022,"Mame: We Need a Little Christmas (Lansbury, Michaels, Connell, Shimono) [Voice]",Angela Lansbury,,00:00:00,02:58.4,1966,
40023,Mele Kalikimaka (Merry Christmas),Bing Crosby & The Andrews Sisters,,00:00:00,02:50.9,1945,
40024,Do You Want to Build a Snowman?,"Kristen Bell, Agatha Lee Monn & Katie Lopez",,00:00:00,03:17.7,2013,
40025,Shepherd's Pipe Carol,"City of London Sinfonia, Stephen Layton & Polyphony",,00:00:00,02:46.6,2001,
40026,Christmastown,"George Wendt, Sebastian Arcelus & The Original Broadway Company Of Elf The Musical",,00:00:00,03:31.5,2011,
40027,White Christmas,The Drifters,,00:00:00,02:36.2,1954,
40028,When Christmas Comes to Town,Matthew Hall & Meagan Moore,,00:00:00,03:49.5,2004,
40029,The Polar Express,Tom Hanks,,00:00:00,03:17.3,2004,
40030,Tomorrow shall be my dancing day,"Choir of Merton College, Oxford, François Cloete & Benjamin Nicholas",,00:00:00,02:08.4,2023,
40031,One More Sleep ’til Christmas,Kermit,,00:00:00,02:41.7,1990,
40032,"Main Title ""Somewhere in My Memory"" (From ""Home Alone"") [Voice]","John Williams, The American Boychoir & Boston Pops Orchestra",,00:00:00,04:30.6,1990,
40033,O Holy Night (Arr. John Rutter),"The Choir of King's College, Cambridge, Sir Stephen Cleobury & Henry Websdale",,00:00:00,05:13.5,2018,
40034,Main Title / Heaven,Dimitri Tiomkin,,00:00:00,03:42.0,2021,
40035,It's the Most Wonderful Time of the Year,Andy Williams,,00:00:00,02:27.5,1963,
40036,Christmas On the Square,Dolly Parton,,00:00:00,03:10.8,2020,
40037,In the bleak midwinter (Arr. Mack Wilberg),"The Choir of King's College, Cambridge, Daniel Hyde & Matthew Martin",,00:00:00,05:44.4,2021,
40040,"The Nutcracker, Op. 71, Act I: No. 9, Waltz of the Snowflakes","Berlin Philharmonic, Libera & Sir Simon Rattle",,00:00:00,06:34.7,1990,
40041,"The Nutcracker, Op. 71, Act II: Variation II. Dance of the Sugar Plum Fairy",Berlin Philharmonic & Sir Simon Rattle,,00:00:00,02:22.0,1990,
40042,Bringin’ Back Christmas,Ryan Reynolds & The Spirited Ensemble,,00:00:00,03:50.8,2022,
40043,Good Afternoon,"Ryan Reynolds, Will Ferrell & The Spirited Ensemble",,00:00:00,04:24.4,2022,
40044,It’s Beginning to Look a Lot Like Christmas (Arr. Alexander L'Estrange),The King's Singers,,00:00:00,02:52.0,2016,
40045,A Christmas Carol Main Title,Alan Silvestri,,00:00:00,04:05.3,2009,
40046,On Christmas Night: I. This Is the Truth,"Martin Ford, Vasari Singers & Jeremy Backhouse",,00:00:00,02:38.3,2012,
40047,The Christmas Song (Merry Christmas to You),"Nat ""King"" Cole",,00:00:00,03:03.8,1955,
40048,"Happy Holiday (feat. The Music Maids & Hal & John Scott Trotter and His Orchestra) [From ""Holiday Inn"" Soundtrack]",Bing Crosby,,00:00:00,02:25.0,1942,
40049,Christmas Mem'ries (2024 Remastered),Barbra Streisand,,00:00:00,04:37.1,2001,
40050,Walking in the Air,Peter Auty,,00:00:00,03:28.1,1982,
40051,The Snowman Soundtrack (Continued),Howard Blake,,00:00:00,06:26.0,1982,
40052,Christmas Medley,The Swingle Singers,,00:00:00,03:03.6,2005,
40053,Bring Me Sunshine (Theme from the TV Series ''Morecambe & Wise''),Morecambe & Wise,,00:00:00,01:49.4,2000,
40054,A Holly Jolly Christmas,Burl Ives,,00:00:00,01:17.0,1964,
40055,"The First Snowfall / Let It Snow, Let It Snow, Let It Snow",Carpenters,,00:00:00,03:29.6,1978,
40058,Gypsy: Overture,Gypsy Orchestra & Milton Rosenstock,,00:00:00,04:47.3,1959,
40059,Mack and Mabel Overture,The Orchestra Of 'Mack & Mabel',,00:00:00,04:53.5,1995,
40060,Main Title (Meet Me In St. Louis),"MGM Studio Orchestra, MGM Studio Chorus & Georgie Stoll",,00:00:00,02:51.5,1945,
40061,Main Title (The Wizard of Oz),MGM Studio Orchestra & MGM Studio Chorus,,00:00:00,01:51.1,1939,
40062,Main Title,The 20th Century Fox Orchestra,,00:00:00,01:34.8,1956,
40063,Opening: I Hope I Get It,A Chorus Line Ensemble,,00:00:00,04:53.4,2015,
40064,Overture (Instrumental),Matthew Broderick & Nathan Lane,,00:00:00,03:47.2,2001,
40065,Overture / And All That Jazz,"Catherine Zeta-Jones, Renée Zellweger & Taye Diggs",,00:00:00,06:02.3,2002,
40066,Overture / Prologue,Lisa Stokke,,00:00:00,02:49.8,1999,
40067,Overture / The Old Home Guard,Home Guardsmen,,00:00:00,05:25.9,1971,
40068,Overture Chase,Barnum Orchestra & Peter Howard,,00:00:00,01:01.7,1980,
40069,Prelude / The Sound Of Music (Medley),Irwin Kostal & Julie Andrews,,00:00:00,02:39.7,1965,
40070,South Pacific Overture,Alfred Newman & The South Pacific Orchestra,,00:00:00,02:59.0,1958,
40071,Welcome to the Moulin Rouge!,"Danny Burstein, Jacqueline B. Arnold, Robyn Hurder, Holly James, Jeigh Madjus, Tam Mutu, Aaron Tveit, Sahr Ngaujah, Ricky Rojas & Original Broadway Cast of Moulin Rouge! The Musical",,00:00:00,07:32.9,2019,
40072,Runyonland,National Symphony Orchestra,,00:00:00,03:25.7,2001,
40073,Overture,Alan Menken,,00:00:00,03:01.9,2017,
40074,Come Follow the Band,Jim Dale & Barnum Ensemble,,00:00:00,03:48.5,1980,
40075,The Carousel Waltz,The 20th Century Fox Orchestra,,00:00:00,07:09.1,1956,
40077,"Overture (From ""Mary Poppins"")",Royal Philharmonic Orchestra,,00:00:00,03:00.4,2020,
40078,Be Our Guest,"Angela Lansbury, Jerry Orbach, The Chorus of Beauty and the Beast & Disney",,00:00:00,03:39.4,1991,
40079,Mr. Moustafa,Alexandre Desplat,,00:00:00,03:00.6,2014,
40080,"Food, Glorious Food (Oliver, Workhouse Children) [Live]",Cian Eagle-Service & Workhouse Children,,00:00:00,03:50.4,2024,
40081,Rey's Theme,John Williams,,00:00:00,02:38.9,2015,
40082,Broadway Baby,"Jayne Houdyshell, Mary Beth Peil, Susan Watson & Don Correia",,00:00:00,03:17.0,2011,
40083,A Proper Villa,Victor Reyes,,00:00:00,02:54.0,2016,
40084,Back To the Future,The Outatime Orchestra,,00:00:00,03:10.1,1985,
40085,Sunday,"Jack Soo, Nancy Kwan & Rodgers & Hammerstein",,00:00:00,04:03.6,1961,
40086,Wedding Processional/Canticle,"Rodgers & Hammerstein, Oscar Hammerstein II, Rebecca Luker & Michael Siberry",,00:00:00,05:08.0,1998,
40087,There's No. Business Like Show Business,"Marty May, William O'Neal, Ray Middleton & Ethel Merman",,00:00:00,03:06.9,1946,
40088,"Hello, Dolly!",Barbra Streisand & Louis Armstrong,,00:00:00,07:44.9,1969,
40089,Harry In Winter,Patrick Doyle,,00:00:00,02:47.5,2005,
40090,You Will Be Found,"Ben Platt, Kristolyn Lloyd, Will Roland, Laura Dreyfuss & Original Broadway Cast of Dear Evan Hansen",,00:00:00,05:55.6,2017,
40091,Circle of Life / Nants' Ingonyama,Lindiwe Mkhize & Lebo M,,00:00:00,03:55.4,2019,
40093,The Eve of the War (feat. Richard Burton & Justin Hayward),Jeff Wayne,,00:00:00,08:19.9,1978,
40094,Master of the House,"Sacha Baron Cohen, Helena Bonham Carter & Les Misérables Cast",,00:00:00,04:44.7,2013,
40095,"Pardesiya (From ""Param Sundari"")","Sachin-Jigar, Sonu Nigam, Krishnakali Saha & Amitabh Bhattacharya",,00:00:00,03:45.1,2025,
40096,Of the sky,Max Richter,,00:00:00,04:45.3,2025,
40097,"I'm Still Here (From ""Frollies"")",Elaine Paige,,00:00:00,05:26.2,2011,
40098,''Soliloquy'' from Carousel,"Julian Ovenden, The John Wilson Orchestra & John Wilson",,00:00:00,07:52.4,2012,
40099,Forgiveness (feat. Eldbjørg Hemsing),Alexandre Desplat,,00:00:00,03:23.7,2025,
40100,Poor Little Millionaire,Kevin Del Aguila & 'Some Like It Hot' Original Broadway Cast,,00:00:00,04:08.7,2023,
40101,Take Back Your Mink,Brian Greene & Emily Loesser,,00:00:00,04:38.0,1996,
40102,Overture (Instrumental),André Previn & Orchestra,,00:00:00,03:21.0,1964,
40104,1. A Brand New Day (The Wiz_Soundtrack Version),,,00:00:00,07:43.1,,
40105,I'm Still Standing,Taron Egerton,,00:00:00,03:47.7,2019,
40106,3. Main Titles,,,00:00:00,02:52.3,,
40107,4.  The Cocktail Party,,,00:00:00,01:22.1,,
40108,"I Have A Dream (1999 / Musical ""Mamma Mia"")",Lisa Stokke & Various Artists,,00:00:00,02:54.0,1999,
40109,6. Ease On Down the Road,1 (The Wiz_Soundtrack Version),,00:00:00,03:49.5,,
40110,7. A Million Dreams,,,00:00:00,04:14.2,,
40111,8. Day,O (The Banana Boat Song) [Act 1 Finale],,00:00:00,03:39.3,,
40112,9. Thomas O'Malley Cat,,,00:00:00,02:31.5,,
40113,The Bare Necessities,Phil Harris & Bruce Reitherman,,00:00:00,04:45.9,1967,
40114,11. Colonel Hathi's March (The Elephant Song),,,00:00:00,02:26.4,,
40115,12.  Chromolume,7 _ Putting It Together,,00:00:00,07:14.1,,
40116,Bright Eyes / Interlude,Angela Morley & Art Garfunkel,,00:00:00,03:00.6,1978,
40117,"""Take Her to Sea, Mr. Murdoch""",James Horner & Orchestra,,00:00:00,03:53.8,1997,
40118,55:27 Theme from Shaft,Isaac Hayes,,00:00:00,04:28.2,1971,
40120,Overture (Instrumental),André Previn & Orchestra,,00:00:00,03:21.0,1964,
40121,"Top Hat, White Tie And Tails",Fred Astaire,,00:00:00,03:45.7,1952,
40122,I Won't Dance,Fred Astaire,,00:00:00,02:56.0,1953,
40123,Think of Me,Emmy Rossum & Margaret Preece,,00:00:00,03:36.7,2004,
40124,Don't Tell Mama,2021 London Cast of Cabaret & Jessie Buckley,,00:00:00,05:35.4,2023,
40125,Ma Rainey's Black Bottom,Branford Marsalis & Maxayn Lewis,,00:00:00,02:07.8,2020,
40126,Cool,Tucker Smith,,00:00:00,04:19.2,1961,
40127,Black And White Rag,Winifred Atwell,,00:00:00,02:28.3,2006,
40128,Blake's Seven,Mark Ayres,,00:00:00,04:20.1,1996,
40129,Hawaii Five-O,Mort Stevens and His Orchestra,,00:00:00,01:30.2,2010,
40130,"Comedy Hour (Theme from ""Harry Worth"")",Ivor Slaney,,00:00:00,00:57.9,2010,
40131,Everythings Coming Up Roses,Rita Moreno,,00:00:00,02:48.2,,
40132,It's a Nice Face (Film Version),Jacqueline Dankworth,,00:00:00,02:35.0,1995,
40133,You're so Cool (Main Title),Hans Zimmer,,00:00:00,02:23.0,2017,
40134,Sunday (Finale),Sunday In The Park With George 2017 Broadway Company,,00:00:00,04:03.1,2017,
40135,57:56 Roundabout (The Windows of Paris),Tony Osbourne,,00:00:00,02:03.5,2013,
40144,Overture,Danny Carroll & 42nd Street Ensemble,,00:00:00,04:38.2,1980,
40145,One Brick at a Time,Glenn Close & Barnum Ensemble,,00:11.6,03:22.0,1980,
40146,A Spoonful of Sugar,Julie Andrews,,00:00:00,04:03.7,1964,
40147,Be My Little Baby Bumble Bee,Doris Day,,00:07.0,02:03.0,1953,
40148,Bless Yore Beautiful Hide,Howard Keel,,00:06.8,02:27.3,1954,
40149,Getting To Know You (Broadway / The King & I / 1951),Gertrude Lawrence,,00:00:00,03:23.9,1951,
40150,We're In the Money,"Karen Prunczik, Wanda Richert, Ginny King, Jeri Kansas, Lee Roy Reams & 42nd Street Ensemble",,00:00:00,03:02.0,1980,
40151,I Got Rhythm,"Ruthie Henshall, Kirby Ward & The ""Crazy for You"" Ensemble",,00:00:00,07:41.0,1985,
40152,Crazy Rhythm,The John Wilson Orchestra,,00:00:00,03:02.5,2002,
40153,I Wanna Make the World Laugh,Mack & Company Of 'Mack & Mabel',,00:03.7,02:21.2,1995,
40154,"Comedy Tonight (From ""a Funny Thing Happened on the Way to the Forum"")",Jerome Robbins' Broadway Ensemble & Jason Alexander,,00:05.0,06:26.3,1980,
40155,There Is Nothin' Like a Dame,The Ken Darby Male Chorus,,00:03.2,03:45.4,1958,
40156,State Fair 1945: It's a Grand Night For Singing,1945 Film Cast,,00:41.6,03:34.6,1945,
40157,The Farmer And The Cowman,"Sidney Livingstone, Maureen Lipman, Hugh Jackman, Jimmy Johnston, Vicki Simon, Gavin Lee & Oklahoma! 1998 National Theatre Cast Recording Ensemble",,00:36.1,07:23.8,1998,
40158,57:13 Zing! Went The Strings Of My Heart,The John Wilson Orchestra,,00:00:00,02:45.7,2002,
40160,The Carousel Waltz,The 20th Century Fox Orchestra,,00:55.5,07:09.0,1956,
40161,The Power of Love,Huey Lewis & The News,,00:20.8,03:46.3,1985,
40162,When You're Good To Mama,Queen Latifah & Taye Diggs,,00:01.3,03:15.3,2002,
40163,"My Heart Will Go On (Love Theme from ""Titanic"")",Céline Dion,,00:20.0,04:17.1,1997,
40164,Raise You Up / Just Be,Full Company,,00:13.8,06:05.2,2013,
40165,The Impossible Dream,The Choir of Man,,00:05.8,02:31.4,2018,
40166,Stand Up,"Gemma Arterton & The ""Made in Dagenham"" Original London Cast",,00:00:00,07:15.2,2015,
40167,Sun and Moon,Joanna Ampil & Peter Cousens,,00:00:00,01:42.8,1995,
40168,A Cover Is Not the Book,"Emily Blunt, Lin-Manuel Miranda & Company - Mary Poppins Returns",,00:12.5,04:20.1,2018,
40169,Mr. Mistoffelees,Paul Nicholas & Wayne Sleep,,00:00:00,03:33.2,1981,
40170,The Sparkling Diamond,Karen Olivo & Original Broadway Cast of Moulin Rouge! The Musical,,00:04.4,04:32.2,2019,
40171,Some Things Never Change,"Kristen Bell, Idina Menzel, Josh Gad, Jonathan Groff & Cast of Frozen 2",,00:05.0,03:22.7,2019,
40172,Thoroughly Modern Millie,Sutton Foster & Thoroughly Modern Millie Ensemble,,00:04.3,02:56.9,1994,
40173,56:12 Another Day of Sun,La La Land Cast,,00:15.2,03:44.1,2016,
40175,Summertime,Louis Armstrong & Ella Fitzgerald,,01:32.2,04:51.4,1957,
40176,Tip-Toes: Overture: Tip-Toes,John McGlinn & New Princess Theatre Orchestra,,00:00:00,04:40.9,1995,
40177,Overture,Thoroughly Modern Millie Orchestra & Michael Rafter,,00:00:00,02:33.2,2002,
40178,Summer Nights,John Travolta & Olivia Newton-John,,00:07.9,03:32.7,1978,
40179,Now You Has Jazz,"Bing Crosby, Louis Armstrong & Louis Armstrong Orchestra",,00:08.2,04:13.0,2008,
40180,A Piece Of Sky,Barbra Streisand,,00:00:00,04:16.8,1983,
40181,If My Friends Could See Me Now (Bonus Track),Cy Coleman,,00:08.0,02:35.3,1966,
40182,Betty Grable,Neil Sedaka,,00:14.5,02:42.3,1975,
40183,Lullaby of Broadway,42nd Street Ensemble & Jerry Orbach,,00:00:00,04:56.1,1980,
40184,"Once Upon a Dream (From ""Sleeping Beauty"")","Mary Costa, Bill Shirley & Sleeping Beauty Chorus",,00:20.0,02:38.7,2000,
40185,You've Got a Friend In Me,Randy Newman,,00:10.3,01:59.5,1995,
40186,On the Street Where You Live,Bill Shirley,,00:12.5,02:53.1,1964,
40187,Younger Than Springtime,Matthew Morrison,,00:12.6,02:39.2,2013,
40188,The Song That Goes Like This,"Christopher Sieber, Todd Ellison & Sara Ramirez",,00:14.6,02:49.7,2005,
40189,56:34 Hooray For Hollywood,Boston Pops Orchestra & John Williams,,00:00:00,03:22.4,1989,
40190,57:58 That's Showtime,Ron Goodwin,,00:00:00,02:01.4,2002,
40192,Easter Parade Theme,Johnny Green and His Orchestra & Johnny Green Chorus,,00:12.5,01:19.2,1948,
40193,Let’s Face the Music and Dance,Seth MacFarlane,,00:11.6,02:50.7,2016,
40194,I Had a Farm in Africa (Main Title from Out of Africa),John Barry,,00:00:00,02:57.6,1985,
40195,Happy Easter,Fred Astaire,,00:08.3,02:26.7,1948,
40196,"Sit Down, You're Rockin' the Boat",Walter Bobbie & Guys and Dolls Ensemble (1992),,00:01.3,02:53.5,1992,
40197,Overture (Remastered 2005),‘Jesus Christ Superstar’ 1996 London Cast & Andrew Lloyd Webber,,00:00:00,03:46.0,1970,
40198,Maria,"Claire Massie, Susie Fenwick, Margaret Preece & Lesley Garrett",,00:02.3,03:02.9,2006,
40199,"Cavalleria Rusticana: ""Easter Hymn""","Maria Callas & The Orchestra And Chorus La Scala, Milan",,00:17.1,03:45.7,2011,
40200,"Over the Rainbow (From ""The Wizard of Oz"")",Josh Groban,,00:21.4,04:11.3,2015,
40201,Day by Day,Anna Maria Perez de Taglé & Godspell (The New Broadway Cast Recording),,00:08.9,03:02.4,2011,
40202,Broadway Baby,"Jayne Houdyshell, Mary Beth Peil, Susan Watson & Don Correia",,00:05.4,03:17.0,2011,
40203,The Prophecy,Howard Shore,,00:00:00,03:37.4,2001,
40204,Ya Got Trouble,Hugh Jackman & The Music Man 2022 Company,,00:00:00,04:01.2,2022,
40205,Hosanna (Remastered 2005),"Steve Balsamo, ‘Jesus Christ Superstar’ 1996 London Cast, Peter Gallagher & Andrew Lloyd Webber",,00:02.1,02:49.5,1970,
40209,"Colonel Bogey - From The Film ""Bridge On The River Kwai""",London Festival Orchestra & Stanley Black,,00:00:00,04:31.4,1976,
40210,Seventy-Six Trombones,Hugh Jackman & The Music Man 2022 Company,,00:00:00,06:52.3,2022,
40211,Warsaw Concerto,"Jean-Yves Thibaudet, BBC Symphony Orchestra & Hugh Wolff",,00:00:00,08:46.1,1998,
40212,The Last Night of the World,Lea Salonga & Simon Bowman,,00:10.0,04:22.1,1990,
40213,Steppin' Out with My Baby / I'll Capture Your Heart,"Bryce Pinkham, Corbin Bleu, Megan Sikora & Holiday Inn Original Broadway Ensemble",,00:05.3,03:15.6,2017,
40214,Let's Take an Old-Fashioned Walk,Bryce Pinkham,,00:11.4,02:10.6,2017,
40215,Gethsemane (I Only Want to Say) [Remastered 2005],"Andrew Lloyd Webber, ‘Jesus Christ Superstar’ 1996 London Cast & Steve Balsamo",,00:06.2,05:21.2,1970,
40216,I Just Can't Wait To Be King,"Jason Weaver, Rowan Atkinson & Laura Williams",,00:24.4,02:45.9,1994,
40217,"Bibbidi-Bobbidi-Boo (From ""Cinderella"")",Verna Felton,,00:07.5,01:14.4,1966,
40218,Chim Chim Cher-ee (Live),Charlie Stemp & Zizi Strallen,,00:00:00,03:48.3,2020,
40219,There Is a Sucker Born Ev'ry Minute,Michael Crawford,,00:16.4,02:35.1,1981,
40220,56:00 Original Theatrical Trailer Music,"Moscow Symphony Orchestra, William Stromberg & Erich Wolfgang Korngold",,00:00:00,04:12.3,2015,
40223,Theme from Crossroads,The Tony Hatch Orchestra,,00:00:00,01:56.9,1962,
40224,"Left Bank Two (The Gallery Theme from ""Vision On"")",The Noveltones,,00:00:00,02:22.4,2009,
40225,Animal Magic,Group Forty Orchestra,,00:00:00,02:21.1,2013,
40226,Doctor Who - Original Theme,Tristram Cary,,00:00:00,01:20.5,2017,
40227,Doctor Who Theme (Album Version),Murray Gold,,00:00:00,02:27.4,1999,
40228,"Pop Looks Bach (From ""Ski Sunday Theme"")",London Music Works,,00:00:00,01:59.0,2008,
40229,ITN News Theme (Non Stop),Various Artists,,00:00:00,02:54.7,2010,
40230,Grandstand,Keith Mansfield,,00:00:00,02:22.4,1976,
40231,Wimbledon,Keith Mansfield,,00:00:00,01:30.2,1994,
40232,The Owl and the Pussycat,Elton Hayes,,00:06.6,02:09.4,2009,
40233,Teddy Bears' Picnic (feat. Val Rosing),Henry Hall,,00:05.3,02:49.3,2007,
40234,Nellie the Elephant,Mandy Miller,,00:04.4,02:26.7,2012,
40235,I Taut I Taw a Puddy Tat,Mel Blanc,,00:04.8,02:54.0,2006,
40236,Pick of the Pops (At the Sign of the Swingin' Cymbal),Brian Fahey And His Orchestra,,00:00:00,02:04.6,2013,
40237,The Waltons,Television's Greatest Hits Band,,00:00:00,01:00.4,2012,
40238,Little House on the Prairie,The Daniel Caine Orchestra,,00:00:00,02:51.9,2002,
40239,Downton Abbey - The Suite,The Chamber Orchestra of London,,00:00:00,06:59.6,2011,
40240,All Creatures Great and Small,Johnny Pearson,,00:00:00,02:00.8,2001,
40241,Sleepy Shores,Johnny Pearson,,00:00:00,03:00.3,1988,
40242,Terry and June,John Shakespeare,,00:00:00,00:59.0,1993,
40243,This Is Your Life,Laurie Johnson,,00:00:00,01:41.6,1990,
40244,The Adventures of Robinson Crusoe - Main Theme,Gian Piero Reverberi & Robert Mellin,,00:00:00,02:11.1,1995,
40245,Theme from the Persuaders,John Barry,,00:00:00,02:02.4,2010,
40246,Thunderbirds (Main Titles),Barry Gray,,00:00:00,01:29.0,2003,
40248,2026 NEW Showtime Promo,Andrew Fuller,,00:00:00,01:36.7,2026,
40250,The Lusty Month of May,Julie Andrews & Camelot Ensemble,,00:03.0,02:55.4,1960,
40251,Brush up Your Shakespeare,John Pankow & Lance Coadie Williams,,00:06.1,03:58.2,2019,
40252,Gimme Love,"Chita Rivera, Brent Carver, Keith McDaniel, Robert Montano, Dan O'Grady & Raymond Rodriguez",,00:00:00,03:58.4,1992,
40253,It's Today,Mame Soundtrack - Lucille Ball & Chorus,,00:11.4,03:19.6,2003,
40254,And I Am Telling You I'm Not Going,RILEY,,00:00:00,05:05.3,2017,
40255,Flash Bang Wallop (Live),"Charlie Stemp, Gerard Carey & The ""Half a Sixpence"" 2016 London Cast",,00:06.8,05:51.4,2016,
40256,"The Dance at the Gym: Blues, Promenade",Leonard Bernstein,,00:00:00,02:09.5,2021,
40257,The Dance at the Gym: Mambo,Leonard Bernstein,,00:00:00,03:09.9,2021,
40258,"The Dance at the Gym: Cha-Cha, Meeting Scene, Jump",Leonard Bernstein,,00:00:00,03:22.6,2021,
40260,"Who Wants to Be a Millionaire? (From ""High Society"")","Anna Jane Casey, John Wilson, Matthew Ford & The John Wilson Orchestra",,00:09.7,02:45.4,2014,
40261,How Are Things In Glocca Morra?,Fred Astaire & Petula Clark,,00:00:00,02:20.2,1968,
40262,54:36 The Throne Room and End Title,John Williams & London Symphony Orchestra,,00:00:00,05:23.6,1977,
40263,All That Jazz,Chita Rivera & Chicago Ensemble,,00:15.8,03:08.3,1975,
40264,It Takes Two,Sara Bareilles & Brian d'Arcy James,,00:00:00,02:45.8,2022,
40265,One Less Bell To Answer / A House Is Not A Home <Glee Cast Version> [feat. Kristin Chenoweth],Glee Cast,,00:22.1,04:30.7,2010,
40266,You Can't Stop the Beat,"Elijah Kelley, John Travolta, Queen Latifah, Nikki Blonsky, Zac Efron, Amanda Bynes & Motion Picture Cast of Hairspray",,00:11.3,05:20.3,2007,
40268,"Te Deum for Soloists, Chorus and Orchestra, H 146: Prélude. Rondeau",Les Musiciens du Louvre & Marc Minkowski,,01:13.9,01:13.9,1997,
40269,Swing Time: V. Bojangles of Harlem (Lyrics Dorothy Fields),"The Ambrosian Singers, John McGlinn & National Philharmonic Orchestra",,01:04.7,06:06.4,1995,
40270,Shape of a Woman,Lady Gaga,,00:16.2,03:24.6,2026,
40271,Renaissance (Main Title Theme) [Extended Version] [from “The White Lotus: Season 2”],Cristobal Tapia De Veer,,00:00:00,04:21.1,2022,
40272,"It's a Fine Life (Nancy, Bet, Fagin, Fagin's Gang) [Live]","Shanay Holmes, Isabelle Methven, Simon Lipkin & Fagin's Gang",,00:00:00,03:50.1,2024,
40273,"Quiet Please, There's a Lady On Stage","Hugh Jackman, Patrick Vaccariello, Isabel Keating & Various Artists",,00:01.1,04:03.7,2003,
40274,Hundreds of Girls,Mack & Bathing Beauties,,00:02.5,05:32.3,1995,
40275,There Is Nothin' Like a Dame,Danny Burstein,,00:14.1,03:51.4,2008,
40276,"Wonderful Town, Act II: No. 15. Swing!","Sir Simon Rattle, London Symphony Orchestra, Andrew Keelan, Jane Quinn, London Symphony Chorus, Kevin Brewis, Sophia Foroughi & Alysha Umphress",,00:00:00,05:16.8,2018,
40277,That Face,"Mel Brooks, Original Motion Picture Soundtrack, Matthew Broderick, Uma Thurman & Orchestra",,00:00:00,04:12.4,2004,
40278,You'll Think of Someone,Kristin Chenoweth & Sean Hayes,,00:07.5,02:16.3,2010,
40279,"Puttin' On the Ritz (feat. John Scott Trotter) [From ""Blue Skies""]",Fred Astaire,,00:14.2,02:09.9,2006,
40280,A Wonderful Day Like Today,The Roar of the Greasepaint - The Smell of the Crowd Ensemble & Cyril Ritchard,,00:00:00,02:08.7,1990,
40281,Overture,Gigi New Broadway Company Orchestra,,00:00:00,02:15.9,2015,
40284,Overture,Orchestra,,00:00:00,03:56.3,1968,
40285,"Everything's Coming Up Roses (from ""Gypsy"")","Ethel Merman, Milton Rosenstock & Gypsy Original Broadway Cast Orchestra",,00:02.4,03:02.9,1959,
40286,Sunflower,Original London Cast,,00:00:00,03:46.6,1960,
40287,Pirelli's Miracle Elixir,"Gaten Matarazzo, Josh Groban, Annaleigh Ashford, Sweeney Todd 2023 Broadway Company & Stephen Sondheim",,00:04.4,03:59.2,2023,
40288,Primrose,Roma Beaumont & Ivor Novello,,00:07.3,02:34.8,2009,
40289,Edelweiss <1965 Original Soundtrack Version>,"Julie Andrews, Bill Lee, Charmian Carr, Nicholas Hammond, Heather Menzies, Duane Chase, Angela Cartwright, Debbie Turner, Kym Karath & Irwin Kostal",,00:08.5,01:47.4,2023,
40290,Les Miserables - Arranged By David Hamilton: Stars,"Paul Daniel, Swedish Radio Symphony Orchestra & Bryn Terfel",,00:07.2,02:57.9,2009,
40291,Grow For Me,"Rick Moranis, Michelle Weeks, Tichina Arnold & Tisha Campbell",,00:20.7,02:20.8,1986,
40292,"Wonderful Town, Act I: No. 12. Conga!","Sir Simon Rattle, Kevin Brewis, London Symphony Chorus, Alysha Umphress & London Symphony Orchestra",,00:00:00,03:38.6,2018,
40293,The Heather on the Hill,Patrick Wilson & Kelli O'Hara,,00:10.2,03:21.6,2017,
40294,The Pirates of Penzance: I Am the Model of a Modern Major General,"Peter Pratt, D'Oyle Carte Orchestra, D'Oyle Carte Chorus & Isidore Godfrey",,00:16.1,02:44.0,1981,
40295,House of Flowers,Diahann Carroll & Rawn Spearman,,00:08.6,03:13.0,1955,
40296,Bugsy Malone,Paul Williams,,00:06.4,02:26.0,1976,
40297,Fat Sam's Grand Slam,Paul Williams,,00:05.5,01:41.9,1976,
40299,Flowers,Eva Noblezada,,00:23.7,03:24.4,2019,
40300,The Yellow Rose of Texas,Mitch Miller,,00:20.4,02:53.3,1990,
40301,We All Wear a Green Carnation,"Clive Walton, David Kinder, Michael Chance & Tom Griffin",,00:08.3,04:12.1,1999,
40303,Star Wars (Main Theme),John Williams & London Symphony Orchestra,,00:00:00,05:34.1,1980,
40304,Forrest Gump Suite,Alan Silvestri,,00:00:00,08:26.6,2001,
40305,Dreamgirls,"Beyoncé, Anika Noni Rose & Jennifer Hudson",,00:03.6,03:16.4,2006,
40306,Blowin' in the Wind,Timothée Chalamet & Monica Barbaro,,00:10.8,02:44.3,2024,
40307,Another Day of Sun,La La Land Cast,,00:15.2,03:44.1,2016,
40308,On Golden Pond (Main Theme),Dave Grusin,,00:00:00,03:33.2,1982,
40309,Wallace & Gromit: Vengeance Most Fowl,Lorne Balfe & Julian Nott,,00:00:00,03:04.9,2024,
40310,Prologue,John Williams,,00:00:00,02:05.8,1992,
40311,Defying Gravity (feat. Ariana Grande),Cynthia Erivo,,00:00:00,07:29.9,2024,
40312,Prelude / Main Title March,John Williams & London Symphony Orchestra,,00:00:00,05:21.7,1978,
40313,Main Titles (You've Been Called Back to Top Gun),"Lorne Balfe, Harold Faltermeyer, Lady Gaga & Hans Zimmer",,00:00:00,02:18.6,2022,
40314,The James Bond Theme,John Barry,,00:00:00,02:45.0,1976,
40315,"Theme from Now, Voyager (1942)","John Williams, Itzhak Perlman & Boston Pops Orchestra",,00:00:00,04:44.9,1997,
40316,"Gonna Fly Now (Theme From ""Rocky"")",Bill Conti,,00:00:00,02:44.2,1977,
40317,Back To the Future,The Outatime Orchestra,,00:00:00,03:10.1,1985,
40318,The John Dunbar Theme,John Barry,,00:00:00,02:13.7,1990,
40319,Chariots of Fire (Titles),Vangelis,,00:27.1,03:21.9,1981,
40321,June Is Bustin' Out All Over,Renée Fleming & 'Carousel' 2018 Broadway Cast,,00:43.8,06:41.8,2018,
40322,Mad Dogs and Englishmen,Nöel Coward,,00:07.5,02:48.1,2002,
40323,Try to Remember,Jerry Orbach,,00:10.4,02:40.9,2000,
40324,The Pajama Game: Hernando's Hideaway,Carol Haney & The Pajama Game Ensemble,,00:08.4,03:29.7,1954,
40325,There's a Small Hotel,Bobby Van & Kay Coulter,,00:12.5,03:32.9,1954,
40326,On Your Toes,"Kay Coulter, Bobby Van & Joshua Shelley",,00:00:00,02:36.9,1954,
40328,"11.  No, No, Nanette",Original Broadway Cast_ Tea for Two,,00:12.6,04:30.7,,
40329,Luck Be a Lady,"Andrew Richardson, Simon Anthony, Callum Bell, Jordan Castle, Ike Fallon, Leslie Garcia Bowman, George Ioannides, Cameron Johnson, Daniel Mays, Robbie McMillan, Cedric Neal, Mark Oxtoby, Perry O'Dea, Dale White, Frank Loesser & Ryan Pidgen",,00:00:00,03:23.8,2023,
40330,With One Look,"Glenn Close, Original Broadway Cast Of Sunset Boulevard & Andrew Lloyd Webber",,00:14.7,03:09.1,1994,
40331,The Lambeth Walk,Robert Lindsay & Maryann Plunkett,,00:00:00,04:15.0,1986,
40338,Overture & Zing Went The Strings Of My Heart,Judy Garland,,00:00:00,08:15.4,1961,
40339,Yes (Live),Liza Minnelli,,00:09.9,03:13.1,1972,
40340,"If My Friends Could See Me Now (Live On The Ed Sullivan Show, March 5, 1967)",Gwen Verdon,,00:06.6,05:58.7,2021,
40341,The Lady Is a Tramp (Live at Talk of the Town),Shirley Bassey,,00:06.0,03:39.9,2024,
40342,Its Not Where You Start / It's Better With a Band,Barbara Cook,,00:04.2,07:35.6,1981,
40343,"Happy Days Are Here Again (Live at the Bon Soir, Greenwich Village, NYC - Nov. 5, 1962)",Barbra Streisand,,00:18.8,03:16.1,2022,
40344,The Ladies Who Lunch (From Company),Dame Edna Everage,,00:04.7,07:47.0,1999,
40345,Broadway Baby,Elaine Stritch,,00:00:00,03:36.1,2002,
40346,Don't Cry for Me Argentina (Live),Elaine Paige,,00:47.4,05:46.9,2009,
40347,Send In the Clowns (Live),Judi Dench,,00:36.2,04:20.6,2023,
40348,You Could Drive a Person Crazy (Company),"Lea Salonga, Maria Friedman, Millicent Martin & Ruthie Henshall",,00:00:00,02:36.7,1998,
40349,Not a Day Goes By (Live),Bernadette Peters,,00:09.7,04:05.0,1997,
40350,"The Party's Over (Audience Applause) [Live at the Royal Albert Hall, 1973]",Shirley Bassey,,00:07.8,05:02.6,2025,
40353,The Ragtime Symphonic Suite (Bonus Track),Ragtime Orchestra & David Loud,,00:00:00,08:13.3,1990,
40354,With One Look,"Glenn Close, Original Broadway Cast Of Sunset Boulevard & Andrew Lloyd Webber",,00:14.3,03:09.1,1994,
40355,Luck Be a Lady,"Andrew Richardson, Simon Anthony, Callum Bell, Jordan Castle, Ike Fallon, Leslie Garcia Bowman, George Ioannides, Cameron Johnson, Daniel Mays, Robbie McMillan, Cedric Neal, Mark Oxtoby, Perry O'Dea, Dale White, Frank Loesser & Ryan Pidgen",,00:00:00,03:23.8,2023,
40356,"Love, Look Away (Original Cast Recording)",Arabella Hong & Salvatore Dell'Isola,,00:00:00,03:27.0,1961,
40357,Everybody Wants To Be Sondheim,Guy Haines,,00:04.4,02:54.6,1996,
40358,It's Easy to Sing,"Adam Bareham, Christina Matthews & Osmund Bullock",,00:00:00,02:59.0,1982,
40359,I Could Have Danced All Night,Julie Andrews & Philippa Bevans,,00:01.5,03:26.9,1956,
40360,"Tom, Dick or Harry","Ann Miller, Bob Fosse, Bobby Van & Tommy Rall",,00:08.8,04:10.9,1953,
40361,"The Codependency Duet: Nobody Does It Like Me (From ""Seesaw"") / You Can Always Count On Me (From ""City Of Angels"")",Randy Graff,,00:10.8,03:25.2,1996,
40362,The Pajama Game: Once-A-Year Day!,"John Raitt, Janis Paige & The Pajama Game Ensemble",,00:04.9,03:15.6,1954,
40363,Allegro: a Fellow Needs a Girl,"Paul Daniel, English Northern Philharmonia & Bryn Terfel",,00:05.1,01:35.4,1996,
40364,Brigadoon / Vendors' Calls / MacConnachy Square,'Brigadoon' 2017 New York City Center Ensemble,,00:00:00,05:25.7,2017,
40365,Jolly Holiday,Dick Van Dyke & Julie Andrews,,00:04.4,05:19.8,1964,
40366,Don't Be the Bunny,"John Cullum, Jennifer Laura Thompson, David Beach, John Deyle, Daniel Marcus, Jeff McCarthy & Nancy Opel",,00:03.9,02:58.1,1990,
40367,Welcome To the 60's,"Nikki Blonsky, John Travolta & Motion Picture Cast of Hairspray",,00:00:00,05:10.1,2007,
40368,Nine to Five,"Allison Janney, Charlie Pollock, Ensemble, Megan Hilty & Stephanie J. Block",,00:41.1,04:48.3,2009,
40370,There's Nothing Like a Show on Broadway,"Mel Brooks, Nathan Lane & Matthew Broderick",,00:00:00,03:38.2,2004,
40371,Battle of the Stars: Papa Was a Rolling Stone (Prologue) / I Can't Help Myself (Sugar Pie Honey Bunch) / Ain't Too Proud To Beg / Baby I Need Your Loving / I Can't Get Next To You / Reach Out I'll Be There / (I Know) I'm Losing You,The Original Broadway Cast of Motown the Musical,,00:00:00,04:11.9,2013,
40372,I’ve Arrived,"The Original Cast of 'Paddington The Musical', Delilah Bennett-Cardy, Adrian Der Gregorian, James Hameed, Amy Ellen Richardson & Jasper Rowse",,00:00:00,07:06.9,2026,
40373,Buenos Aires,Rachel Zegler & Diego Andres Rodriguez,,00:00:00,05:03.1,2025,
40374,"I Knew It, I Knew You (From ""Toy Story 5"")",Taylor Swift,,00:00:00,02:51.2,2026,
40375,A Musical,"Brad Oscar, Brian d'Arcy James & 'Something Rotten' Ensemble",,00:00:00,07:43.7,2015,
40376,The Worst Pies In London,Helena Bonham Carter,,00:00:00,02:19.8,2007,
40377,Cell Block Tango,"Catherine Zeta-Jones, Susan Misner, Deidre Goodwin, Denise Faye, Ekaterina Chtchelkanova, Mya Harrison & Taye Diggs",,00:00:00,07:18.2,2002,
40378,"Tell Me on a Sunday (From ""Song and Dance"")","Renée Fleming, BBC Concert Orchestra & Rob Fisher",,00:00:00,04:03.2,2018,
40379,Mah Na Mah Na,Mahna Mahna and The Two Snowths,,00:00:00,02:02.7,1968,
40381,Holding Out for a Hero,Bonnie Tyler,,00:19.7,05:35.5,1984,
40382,Sweet Transvestite (2015 Remastered),Tim Curry & The Rocky Horror Picture Show,,00:02.8,03:18.9,1975,
40383,Overture,Oklahoma! 1998 National Theatre Cast Recording Orchestra,,00:00:00,04:07.7,1998,
40384,70  Girls  70,"Brian Greene, Dora Bryan, Len Howe & Pip Hinton",,00:06.8,03:32.7,2003,
40385,I'm Gonna Wash That Man Right Outa My Hair,Mitzi Gaynor & The Ken Darby Singers,,00:05.2,02:51.4,1958,
40386,"Stereophonic Sound (From ""Silk Stockings"")","Anna Jane Casey, John Wilson, Matthew Ford & The John Wilson Orchestra",,00:01.8,04:00.5,2014,
40387,Seventy Six Trombones,Robert Preston & Barbara Cook,,00:00:00,02:58.0,1958,
40388,"Flash, Bang, Wallop!",Tommy Steele,,00:03.7,02:16.6,1999,
40389,Heigh-Ho,"Jeremy Swift, George Salazar, Disney, Jason Kravits, Tituss Burgess, Martin Klebba & Andy Grotelueschen",,00:00:00,03:42.4,2025,
40390,Get Me to the Church On Time,"Stanley Holloway, Gordon Dilworth & Rod McLennan",,00:02.7,02:39.7,1956,
40391,"Bosom Buddies (From ""Mame"")",Lucille Ball & Bea Arthur,,00:02.4,04:04.5,2011,
40392,You've Got To Pick a Pocket Or Two,Jonathan Pryce,,00:00:00,03:02.1,1995,
40394,We Both Reached For The Gun,"Christine Baranski, Cleve Asbury, Shaun Amyot, Rick Negron & Taye Diggs",,00:02.3,03:55.7,2002,
40395,"Gee, Officer Krupke","Kevin Csolak, John Michael Fiumara, Jess LeProtto, Ben Cook, Kyle Allen, Myles Erlick & Patrick Higgins",,00:00:00,04:13.7,2021,
40396,You Can't Stop the Beat,"Elijah Kelley, John Travolta, Queen Latifah, Nikki Blonsky, Zac Efron, Amanda Bynes & Motion Picture Cast of Hairspray",,00:11.4,05:20.3,2007,
40397,State Fair 1945: It's a Grand Night For Singing,1945 Film Cast,,00:41.5,03:34.6,1945,
40398,Paris Is Paris Again,"Howard McGillin, Steffanie Leigh & Gigi New Broadway Cast Ensemble",,00:08.7,03:40.5,2015,
40399,Waltz for a Ball,Orchestra & Ensemble,,01:53.9,03:40.6,1957,
40400,MOVIE FANFARE IDENTS,RH SHOWTIME,,00:00:00,01:12.1,,
40402,Overture,"The ""Crazy For You"" 1993 London Orchestra",,00:00:00,03:33.9,1985,
40403,"Together, Wherever We Go","Audra McDonald, Danny Burstein & Joy Woods",,00:00:00,04:07.9,2025,
40404,I'd Rather Be Me,Barrett Wilbert Weed & Original Broadway Cast of Mean Girls,,00:00:00,02:46.9,2018,
40405,Miranda Girl (feat. Georgie Buckland),The Devil Wears Prada Original West End Cast,,00:00:00,03:29.8,2025,
40406,Sunday (Finale),Sunday In The Park With George 2017 Broadway Company,,00:00:00,04:03.1,2017,
40407,On a Clear Day (Reprise),Barbra Streisand & Yves Montand,,00:00:00,04:46.0,1970,
40408,When The Sun Goes Down,Corey Hawkins & Leslie Grace,,00:00:00,02:41.4,2021,
40409,I Went To a Marvellous Party,Patricia Routledge,,00:00:00,03:55.7,1972,
40410,And I Am Telling You I'm Not Going (Highlights Version),Jennifer Hudson,,00:00:00,04:40.1,2006,
40411,A Whole New World,Mena Massoud & Naomi Scott,,00:00:00,02:39.0,2019,
40412,Climb Ev'ry Mountain,Peggy Wood,,00:00:00,02:35.3,1965,
40413,"Honey, Honey","Amanda Seyfried, Ashley Lilley & Rachel McDowall",,00:00:00,02:58.5,2008,
40414,Whistle While You Work,"Rachel Zegler, Jason Kravits, George Salazar, Jeff Morrow, Andy Grotelueschen, Tituss Burgess, Martin Klebba & Jeremy Swift",,00:00:00,02:58.7,2025,
40415,Yes Sir I Can Boogie,Chiwetel Ejiofor,,00:00:00,04:09.7,2005,
40416,Take Back Your Mink,Brian Greene & Emily Loesser,,00:00:00,04:38.0,1996,
40417,You're Welcome,Dwayne Johnson,,00:00:00,02:40.2,2016,
40418,"Overture ""Fade Out Fade In""",Penbrook Davenport,,00:00:00,05:03.3,2003,
40419,Dancin' Fool,"Gary Wilmot & The ""Copacabana"" Ensemble",,00:03.1,03:20.4,1993,
40420,Catch Me If You Can,John Williams,,00:00:00,02:36.1,2002,
40421,The Girl In 14-G,"Kristin Chenoweth, Robert Fisher & The Coffee Club Orchestra",,00:04.0,04:00.1,2001,
40422,Leave The Light On,Ryan Vasquez & Original Broadway Cast of The Notebook,,00:13.0,03:50.3,2024,
40423,This Was a Real Nice Clambake,Jan Clayton & Eric Mattson,,00:04.1,02:21.8,2010,
40424,I'm Outta Here,Cast of Ghost - The Musical,,00:06.0,04:09.7,2011,
40425,Magic to Do,Patina Miller & The Players,,00:53.6,04:30.3,2013,
40426,Naughty,Matilda the Musical Original Cast,,00:01.6,03:58.5,2011,
40427,What I Did for Love,Priscilla Lopez & A Chorus Line Ensemble,,00:05.4,03:41.1,1946,
40428,Strike Up the Band,George Gershwin & Ira Gershwin,,00:04.2,03:18.9,1991,
40429,Carrying the Banner,Jeremy Jordan & Newsies Original Broadway Cast,,00:00:00,05:03.7,2012,
40430,Overture,George Gershwin & Ira Gershwin,,00:00:00,05:54.9,1991,
40431,Fascinating Rhythm,Tommy Tune & Lady Be Good 2015 Encores! Cast,,00:00:00,04:04.4,2015,
40432,The Rumble,Leonard Bernstein,,00:00:00,02:48.4,2021,
40433,Open a New Window,Mame Soundtrack - Lucille Ball & Kirby Furlong,,00:00:00,03:13.7,2003,
40434,Wonderful,Joel Grey & Idina Menzel,,00:00:00,04:53.7,2003,
40435,Guys and Dolls,"Frank Sinatra, Johnny Silver & Stubby Kaye",,00:00:00,03:13.4,2008,
40436,What a Swell Party This Is,High Society - Original UK Cast,,00:00:00,03:57.3,1996,
40437,True Love,High Society - Original UK Cast,,00:00:00,03:07.5,1996,
40438,Nowadays / Hot Honey Rag,"Renée Zellweger, Catherine Zeta-Jones & Taye Diggs",,00:00:00,03:24.4,2002,
40439,The Hot Dog Song,Helene Yorke,,00:00:00,03:29.6,2014,
40440,I Got Rhythm,"Max von Essen, Brandon Uranowitz & Robert Fairchild",,00:00:00,04:53.2,2015,
40441,Transformations,Alan Menken,,00:00:00,03:45.8,2017,
41250,Listening to the 60s JB Brendan Jingle,,,00:00:00,00:09.8,,
41251,Remember this 60s classic Brendon Jingle,,,00:00:00,00:04.5,,
41252,You're tuned to the 70s jb Brendan Jingle,,,00:00:00,00:12.7,,
41253,You're listening to the 60s JB no2 Brendon,,,00:00:00,00:08.1,,
41254,Remember this 60s classic no2 Brendan Jingle,,,00:00:00,00:05.9,,
41255,You're tuned to 70s JB Brendan Jingle,,,00:00:00,00:07.5,,
41256,You're listening to the 60s JB Dry Jingle Brendan,,,00:00:00,00:07.6,,
41257,Remember this 60s classic Dry jingle Brendan,,,00:00:00,00:02.8,,
41258,You're tuned to the 70s JB Dry jingle Brendan,,,00:00:00,00:07.5,,
41260,Sunday Detox Tune In Dry Jingle,,,00:00:00,00:06.9,,
41261,Sunday Detox Tune In Jingle Full,,,00:00:00,00:07.6,,
41262,Sunday Detox Tune In Sweeper whoosh Jingle,,,00:00:00,00:07.5,,
41263,Back to the 80s Jingle version 2,,,00:00:00,00:06.9,,
41264,Back to the 80s Main Jingle,,,00:00:00,00:19.2,,
41265,Back to the 80s Dry,,,00:00:00,00:05.8,,
41271,Saturday Brunch Stinger 1,,,00:00:00,00:02.3,,
41272,Neil Crossland Interview Radio Harrow 07,"08, 26",,00:00:00,20:23.8,,
41273,Running Low,Lauren Moon,,00:06.1,04:08.2,,
41274,Sexy Boy,Air,,00:00:00,04:53.7,1997,
41275,Running With The Wolves,Aurora,,00:00:00,03:08.3,2016,
41276,Black Cherry,Goldfrapp,,00:00:00,04:37.4,,
41277,Only Love,Various Artists,,00:00:00,04:21.7,1985,
41278,Marlene on the Wall,Suzanne Vega,,00:00:00,03:34.9,1985,
41279,Rainy Days and Mondays,Various Artists,,00:00:00,05:32.2,,
41280,05 And So It Goes,,,00:00:00,04:27.3,,
41281,Asylum <7 edit>,The Orb,,00:00:00,03:46.5,1997,
41286,Forget That Girl,The Monkees,,00:00:00,02:15.9,1967,
41287,Maybe I'm Amazed,Paul McCartney,,00:00:00,03:41.1,,
41288,If Everybody Looked the Same,Groove Armada,,00:00:00,03:33.8,1999,
41289,08 Adagio for Strings,,,00:00:00,06:36.1,,
41290,Empty Beaches,Various Artists,,00:00:00,05:43.2,,
41291,09 Year of the Cat,,,00:00:00,06:19.9,,
41292,To Be Free,Various Artists,,00:00:00,03:20.2,1995,
41293,Sometime in the Morning,The Monkees,,00:00:00,02:23.8,1968,
41294,Dolly Tribute Edited Brian Seger,,,00:00:00,02:06.8,,
41301,On Horseback,,,00:00:00,03:21.1,,
41302,The Path to Somewhere,Søren Bebe Trio,,00:00:00,03:11.1,,
41303,01 The Sea,,,00:00:00,05:47.8,,
